DATE;TIME;OPEN;HIGH;LOW;CLOSE;TICKVOL;VOL;SPREAD
2026.04.15;12:10:00;210000;210000;210000;210000;4;50;5
2026.04.15;13:05:00;209685;209685;209685;209685;1;1;5
2026.04.15;13:10:00;209700;209700;209700;209700;1;1;5
2026.04.15;13:20:00;209750;209750;209750;209750;1;1;5
2026.04.15;15:05:00;209800;209900;209800;209900;3;3;5
2026.04.15;15:35:00;210140;210140;210140;210140;1;1;5
2026.04.15;15:40:00;210250;210250;210250;210250;1;1;5
2026.04.15;15:55:00;210250;210250;210250;210250;1;1;5
2026.04.16;09:05:00;210230;210630;210230;210630;2;2;5
2026.04.16;10:05:00;210430;210430;210430;210430;1;1;5
2026.04.16;10:50:00;210230;210230;210230;210230;1;1;5
2026.04.16;11:15:00;209700;209765;209700;209765;2;2;5
2026.04.16;12:10:00;209565;209565;209565;209565;1;1;5
2026.04.16;14:05:00;209460;209460;209460;209460;1;1;5
2026.04.16;17:25:00;208875;208875;208875;208875;1;1;5
2026.04.17;09:00:00;209630;209630;209630;209630;1;1;5
2026.04.17;09:25:00;210020;210020;210020;210020;1;1;5
2026.04.17;09:50:00;210825;210825;210825;210825;1;1;5
2026.04.17;10:05:00;211560;211560;211560;211560;1;1;5
2026.04.17;10:15:00;210860;210860;210860;210860;1;1;5
2026.04.17;10:30:00;210190;210190;210190;210190;1;1;5
2026.04.17;10:35:00;210050;210050;210050;210050;1;1;5
2026.04.17;10:55:00;209850;209850;209850;209850;1;1;5
2026.04.17;11:35:00;209130;209130;208785;208785;2;2;5
2026.04.17;11:50:00;208315;208315;208000;208000;5;5;5
2026.04.20;09:00:00;208100;208100;208000;208000;3;3;5
2026.04.20;09:40:00;208625;208735;208625;208735;2;12;5
2026.04.20;11:00:00;207935;207935;207935;207935;1;2;5
2026.04.20;12:15:00;208115;208115;208115;208115;1;1;5
2026.04.20;18:15:00;208355;208745;208355;208745;2;2;5
2026.04.22;09:10:00;207500;207600;207500;207600;3;3;5
2026.04.22;09:25:00;207800;207800;207700;207700;2;2;5
2026.04.22;10:05:00;207500;207650;207500;207650;2;2;5
2026.04.22;10:15:00;207700;207700;207700;207700;1;1;5
2026.04.22;10:20:00;207750;207850;207750;207850;3;3;5
2026.04.22;10:35:00;207140;207140;207140;207140;1;1;5
2026.04.22;10:50:00;207200;207200;207100;207100;3;3;5
2026.04.22;10:55:00;207000;207000;206900;206900;2;2;5
2026.04.22;11:35:00;205890;205890;205890;205890;1;1;5
2026.04.22;11:45:00;205845;205845;205845;205845;1;1;5
2026.04.22;12:30:00;205620;205620;205620;205620;1;1;5
2026.04.22;13:20:00;205275;205275;205275;205275;1;1;5
2026.04.22;13:25:00;205200;205260;205150;205165;6;9;5
2026.04.22;13:30:00;205100;205100;204900;204900;4;4;5
2026.04.22;14:25:00;205085;205245;205085;205245;2;2;5
2026.04.22;14:30:00;205255;205305;205200;205200;5;5;5
2026.04.22;14:35:00;205110;205110;205000;205000;5;5;5
2026.04.22;14:40:00;205015;205015;204900;204960;9;9;5
2026.04.22;14:45:00;204975;204975;204970;204970;2;2;5
2026.04.22;18:10:00;204900;204990;204900;204990;2;2;5
2026.04.22;18:15:00;204745;204745;204285;204285;2;2;5
2026.04.23;10:15:00;205000;205000;205000;205000;1;1;5
2026.04.23;14:15:00;203735;203735;203605;203605;2;2;5
2026.04.24;10:30:00;202000;202000;202000;202000;1;1;5
2026.04.24;11:50:00;201860;201860;201860;201860;1;3;5
2026.04.24;11:55:00;202060;202200;202060;202200;2;2;5
2026.04.24;12:35:00;201670;201755;201670;201755;2;2;5
2026.04.24;12:40:00;201720;201820;201720;201820;2;2;5
2026.04.24;12:45:00;202165;202165;202165;202165;1;1;5
2026.04.24;13:10:00;202190;202190;202190;202190;1;1;5
2026.04.24;14:25:00;201990;201990;201990;201990;1;1;5
2026.04.24;15:05:00;202380;202405;202380;202405;2;2;5
2026.04.24;15:10:00;202375;202390;202320;202320;3;8;5
2026.04.24;15:45:00;202610;202610;202610;202610;1;1;5
2026.04.24;16:30:00;202515;203570;202515;203570;10;46;5
2026.04.24;16:55:00;202500;202500;202500;202500;1;1;5
2026.04.24;17:10:00;202770;202900;202770;202900;3;3;5
2026.04.27;09:00:00;202950;203410;202950;203410;3;13;5
2026.04.27;10:35:00;202470;202470;202470;202470;1;1;5
2026.04.27;10:45:00;202500;202500;202470;202500;7;105;5
2026.04.27;10:50:00;201970;201970;201910;201910;17;205;5
2026.04.27;11:10:00;202980;202980;202980;202980;1;1;5
2026.04.27;11:55:00;201890;201890;201890;201890;1;11;5
2026.04.27;14:05:00;201500;201500;201500;201500;1;1;5
2026.04.27;17:00:00;200950;201100;200950;201100;2;2;5
2026.04.27;17:20:00;201300;201300;201300;201300;1;1;5
2026.04.27;18:05:00;200800;200925;200745;200925;5;35;5
2026.04.28;09:00:00;200265;200265;200265;200265;1;1;5
2026.04.28;09:50:00;199705;199705;199705;199705;1;1;5
2026.04.28;10:30:00;199265;199320;199265;199320;3;35;5
2026.04.28;10:35:00;199495;199495;199495;199495;5;13;5
2026.04.28;10:40:00;199495;199500;199495;199500;5;8;5
2026.04.28;10:45:00;199700;199700;199685;199685;6;15;5
2026.04.28;11:25:00;199250;199250;199250;199250;1;1;5
2026.04.28;11:30:00;199105;199105;199105;199105;1;9;5
2026.04.28;12:15:00;199500;199500;199500;199500;1;1;5
2026.04.28;12:50:00;199990;199990;199990;199990;1;10;5
2026.04.28;13:40:00;199675;199675;199675;199675;1;1;5
2026.04.28;13:50:00;199990;199990;199990;199990;4;5;5
2026.04.28;13:55:00;200065;200065;200065;200065;1;1;5
2026.04.28;14:00:00;199985;199985;199975;199975;2;4;5
2026.04.28;14:05:00;199965;199965;199965;199965;1;2;5
2026.04.28;14:55:00;200140;200140;200140;200140;1;1;5
2026.04.28;15:30:00;200035;200035;200035;200035;3;11;5
2026.04.28;18:15:00;199800;199800;199800;199800;2;2;5
2026.04.29;09:35:00;199095;199095;199095;199095;4;60;5
2026.04.29;09:40:00;198895;198895;198895;198895;1;1;5
2026.04.29;10:05:00;198740;198740;198450;198450;4;21;5
2026.04.29;10:10:00;198465;198465;198465;198465;1;20;5
2026.04.29;10:25:00;198215;198215;198190;198190;3;3;5
2026.04.29;10:30:00;198325;198400;198200;198200;6;6;5
2026.04.29;10:35:00;198220;198220;198220;198220;4;4;5
2026.04.29;10:40:00;198220;198220;198220;198220;2;3;5
2026.04.29;10:45:00;197820;197825;197545;197545;5;26;5
2026.04.29;10:50:00;197700;197700;197700;197700;1;1;5
2026.04.29;10:55:00;197715;197715;197600;197600;2;3;5
2026.04.29;11:00:00;197500;197500;197325;197450;4;4;5
2026.04.29;11:05:00;197600;197600;197400;197400;4;4;5
2026.04.29;11:15:00;197650;197650;197650;197650;1;20;5
2026.04.29;12:10:00;197400;197400;197400;197400;1;5;5
2026.04.29;12:15:00;197600;197600;197600;197600;1;2;5
2026.04.29;12:50:00;197000;197000;197000;197000;1;1;5
2026.04.29;15:40:00;196000;196000;196000;196000;1;1;5
2026.04.29;15:50:00;196000;196000;196000;196000;1;20;5
2026.04.29;16:00:00;196000;196000;196000;196000;1;1;5
2026.04.29;16:10:00;195995;196100;195995;196100;2;2;5
2026.04.29;16:50:00;195600;195600;195600;195600;1;5;5
2026.04.29;17:00:00;195600;195600;195600;195600;1;3;5
2026.04.29;17:10:00;195470;195470;195470;195470;1;1;5
2026.04.29;17:15:00;195325;195325;195325;195325;2;10;5
2026.04.29;17:25:00;195400;195400;195400;195400;1;1;5
2026.04.29;17:35:00;195075;195075;195020;195020;2;10;5
2026.04.29;17:40:00;195140;195190;195115;195125;4;26;5
2026.04.29;17:45:00;195200;195200;195150;195150;2;6;5
2026.04.29;17:50:00;195200;195200;195200;195200;1;1;5
2026.04.29;18:00:00;195100;195100;195100;195100;1;5;5
2026.04.29;18:05:00;195050;195050;195050;195050;1;5;5
2026.04.29;18:10:00;195050;195050;195000;195000;2;8;5
2026.04.30;09:00:00;195935;196625;195935;196625;3;3;5
2026.04.30;09:05:00;196765;197000;196765;197000;2;2;5
2026.04.30;09:10:00;197110;197110;197110;197110;1;1;5
2026.04.30;09:50:00;196970;196970;196970;196970;3;50;5
2026.04.30;09:55:00;197000;197000;197000;197000;1;1;5
2026.04.30;10:20:00;197250;197250;197150;197150;2;9;5
2026.04.30;10:30:00;197610;197610;197610;197610;1;5;5
2026.04.30;10:55:00;197830;197830;197830;197830;1;1;5
2026.04.30;11:00:00;197610;197610;197610;197610;1;1;5
2026.04.30;11:20:00;197800;197800;197800;197800;1;1;5
2026.04.30;11:25:00;198000;198000;197995;197995;2;2;5
2026.04.30;11:45:00;197880;198480;197880;198480;4;4;5
2026.04.30;12:45:00;197890;197890;197890;197890;1;1;5
2026.04.30;13:35:00;198120;198120;198120;198120;1;1;5
2026.04.30;14:25:00;198150;198150;198100;198100;2;2;5
2026.04.30;14:45:00;198380;198380;198380;198380;2;50;5
2026.04.30;14:50:00;198390;198390;198390;198390;2;50;5
2026.04.30;14:55:00;198260;198260;198260;198260;1;1;5
2026.04.30;15:10:00;198360;198360;198360;198360;1;1;5
2026.04.30;15:15:00;198375;198400;198375;198400;3;3;5
2026.04.30;15:20:00;198500;198500;198400;198450;3;3;5
2026.04.30;15:25:00;198600;198600;198335;198335;5;7;5
2026.04.30;15:30:00;198370;198370;198370;198370;2;8;5
2026.04.30;16:25:00;198850;198850;198850;198850;1;1;5
2026.04.30;17:25:00;198255;198255;198250;198250;2;2;5
2026.04.30;17:30:00;198100;198100;198045;198045;2;11;5
2026.04.30;17:35:00;198100;198300;198100;198300;2;2;5
2026.05.04;09:05:00;198000;198000;198000;198000;1;1;5
2026.05.04;09:15:00;198500;198500;198500;198500;1;1;5
2026.05.04;09:30:00;198250;198250;198250;198250;1;1;5
2026.05.04;09:40:00;198060;198060;198060;198060;1;25;5
2026.05.04;10:40:00;198500;198500;198500;198500;1;1;5
2026.05.04;10:50:00;198250;198250;198250;198250;1;1;5
2026.05.04;12:10:00;197800;197800;197800;197800;1;1;5
2026.05.04;12:15:00;197420;197420;197420;197420;1;1;5
2026.05.04;12:20:00;197060;197060;197060;197060;1;1;5
2026.05.04;12:25:00;197110;197160;197110;197160;2;2;5
2026.05.04;12:30:00;197060;197060;197060;197060;1;1;5
2026.05.04;12:35:00;197110;197110;197110;197110;1;1;5
2026.05.04;12:40:00;197060;197060;197060;197060;1;1;5
2026.05.04;12:45:00;196920;196920;196920;196920;1;1;5
2026.05.04;13:05:00;196740;196740;196740;196740;1;1;5
2026.05.04;13:10:00;196835;196835;196835;196835;1;1;5
2026.05.04;13:15:00;196890;196940;196890;196940;2;2;5
2026.05.04;13:20:00;196990;196990;196990;196990;1;1;5
2026.05.04;13:25:00;196930;196930;196930;196930;1;1;5
2026.05.04;13:30:00;196990;196990;196990;196990;1;1;5
2026.05.04;13:35:00;196930;196930;196800;196800;2;2;5
2026.05.04;13:45:00;196630;196680;196550;196550;3;3;5
2026.05.04;13:50:00;196510;196510;196510;196510;1;1;5
2026.05.04;14:00:00;196560;196560;196560;196560;1;1;5
2026.05.04;14:35:00;196550;196550;196550;196550;2;2;5
2026.05.04;15:35:00;196615;196615;196615;196615;1;1;5
2026.05.04;15:45:00;196470;196470;196470;196470;1;1;5
2026.05.04;15:55:00;196520;196520;196520;196520;1;1;5
2026.05.04;17:25:00;196520;196520;196520;196520;2;2;5
2026.05.05;09:00:00;197155;197155;197155;197155;1;1;5
2026.05.05;10:00:00;196400;196400;196400;196400;1;1;5
2026.05.05;10:05:00;196800;196800;196800;196800;1;1;5
2026.05.05;10:10:00;196820;196820;196820;196820;1;20;5
2026.05.05;11:40:00;197200;197200;197200;197200;1;1;5
2026.05.05;12:15:00;197500;197500;197500;197500;1;1;5
2026.05.05;12:25:00;197650;197650;197650;197650;1;1;5
2026.05.05;12:35:00;197970;197970;197970;197970;2;30;5
2026.05.05;13:00:00;198250;198250;198250;198250;1;1;5
2026.05.05;13:35:00;198000;198000;198000;198000;1;1;5
2026.05.05;13:40:00;198045;198045;198045;198045;1;1;5
2026.05.05;13:45:00;197750;197750;197750;197750;1;1;5
2026.05.05;13:50:00;197575;197575;197575;197575;1;1;5
2026.05.05;14:20:00;197250;197250;197250;197250;1;1;5
2026.05.05;14:25:00;197200;197200;197075;197075;2;2;5
2026.05.05;14:30:00;197050;197050;197050;197050;1;1;5
2026.05.05;15:10:00;197500;197500;197500;197500;1;1;5
2026.05.05;16:20:00;197530;197530;197530;197530;1;1;5
2026.05.05;16:45:00;197505;197505;197500;197500;2;2;5
2026.05.05;16:50:00;197400;197400;197400;197400;1;1;5
2026.05.05;17:25:00;197580;197580;197580;197580;1;1;5
2026.05.05;17:35:00;197500;197500;197500;197500;1;1;5
2026.05.05;17:55:00;197365;197420;197365;197420;2;2;5
2026.05.05;18:00:00;197500;197500;197500;197500;1;1;5
2026.05.05;18:05:00;197500;197500;197355;197355;2;2;5
2026.05.06;09:10:00;199550;199550;199500;199500;2;2;5
2026.05.06;09:15:00;199500;199500;199500;199500;1;1;5
2026.05.06;09:35:00;200300;200300;200300;200300;1;1;5
2026.05.06;09:40:00;199750;199750;199750;199750;1;1;5
2026.05.06;10:00:00;199150;199150;199150;199150;1;10;5
2026.05.06;10:45:00;199300;199300;199300;199300;1;1;5
2026.05.06;11:10:00;197830;197830;197830;197830;1;1;5
2026.05.06;12:35:00;198645;198645;198645;198645;1;1;5
2026.05.06;16:45:00;198415;198415;198415;198415;1;1;5
2026.05.06;17:30:00;198200;198200;198200;198200;1;1;5
2026.05.06;17:35:00;198000;198000;197960;197960;2;16;5
2026.05.06;17:40:00;197960;197960;197900;197900;2;16;5
2026.05.07;09:00:00;198210;198210;198210;198210;1;1;5
2026.05.07;09:05:00;197530;197530;197530;197530;1;1;5
2026.05.07;09:15:00;197400;197400;197400;197400;1;1;5
2026.05.07;09:30:00;197260;197260;197260;197260;1;1;5
2026.05.07;09:35:00;197630;197630;197630;197630;1;1;5
2026.05.07;10:00:00;197160;197160;197160;197160;1;1;5
2026.05.07;10:05:00;196950;196950;196950;196950;1;1;5
2026.05.07;10:10:00;196600;196600;196600;196600;1;1;5
2026.05.07;10:20:00;196500;196500;196500;196500;1;1;5
2026.05.07;10:30:00;195800;195800;195800;195800;2;2;5
2026.05.07;10:35:00;195700;195700;195400;195400;4;4;5
2026.05.07;10:40:00;194865;194865;194865;194865;1;1;5
2026.05.07;10:50:00;195175;195175;194905;194905;2;2;5
2026.05.07;11:00:00;194590;194590;194425;194425;2;2;5
2026.05.07;11:25:00;194565;194565;194565;194565;2;15;5
2026.05.07;12:45:00;194500;194500;194500;194500;1;1;5
2026.05.07;13:35:00;194445;194510;194445;194505;3;3;5
2026.05.07;16:20:00;193800;193800;193800;193800;1;1;5
2026.05.07;16:25:00;193800;193800;193800;193800;1;10;5
2026.05.07;17:45:00;193460;193460;193460;193460;1;1;5
2026.05.07;18:05:00;193410;193410;193370;193370;2;2;5
2026.05.07;18:10:00;193300;193300;193280;193280;3;3;5
2026.05.08;09:00:00;193490;193490;193490;193490;1;1;5
2026.05.08;09:05:00;194020;194020;194020;194020;5;40;5
2026.05.08;09:50:00;195420;195450;195420;195450;2;2;5
2026.05.08;09:55:00;195440;195440;195405;195405;6;90;5
2026.05.08;10:00:00;195305;195305;195305;195305;1;1;5
2026.05.08;10:05:00;195200;195200;195200;195200;1;1;5
2026.05.08;10:25:00;195550;195550;195550;195550;1;1;5
2026.05.08;10:40:00;196000;196000;196000;196000;1;1;5
2026.05.08;11:05:00;195175;195175;195175;195175;1;1;5
2026.05.08;15:00:00;195020;195020;195020;195020;1;1;5
2026.05.11;09:15:00;193555;193555;193555;193555;1;1;5
2026.05.11;09:25:00;194170;194170;194170;194170;1;1;5
2026.05.11;09:30:00;194050;194050;193950;193950;2;2;5
2026.05.11;11:05:00;192945;192945;192945;192945;3;40;5
2026.05.11;12:00:00;192500;192500;192500;192500;1;1;5
2026.05.11;12:20:00;192405;192410;192365;192365;3;3;5
2026.05.11;13:00:00;192490;192490;192490;192490;1;1;5
2026.05.11;13:45:00;192375;192375;192375;192375;1;1;5
2026.05.11;14:45:00;192285;192285;192285;192285;1;1;5
2026.05.11;16:15:00;192040;192040;192040;192040;1;1;5
2026.05.11;16:50:00;192215;192215;192215;192215;1;1;5
2026.05.11;17:05:00;192100;192100;192100;192100;1;1;5
2026.05.11;17:10:00;192000;192000;192000;192000;1;1;5
2026.05.12;09:00:00;191415;191415;191415;191415;1;1;5
2026.05.12;09:15:00;191500;191500;191350;191350;2;2;5
2026.05.12;09:20:00;191250;191250;190910;190910;5;42;5
2026.05.12;10:35:00;191520;191520;191520;191520;1;1;5
2026.05.12;12:30:00;190220;190220;190220;190220;1;1;5
2026.05.12;13:00:00;190130;190130;190130;190130;1;1;5
2026.05.12;13:45:00;190030;190030;190030;190030;1;1;5
2026.05.12;14:20:00;190220;190220;190220;190220;1;1;5
2026.05.12;14:45:00;190200;190200;190200;190200;1;6;5
2026.05.12;14:55:00;189895;189895;189895;189895;1;1;5
2026.05.12;15:10:00;189905;189905;189905;189905;1;1;5
2026.05.12;15:15:00;190000;190105;190000;190105;2;2;5
2026.05.12;15:25:00;190510;190510;190510;190510;1;1;5
2026.05.12;15:30:00;190400;190765;190400;190765;16;151;5
2026.05.12;17:30:00;190600;190600;190600;190600;1;1;5
2026.05.12;18:00:00;190750;190750;190750;190750;1;1;5
2026.05.12;18:10:00;190670;190670;190600;190600;2;2;5
2026.05.13;09:40:00;189775;189775;189775;189775;1;1;5
2026.05.13;09:45:00;189850;189850;189850;189850;1;1;5
2026.05.13;10:00:00;189900;189900;189900;189900;1;1;5
2026.05.13;10:05:00;189800;189800;189800;189800;1;1;5
2026.05.13;10:10:00;190000;190100;190000;190100;2;2;5
2026.05.13;10:15:00;189700;189700;189600;189600;2;2;5
2026.05.13;10:20:00;189925;189925;189925;189925;1;1;5
2026.05.13;10:25:00;189500;189500;189500;189500;1;1;5
2026.05.13;10:30:00;189400;189400;189000;189000;4;4;5
2026.05.13;10:35:00;188900;188900;188900;188900;1;1;5
2026.05.13;10:45:00;189260;189300;189260;189300;2;2;5
2026.05.13;10:55:00;189670;189670;189670;189670;1;1;5
2026.05.13;11:00:00;189780;189780;189780;189780;1;1;5
2026.05.13;11:05:00;189900;189900;189900;189900;1;1;5
2026.05.13;11:40:00;190220;190220;190220;190220;1;1;5
2026.05.13;12:10:00;190000;190000;190000;190000;3;31;5
2026.05.13;12:15:00;189950;189950;189950;189950;1;1;5
2026.05.13;12:20:00;190000;190100;190000;190100;2;2;5
2026.05.13;12:30:00;190230;190230;190230;190230;1;1;5
2026.05.13;12:35:00;190300;190385;190280;190285;7;7;5
2026.05.13;12:40:00;190250;190250;190150;190150;2;2;5
2026.05.13;12:45:00;190050;190050;190050;190050;1;1;5
2026.05.13;12:50:00;190100;190100;190100;190100;1;1;5
2026.05.13;13:25:00;190445;190445;190350;190360;4;9;5
2026.05.13;14:05:00;189530;189530;189530;189530;1;1;5
2026.05.13;14:10:00;189430;189430;189430;189430;1;1;5
2026.05.13;14:30:00;189330;189330;189330;189330;1;1;5
2026.05.13;14:50:00;189355;189355;189355;189355;1;1;5
2026.05.13;14:55:00;189400;189410;188100;188100;8;36;5
2026.05.13;15:00:00;188000;188000;188000;188000;1;1;5
2026.05.13;15:15:00;188055;188055;188055;188055;1;1;5
2026.05.13;15:35:00;187560;187560;187560;187560;1;1;5
2026.05.13;15:45:00;186715;186875;186715;186875;3;31;5
2026.05.13;16:10:00;187080;187110;187055;187055;5;5;5
2026.05.13;16:15:00;187160;187160;187060;187060;2;2;5
2026.05.13;16:20:00;187070;187070;186945;186945;2;2;5
2026.05.13;17:30:00;186890;186890;186890;186890;1;10;5
2026.05.13;17:50:00;186800;186800;186430;186430;2;2;5
2026.05.14;09:00:00;187000;187000;187000;187000;1;1;5
2026.05.14;09:05:00;187525;187525;187465;187465;2;10;5
2026.05.14;09:30:00;187965;188060;187965;188060;2;2;5
2026.05.14;09:35:00;187930;187930;187930;187930;1;1;5
2026.05.14;09:40:00;188085;188085;188085;188085;1;10;5
2026.05.14;09:45:00;188255;188255;188255;188255;1;1;5
2026.05.14;09:55:00;187960;187960;187960;187960;1;10;5
2026.05.14;11:30:00;188475;188475;188475;188475;1;1;5
2026.05.14;12:30:00;188550;188550;188550;188550;1;1;5
2026.05.14;13:10:00;188770;188935;188770;188935;3;20;5
2026.05.14;14:10:00;189220;189220;189220;189220;1;1;5
2026.05.14;14:15:00;189025;189025;189025;189025;1;1;5
2026.05.14;14:20:00;188735;188735;188735;188735;1;1;5
2026.05.14;14:50:00;189000;189000;189000;189000;1;1;5
2026.05.14;15:35:00;188500;188500;188500;188500;1;1;5
2026.05.14;15:40:00;188330;188330;188330;188330;1;1;5
2026.05.14;16:10:00;188200;188200;188200;188200;1;1;5
2026.05.14;16:45:00;188200;188200;188200;188200;1;1;5
2026.05.15;09:00:00;186475;186475;185500;185500;2;11;5
2026.05.15;09:05:00;185300;185600;185300;185600;2;7;5
2026.05.15;09:10:00;185900;185900;185900;185900;1;1;5
2026.05.15;09:25:00;185915;185915;185915;185915;1;1;5
2026.05.15;10:00:00;185200;185200;185200;185200;1;1;5
2026.05.15;10:10:00;185000;185000;185000;185000;1;1;5
2026.05.15;10:50:00;184845;185100;184820;185100;4;7;5
2026.05.15;10:55:00;185260;185260;185260;185260;1;1;5
2026.05.15;11:00:00;185375;185375;185375;185375;1;1;5
2026.05.15;11:05:00;185480;185480;185480;185480;1;1;5
2026.05.15;11:10:00;185600;185675;185600;185675;2;2;5
2026.05.15;11:20:00;186245;186495;186245;186495;2;4;5
2026.05.15;13:20:00;186200;186210;186200;186210;2;2;5
2026.05.15;16:05:00;185915;185915;185915;185915;1;1;5
2026.05.15;16:45:00;186630;186630;186630;186630;1;1;5
2026.05.15;17:50:00;186895;186895;186895;186895;1;1;5
2026.05.15;18:10:00;186655;186655;186655;186655;1;1;5
2026.05.15;18:15:00;186625;186625;186550;186580;7;8;5
2026.05.15;18:20:00;186895;187190;186680;186680;9;16;5
2026.05.18;09:15:00;185910;185910;185910;185910;1;1;5
2026.05.18;09:25:00;185895;185895;185895;185895;1;1;5
2026.05.18;09:55:00;185925;185925;185925;185925;1;15;5
2026.05.18;10:05:00;186045;186045;186045;186045;1;15;5
2026.05.18;12:35:00;186250;186250;186250;186250;1;1;5
2026.05.18;14:45:00;186000;186000;186000;186000;1;1;5
2026.05.18;15:45:00;185300;185300;185300;185300;1;1;5
2026.05.18;16:40:00;186250;186260;186250;186260;3;16;5
2026.05.18;17:50:00;186700;186900;186700;186900;2;2;5
2026.05.19;09:00:00;185800;185800;185570;185570;3;3;5
2026.05.19;09:10:00;185000;185000;185000;185000;1;1;5
2026.05.19;09:15:00;184505;184505;184505;184505;1;1;5
2026.05.19;09:20:00;184895;185055;184895;185055;3;3;5
2026.05.19;10:00:00;184000;184000;183755;183755;2;2;5
2026.05.19;10:10:00;183630;183630;183615;183615;2;16;5
2026.05.19;10:15:00;183680;183680;183500;183500;2;2;5
2026.05.19;10:20:00;183000;183000;183000;183000;1;1;5
2026.05.19;10:30:00;183530;183530;183480;183480;3;6;5
2026.05.19;10:35:00;183730;183730;183730;183730;1;1;5
2026.05.19;10:40:00;183750;183780;183750;183780;2;2;5
2026.05.19;10:45:00;183830;184030;183830;184030;4;4;5
2026.05.19;10:50:00;184195;184450;184195;184450;4;4;5
2026.05.19;10:55:00;184500;184650;184500;184650;3;3;5
2026.05.19;11:00:00;184750;184955;184750;184955;3;3;5
2026.05.19;11:05:00;185050;185100;185050;185100;2;2;5
2026.05.19;13:20:00;183500;183500;183500;183500;1;1;5
2026.05.19;13:25:00;183750;183750;183750;183750;1;1;5
2026.05.19;14:05:00;184220;184220;184220;184220;1;1;5
2026.05.19;15:20:00;183500;183500;183500;183500;1;1;5
2026.05.19;16:25:00;183100;183100;183100;183100;1;1;5
2026.05.19;17:45:00;183405;183750;183405;183750;2;2;5
2026.05.20;09:00:00;183025;184485;183025;184485;20;20;5
2026.05.20;09:05:00;184615;184990;184400;184400;9;30;5
2026.05.20;09:35:00;184275;184275;184275;184275;4;12;5
2026.05.20;10:15:00;185000;185200;185000;185200;2;2;5
2026.05.20;10:25:00;185345;185345;185345;185345;1;1;5
2026.05.20;10:30:00;185460;185460;185460;185460;1;1;5
2026.05.20;10:35:00;185670;186000;185670;186000;4;4;5
2026.05.20;10:50:00;186160;186160;186160;186160;1;1;5
2026.05.20;10:55:00;186260;186360;186260;186360;2;2;5
2026.05.20;11:05:00;185750;185750;185750;185750;1;1;5
2026.05.20;12:30:00;186485;186485;186485;186485;1;1;5
2026.05.20;15:45:00;187070;187070;187070;187070;1;1;5
2026.05.21;09:40:00;185785;185785;185785;185785;1;5;5
2026.05.21;11:15:00;185735;185735;185735;185735;1;10;5
2026.05.21;14:15:00;186780;186780;186780;186780;4;10;5
2026.05.21;15:20:00;186950;187200;186885;187200;3;9;5
2026.05.21;15:35:00;187180;187235;187180;187235;2;2;5
2026.05.21;15:40:00;186800;186800;186800;186800;1;1;5
2026.05.21;15:50:00;186500;186500;186500;186500;1;1;5
2026.05.21;16:00:00;186445;186445;186445;186445;1;1;5
2026.05.21;17:20:00;186550;186550;186550;186550;1;1;5
2026.05.22;09:05:00;185900;185900;185900;185900;1;1;5
2026.05.22;09:25:00;186010;186010;186010;186010;1;1;5
2026.05.22;10:15:00;185580;185810;185580;185810;4;21;5
2026.05.22;10:30:00;185030;185030;185030;185030;1;1;5
2026.05.22;10:35:00;184915;184915;184915;184915;2;3;5
2026.05.22;11:10:00;184845;184845;184845;184845;2;6;5
2026.05.22;11:50:00;184000;184000;184000;184000;1;1;5
2026.05.22;11:55:00;184200;184200;184200;184200;1;1;5
2026.05.22;12:25:00;184450;184450;184450;184450;1;1;5
2026.05.22;14:15:00;185000;185000;185000;185000;1;1;5
2026.05.22;14:40:00;185035;185035;185035;185035;1;1;5
2026.05.25;09:05:00;187500;187600;187210;187210;5;37;5
2026.05.25;09:15:00;187200;187200;187000;187000;2;2;5
2026.05.25;09:20:00;186710;186710;186710;186710;1;1;5
2026.05.25;10:35:00;186115;186225;186115;186225;2;21;5
2026.05.25;10:40:00;185900;185900;185900;185900;1;1;5
2026.05.25;11:00:00;185665;185665;185665;185665;1;1;5
2026.05.25;12:25:00;185500;185500;185500;185500;1;1;5
2026.05.25;13:10:00;185340;185340;185340;185340;2;6;5
2026.05.25;14:00:00;185910;185910;185910;185910;1;1;5
2026.05.25;14:25:00;186010;186010;186010;186010;1;1;5
2026.05.25;16:40:00;186500;186500;186500;186500;1;1;5
2026.05.25;16:45:00;186635;186635;186635;186635;8;18;5
2026.05.25;17:15:00;186800;186800;186800;186800;1;1;5
2026.05.25;17:25:00;186600;186700;186600;186700;2;2;5
2026.05.25;17:30:00;186800;186800;186800;186800;1;1;5
2026.05.26;09:15:00;185960;186290;185960;186290;4;4;5
2026.05.26;09:20:00;186390;186390;186390;186390;1;1;5
2026.05.26;09:30:00;186505;186505;186505;186505;1;1;5
2026.05.26;10:05:00;185750;185750;185750;185750;1;1;5
2026.05.26;10:25:00;186010;186200;186010;186200;2;6;5
2026.05.26;10:50:00;185045;185060;185045;185060;2;15;5
2026.05.26;11:35:00;184675;184675;184675;184675;1;2;5
2026.05.26;11:50:00;185010;185010;185010;185010;1;3;5
2026.05.26;14:20:00;184590;184590;184590;184590;1;1;5
2026.05.26;14:25:00;184490;184490;184490;184490;1;1;5
2026.05.26;15:10:00;184690;184690;184690;184690;1;1;5
2026.05.26;15:15:00;184490;185315;184490;185315;3;3;5
2026.05.27;09:15:00;186375;186375;186375;186375;1;1;5
2026.05.27;09:25:00;186750;186780;186750;186780;2;2;5
2026.05.27;09:30:00;187000;187000;187000;187000;1;1;5
2026.05.27;09:35:00;186465;186465;186465;186465;4;21;5
2026.05.27;10:00:00;186665;186665;186665;186665;2;21;5
2026.05.27;10:20:00;185500;185500;185500;185500;1;1;5
2026.05.27;14:20:00;184810;184810;184810;184810;1;1;5
2026.05.27;14:25:00;184440;184440;184340;184340;2;2;5
2026.05.27;15:15:00;184835;184835;184835;184835;2;15;5
2026.05.27;17:05:00;184175;184175;184175;184175;1;10;5
2026.05.27;17:40:00;184500;184500;184300;184300;2;2;5
2026.05.28;09:00:00;183395;183395;183235;183235;5;32;5
2026.05.28;11:10:00;184890;185275;184890;185275;3;21;5
2026.05.28;15:05:00;184530;184530;184530;184530;1;1;5
2026.05.28;17:45:00;183515;183515;183000;183000;3;17;5
2026.05.29;09:00:00;183610;183610;183610;183610;1;21;5
2026.05.29;09:05:00;183555;183555;183555;183555;1;1;5
2026.05.29;09:10:00;183420;183420;183420;183420;1;1;5
2026.05.29;09:15:00;183320;183320;183320;183320;1;1;5
2026.05.29;09:20:00;183530;183530;183530;183530;1;1;5
2026.05.29;09:25:00;183220;183220;183120;183120;2;2;5
2026.05.29;09:30:00;183020;183020;183020;183020;1;1;5
2026.05.29;10:10:00;182500;182500;182500;182500;1;1;5
2026.05.29;10:20:00;182000;182000;182000;182000;1;1;5
2026.05.29;10:25:00;182010;182010;182010;182010;1;1;5
2026.05.29;11:35:00;181335;181335;181335;181335;1;1;5
2026.05.29;12:55:00;182030;182030;181990;181990;45;310;5
2026.05.29;14:05:00;182225;182225;182225;182225;1;1;5
2026.05.29;14:10:00;182205;182205;182205;182205;2;10;5
2026.05.29;16:00:00;182500;182500;182500;182500;1;1;5
2026.05.29;16:15:00;182980;182980;182980;182980;1;1;5
2026.05.29;16:35:00;182700;182700;182700;182700;1;1;5
2026.06.01;09:00:00;183000;183000;183000;183000;1;1;5
2026.06.01;09:05:00;183375;183375;183375;183375;1;10;5
2026.06.01;09:45:00;182135;182135;182135;182135;1;1;5
2026.06.01;10:05:00;182000;182000;182000;182000;1;1;5
2026.06.01;10:10:00;182030;182030;182030;182030;1;1;5
2026.06.01;10:15:00;181465;181465;181420;181420;6;11;5
2026.06.01;12:40:00;180960;180960;180960;180960;1;1;5
2026.06.01;13:10:00;180000;180000;180000;180000;1;1;5
2026.06.01;17:10:00;180615;180615;180610;180610;2;5;5
2026.06.01;18:05:00;180610;180610;180465;180465;2;2;5
2026.06.02;09:20:00;181400;181500;181400;181400;4;4;5
2026.06.02;09:35:00;181355;181355;181355;181355;1;1;5
2026.06.02;09:50:00;181000;181000;180980;180980;3;10;5
2026.06.02;10:05:00;181335;181335;181335;181335;1;2;5
2026.06.02;10:10:00;181400;181400;181400;181400;1;1;5
2026.06.02;10:35:00;182000;182000;182000;182000;1;1;5
2026.06.02;11:20:00;182425;182575;182425;182575;4;11;5
2026.06.02;11:40:00;183000;183000;183000;183000;1;1;5
2026.06.02;12:30:00;183100;183100;183100;183100;1;1;5
2026.06.02;13:15:00;183145;183145;183145;183145;2;2;5
2026.06.03;09:00:00;182000;182290;181800;181800;3;3;5
2026.06.03;09:05:00;181000;181000;180325;180325;5;11;5
2026.06.03;09:15:00;179885;179885;179565;179565;5;12;5
2026.06.03;09:50:00;179665;179665;179665;179665;1;10;5
2026.06.03;10:30:00;179940;179940;179940;179940;1;10;5
2026.06.03;10:40:00;180350;180350;180350;180350;1;1;5
2026.06.03;10:45:00;180100;180100;180100;180100;1;1;5
2026.06.03;10:50:00;179800;179800;179800;179800;1;1;5
2026.06.03;11:50:00;179165;179165;179165;179165;1;1;5
2026.06.03;11:55:00;179230;179230;179220;179220;3;3;5
2026.06.03;12:05:00;179120;179120;179120;179120;1;1;5
2026.06.03;12:15:00;178970;178970;178970;178970;1;1;5
2026.06.03;12:50:00;178885;178885;178885;178885;1;1;5
2026.06.03;13:30:00;178715;178725;178715;178725;2;5;5
2026.06.03;13:40:00;178440;178440;178440;178440;5;19;5
2026.06.03;14:50:00;178440;178440;178300;178300;2;14;5
2026.06.03;15:30:00;178300;178300;178300;178300;1;1;5
2026.06.03;16:40:00;178380;178380;178380;178380;4;14;5
2026.06.03;16:45:00;178465;178465;178465;178465;1;1;5
2026.06.03;17:55:00;178465;178465;178465;178465;1;1;5
2026.06.05;09:00:00;178830;178830;178830;178830;2;10;5
2026.06.05;09:40:00;178220;178300;178220;178300;2;2;5
2026.06.05;09:50:00;178125;178125;178125;178125;1;1;5
2026.06.05;10:05:00;177605;177605;177595;177595;2;11;5
2026.06.05;10:10:00;177705;177705;177705;177705;3;11;5
2026.06.05;10:20:00;178000;178000;178000;178000;1;1;5
2026.06.05;10:35:00;178000;178000;178000;178000;1;1;5
2026.06.05;10:40:00;178100;178100;178100;178100;1;1;5
2026.06.05;10:50:00;178400;178400;178400;178400;1;1;5
2026.06.05;13:05:00;177100;177100;177100;177100;1;1;5
2026.06.05;13:40:00;177000;177000;177000;177000;1;1;5
2026.06.05;14:35:00;177250;177250;177250;177250;1;1;5
2026.06.05;16:20:00;177000;177000;177000;177000;1;1;5
2026.06.05;17:55:00;176700;176775;176295;176295;5;13;5
2026.06.08;09:00:00;177375;177375;177370;177370;5;12;5
2026.06.08;09:05:00;177340;177340;177340;177340;1;1;5
2026.06.08;09:20:00;177200;177200;177200;177200;1;1;5
2026.06.08;09:55:00;176715;176715;176715;176715;1;10;5
2026.06.08;10:50:00;176515;176515;176515;176515;1;1;5
2026.06.08;11:05:00;176200;176200;176200;176200;1;1;5
2026.06.08;14:10:00;176000;176000;176000;176000;1;1;5
2026.06.08;14:25:00;176135;176135;176135;176135;1;6;5
2026.06.08;14:55:00;176250;176250;176250;176250;1;1;5
2026.06.08;18:15:00;176575;176600;176500;176500;3;4;5
2026.06.09;09:05:00;177500;177500;177500;177500;2;2;5
2026.06.09;10:55:00;177475;177475;177475;177475;1;1;5
2026.06.09;13:25:00;177200;177200;177200;177200;2;3;5
2026.06.09;13:35:00;176815;176815;176450;176450;4;12;5
2026.06.09;13:40:00;176115;176115;176115;176115;2;30;5
2026.06.09;17:15:00;177560;177560;177560;177560;1;1;5
2026.06.09;17:20:00;177520;177520;177520;177520;1;1;5
2026.06.09;17:55:00;177400;177400;177165;177165;4;7;5
2026.06.10;09:45:00;177085;177085;177085;177085;1;1;5
2026.06.10;09:55:00;176595;176595;176540;176540;3;10;5
2026.06.10;10:40:00;176525;176525;176525;176525;1;1;5
2026.06.10;11:15:00;176750;176750;176750;176750;1;1;5
2026.06.10;14:35:00;176100;176100;176100;176100;4;10;5
2026.06.10;15:00:00;176100;176100;176100;176100;2;10;5
2026.06.10;17:45:00;176100;176100;176000;176000;2;2;5
2026.06.11;09:00:00;177200;177200;177200;177200;2;2;5
2026.06.11;09:10:00;177220;177220;177220;177220;1;1;5
2026.06.11;10:00:00;176400;176400;176090;176220;4;32;5
2026.06.11;10:05:00;176335;176355;176335;176355;2;2;5
2026.06.11;10:15:00;176660;176660;176660;176660;1;10;5
2026.06.11;10:30:00;177000;177000;177000;177000;1;1;5
2026.06.11;10:50:00;176700;176700;176700;176700;1;1;5
2026.06.11;13:50:00;176100;176100;176100;176100;1;1;5
2026.06.11;14:15:00;175910;175910;175865;175865;2;2;5
2026.06.11;14:25:00;176250;176360;176250;176360;2;2;5
2026.06.11;14:30:00;177240;177500;177240;177255;4;25;5
2026.06.11;14:35:00;177645;177645;177645;177645;1;1;5
2026.06.11;14:50:00;177650;177650;177650;177650;1;1;5
2026.06.11;14:55:00;177700;177700;177700;177700;3;4;5
2026.06.11;15:00:00;177700;178000;177700;178000;3;3;5
2026.06.11;15:10:00;177270;177270;177270;177270;1;10;5
2026.06.11;15:50:00;177990;177990;177990;177990;1;1;5
2026.06.11;16:10:00;178270;178270;178270;178270;1;1;5
2026.06.11;16:15:00;178255;178255;178255;178255;1;1;5
2026.06.11;16:30:00;179500;179500;179500;179500;1;3;5
2026.06.11;16:35:00;179060;179060;179060;179060;1;1;5
2026.06.11;16:40:00;179500;179500;179500;179500;2;3;5
2026.06.11;16:45:00;179500;179500;179500;179500;1;5;5
2026.06.11;16:50:00;179485;179485;179485;179485;1;1;5
2026.06.11;16:55:00;178975;179455;178920;178920;9;9;5
2026.06.11;17:15:00;179350;179350;179350;179350;1;2;5
2026.06.11;17:35:00;179080;179080;179080;179080;1;1;5
2026.06.11;17:45:00;179005;179270;179005;179270;5;13;5
2026.06.12;09:00:00;177510;179000;177510;179000;4;4;5
2026.06.12;09:05:00;178120;178120;178120;178120;5;10;5
2026.06.12;09:20:00;177385;177500;177385;177500;3;3;5
2026.06.12;09:25:00;177550;177550;177500;177500;2;2;5
2026.06.12;09:30:00;177600;177600;177500;177500;3;3;5
2026.06.12;10:10:00;177790;177790;177790;177790;1;1;5
2026.06.12;10:15:00;178305;179000;178305;179000;4;4;5
2026.06.12;10:30:00;179750;179750;179750;179750;1;1;5
2026.06.12;10:40:00;179395;179535;178695;178695;4;4;5
2026.06.12;10:45:00;178495;178495;178355;178355;3;3;5
2026.06.12;10:50:00;179000;179000;179000;179000;2;2;5
2026.06.12;11:00:00;179600;179600;179600;179600;2;3;5
2026.06.12;11:10:00;179200;179200;179200;179200;1;3;5
2026.06.12;11:55:00;179240;179240;179240;179240;1;1;5
2026.06.12;12:00:00;179675;179720;179675;179720;2;3;5
2026.06.12;13:50:00;178655;178655;178655;178655;1;1;5
2026.06.12;17:05:00;178655;178655;178655;178655;1;1;5
2026.06.12;17:30:00;178800;178800;178800;178800;2;3;5
2026.06.12;18:20:00;178695;178695;178500;178500;2;2;5
2026.06.15;09:05:00;180090;180090;180090;180090;7;25;5
2026.06.15;09:15:00;180000;180000;180000;180000;2;2;5
2026.06.15;09:45:00;181000;181000;181000;181000;2;2;5
2026.06.15;10:20:00;181145;181610;181145;181560;6;30;5
2026.06.15;10:30:00;181565;181565;181565;181565;2;3;5
2026.06.15;10:45:00;181585;181585;181585;181585;1;1;5
2026.06.15;10:50:00;181530;181530;181530;181530;1;1;5
2026.06.15;11:10:00;181000;181000;181000;181000;1;1;5
2026.06.15;11:45:00;180000;180000;180000;180000;2;2;5
2026.06.15;11:50:00;180000;180000;180000;180000;1;1;5
2026.06.15;12:25:00;180200;180200;180200;180200;1;1;5
2026.06.15;13:10:00;180000;180000;180000;180000;1;1;5
2026.06.15;13:45:00;179060;179060;179060;179060;2;30;5
2026.06.15;14:00:00;179000;179000;179000;179000;1;1;5
2026.06.15;14:30:00;178785;178785;178745;178745;3;11;5
2026.06.15;15:00:00;178500;178500;178000;178000;4;7;5
2026.06.15;15:30:00;178000;178000;178000;178000;1;1;5
2026.06.15;16:20:00;178000;178000;178000;178000;2;15;5
2026.06.15;16:25:00;177800;177800;177800;177800;1;5;5
2026.06.15;16:30:00;178000;178000;178000;178000;1;1;5
2026.06.15;16:35:00;178190;178190;178190;178190;1;10;5
2026.06.15;18:05:00;177900;177900;177800;177800;2;6;5
2026.06.16;09:00:00;178000;178000;178000;178000;1;1;5
2026.06.16;09:10:00;177250;177250;177250;177250;1;1;5
2026.06.16;09:15:00;177440;177440;177440;177440;1;1;5
2026.06.16;09:20:00;177720;177720;177720;177720;1;1;5
2026.06.16;09:35:00;177200;177200;177200;177200;3;5;5
2026.06.16;09:50:00;177075;177075;177000;177000;3;3;5
2026.06.16;10:05:00;176600;176600;176600;176600;1;1;5
2026.06.16;10:15:00;176690;176690;176690;176690;5;10;5
2026.06.16;10:30:00;176550;176550;176550;176550;1;1;5
2026.06.16;10:40:00;176625;176765;176585;176765;4;14;5
2026.06.16;10:45:00;176865;176905;176865;176905;2;5;5
2026.06.16;10:50:00;177155;177155;177155;177155;1;1;5
2026.06.16;11:00:00;177175;177175;177175;177175;1;1;5
2026.06.16;11:30:00;176505;176505;176500;176500;2;2;5
2026.06.16;11:45:00;176815;176815;176815;176815;1;1;5
2026.06.16;12:05:00;176645;176645;176645;176645;1;1;5
2026.06.16;13:35:00;177200;177200;177200;177200;3;10;5
2026.06.16;13:50:00;177100;177125;177100;177125;4;11;5
2026.06.16;15:15:00;177115;177115;177115;177115;2;5;5
2026.06.16;15:45:00;177115;177115;176980;176980;2;2;5
2026.06.16;15:55:00;176875;176875;176875;176875;1;1;5
2026.06.16;16:00:00;176800;176800;176800;176800;1;1;5
2026.06.16;16:05:00;176700;176700;176700;176700;1;1;5
2026.06.16;17:30:00;176675;176675;176600;176600;3;3;5
2026.06.16;17:45:00;176500;176500;176500;176500;1;1;5
2026.06.16;18:15:00;176600;176815;176600;176815;3;3;5
2026.06.17;09:00:00;176690;176765;176070;176070;32;137;5
2026.06.17;09:05:00;176795;177130;176690;176780;19;130;5
2026.06.17;09:10:00;176830;177220;176775;176835;15;18;5
2026.06.17;09:15:00;176840;177175;176680;177175;18;36;5
2026.06.17;09:20:00;177225;177225;177140;177140;4;21;5
2026.06.17;09:25:00;177240;177485;177175;177460;14;30;5
2026.06.17;09:30:00;177185;177260;177185;177260;5;5;5
2026.06.17;09:35:00;177060;177060;177060;177060;1;1;5
2026.06.17;09:40:00;177290;177370;177200;177200;5;5;5
2026.06.17;09:45:00;177385;177385;177385;177385;2;2;5
2026.06.17;09:50:00;177400;177500;177400;177500;2;2;5
2026.06.17;09:55:00;177595;177700;177595;177700;3;3;5
2026.06.17;10:00:00;177400;177400;177400;177400;1;1;5
2026.06.17;10:05:00;177700;177830;177700;177830;5;7;5
2026.06.17;10:10:00;177735;177735;177735;177735;1;1;5
2026.06.17;10:15:00;177940;178185;177805;178170;27;39;5
2026.06.17;10:20:00;178250;178400;178250;178400;6;6;5
2026.06.17;10:25:00;178215;178215;177985;177985;5;5;5
2026.06.17;10:30:00;178000;178855;178000;178500;46;68;5
2026.06.17;10:35:00;178500;178500;177925;177925;30;83;5
2026.06.17;10:40:00;178000;178000;177900;177900;3;3;5
2026.06.17;10:45:00;178130;178130;178060;178125;4;4;5
2026.06.17;10:50:00;177900;177900;177810;177810;6;7;5
2026.06.17;10:55:00;177805;177835;177805;177835;19;19;5
2026.06.17;11:00:00;177885;178295;177885;178295;4;5;5
2026.06.17;11:05:00;178325;178465;178325;178465;5;5;5
2026.06.17;11:10:00;178105;178140;178105;178140;5;5;5
2026.06.17;11:15:00;178010;178235;177955;178235;6;6;5
2026.06.17;11:25:00;178440;178440;178440;178440;2;2;5
2026.06.17;11:30:00;178655;178655;178565;178565;4;31;5
2026.06.17;11:35:00;178360;178500;178275;178500;6;32;5
2026.06.17;11:45:00;178060;178060;178060;178060;1;1;5
2026.06.17;11:50:00;178400;178400;178400;178400;1;1;5
2026.06.17;12:00:00;178200;178200;178200;178200;1;1;5
2026.06.17;12:05:00;178045;178045;178045;178045;1;1;5
2026.06.17;12:10:00;178195;178215;178195;178215;2;2;5
2026.06.17;12:15:00;178160;178165;177995;177995;6;8;5
2026.06.17;12:20:00;178250;178250;178250;178250;1;1;5
2026.06.17;12:25:00;178290;178300;178290;178300;3;11;5
2026.06.17;12:35:00;178350;178350;178350;178350;1;1;5
2026.06.17;12:40:00;178150;178150;178150;178150;1;1;5
2026.06.17;13:05:00;178400;178400;178400;178400;1;6;5
2026.06.17;13:15:00;178485;178485;178485;178485;1;1;5
2026.06.17;13:20:00;178550;178550;178550;178550;1;1;5
2026.06.17;13:25:00;178645;178645;178640;178640;2;3;5
2026.06.17;13:35:00;178440;178615;178440;178615;2;4;5
2026.06.17;13:40:00;178500;178500;178500;178500;1;1;5
2026.06.17;13:45:00;178405;178530;178405;178530;2;2;5
2026.06.17;13:50:00;178660;178660;178530;178600;4;11;5
2026.06.17;13:55:00;178675;178835;178625;178625;6;7;5
2026.06.17;14:00:00;178775;178855;178775;178850;17;24;5
2026.06.17;14:05:00;178950;179040;178950;179040;7;22;5
2026.06.17;14:10:00;179120;179120;179120;179120;1;1;5
2026.06.17;14:15:00;178750;178750;178625;178625;2;3;5
2026.06.17;14:30:00;178410;178410;178380;178380;7;11;5
2026.06.17;14:35:00;178360;178490;178360;178490;5;7;5
2026.06.17;14:40:00;178290;178440;178290;178440;7;10;5
2026.06.17;14:45:00;178500;178585;178385;178560;7;11;5
2026.06.17;14:50:00;178550;178785;178550;178785;6;6;5
2026.06.17;15:00:00;178510;178510;177400;177400;33;52;5
2026.06.17;15:05:00;177350;177350;177000;177290;11;12;5
2026.06.17;15:10:00;177425;177450;177185;177270;10;21;5
2026.06.17;15:15:00;177180;177345;177180;177345;5;5;5
2026.06.17;15:20:00;177345;177345;177345;177345;1;1;5
2026.06.17;15:25:00;177250;177250;177100;177100;4;13;5
2026.06.17;15:30:00;177500;177570;177250;177250;14;54;5
2026.06.17;15:35:00;177500;177570;177425;177560;7;8;5
2026.06.17;15:45:00;177760;177760;177395;177395;4;4;5
2026.06.17;15:55:00;177385;177420;177225;177225;6;6;5
2026.06.17;16:00:00;177210;177210;177075;177075;5;8;5
2026.06.17;16:05:00;177055;177055;176850;176850;6;16;5
2026.06.17;16:10:00;176655;176655;176655;176655;1;1;5
2026.06.17;16:15:00;176675;176675;176270;176270;7;30;5
2026.06.17;16:20:00;176270;176270;175735;175735;10;17;5
2026.06.17;16:25:00;175735;175735;175550;175550;4;4;5
2026.06.17;16:30:00;175500;175565;175500;175565;3;3;5
2026.06.17;16:35:00;175530;175580;175205;175205;8;9;5
2026.06.17;16:40:00;175000;175000;175000;175000;2;2;5
2026.06.17;16:45:00;175095;175255;175095;175255;2;2;5
2026.06.17;16:55:00;175350;175350;175290;175290;4;12;5
2026.06.17;17:00:00;175195;175195;175195;175195;1;1;5
2026.06.17;17:10:00;175280;175330;175280;175330;2;2;5
2026.06.17;17:15:00;175180;175280;175150;175280;7;15;5
2026.06.17;17:25:00;175400;175450;175375;175450;9;25;5
2026.06.17;17:30:00;175400;175450;175400;175450;2;2;5
2026.06.17;17:35:00;175400;175400;175400;175400;1;1;5
2026.06.17;17:40:00;175200;175200;175160;175160;3;3;5
2026.06.17;17:50:00;175200;175200;175155;175155;5;7;5
2026.06.17;17:55:00;175245;175295;175245;175295;5;7;5
2026.06.17;18:10:00;175150;175150;175150;175150;1;1;5
2026.06.17;18:15:00;175140;175220;175020;175020;8;18;5
2026.06.17;18:20:00;175285;175300;175285;175300;5;5;5
2026.06.18;09:00:00;175300;175500;174140;174360;39;65;5
2026.06.18;09:05:00;174500;174680;173970;174380;57;199;5
2026.06.18;09:10:00;174365;175040;174340;175025;47;392;5
2026.06.18;09:15:00;174970;174970;174755;174950;37;98;5
2026.06.18;09:20:00;174865;175025;174700;174850;54;220;5
2026.06.18;09:25:00;174815;174980;174790;174980;26;78;5
2026.06.18;09:30:00;175000;175100;174890;174940;18;69;5
2026.06.18;09:35:00;174860;174960;174810;174920;22;82;5
2026.06.18;09:40:00;175020;175300;174980;175040;56;225;5
2026.06.18;09:45:00;175115;175115;174980;175105;14;32;5
2026.06.18;09:50:00;175025;175125;175025;175070;12;12;5
2026.06.18;09:55:00;175100;175100;175005;175005;4;5;5
2026.06.18;10:00:00;175205;175610;175135;175270;48;74;5
2026.06.18;10:05:00;175315;175465;175220;175290;12;13;5
2026.06.18;10:10:00;175255;175255;175050;175050;19;56;5
2026.06.18;10:15:00;175180;175450;175170;175270;21;48;5
2026.06.18;10:20:00;175240;175240;174970;175095;27;31;5
2026.06.18;10:25:00;175110;175395;174875;175320;32;33;5
2026.06.18;10:30:00;175455;175745;175400;175400;78;270;5
2026.06.18;10:35:00;175490;175705;175350;175350;27;34;5
2026.06.18;10:40:00;175365;175960;175300;175960;69;227;5
2026.06.18;10:45:00;175790;176070;175710;176070;39;176;5
2026.06.18;10:50:00;176120;176240;175825;175995;57;240;5
2026.06.18;10:55:00;175995;176040;175830;175920;16;43;5
2026.06.18;11:00:00;175780;175985;175730;175845;20;23;5
2026.06.18;11:05:00;175875;176020;175815;176020;8;8;5
2026.06.18;11:10:00;175895;176000;175895;175975;5;14;5
2026.06.18;11:15:00;175900;176240;175900;176240;9;45;5
2026.06.18;11:20:00;176175;176320;176100;176320;25;99;5
2026.06.18;11:25:00;176275;176275;176170;176170;7;22;5
2026.06.18;11:30:00;176330;176565;176330;176400;11;23;5
2026.06.18;11:35:00;176400;176675;176325;176635;49;324;5
2026.06.18;11:40:00;176450;176460;176335;176335;11;29;5
2026.06.18;11:45:00;176305;176305;176025;176205;38;87;5
2026.06.18;11:50:00;176020;176080;175940;175990;10;15;5
2026.06.18;11:55:00;175990;176135;175800;175845;16;75;5
2026.06.18;12:00:00;175845;175950;175755;175755;4;5;5
2026.06.18;12:05:00;175755;175795;175650;175650;15;16;5
2026.06.18;12:10:00;175805;175855;175565;175755;19;24;5
2026.06.18;12:15:00;175710;175840;175585;175620;19;20;5
2026.06.18;12:20:00;175705;175755;175590;175590;9;10;5
2026.06.18;12:25:00;175555;175720;175540;175670;18;23;5
2026.06.18;12:30:00;175600;175725;175500;175500;8;8;5
2026.06.18;12:35:00;175475;175475;175300;175330;20;23;5
2026.06.18;12:40:00;175300;175530;175300;175420;18;30;5
2026.06.18;12:45:00;175400;175550;175400;175445;15;47;5
2026.06.18;12:50:00;175495;175575;175495;175515;3;4;5
2026.06.18;12:55:00;175445;175450;175445;175450;2;2;5
2026.06.18;13:00:00;175350;175350;175250;175255;11;11;5
2026.06.18;13:05:00;175250;175300;175100;175100;31;75;5
2026.06.18;13:10:00;175115;175150;175050;175100;7;24;5
2026.06.18;13:15:00;175050;175100;174995;174995;21;42;5
2026.06.18;13:20:00;174955;175010;174935;175010;7;15;5
2026.06.18;13:25:00;175110;175155;175110;175155;4;16;5
2026.06.18;13:30:00;175195;175195;175030;175030;3;5;5
2026.06.18;13:40:00;175075;175110;175060;175080;6;16;5
2026.06.18;13:45:00;175130;175130;175130;175130;1;1;5
2026.06.18;13:50:00;175130;175135;175080;175080;7;7;5
2026.06.18;13:55:00;175130;175250;175130;175250;5;6;5
2026.06.18;14:00:00;175250;175380;175250;175280;26;29;5
2026.06.18;14:05:00;175265;175265;175190;175195;21;21;5
2026.06.18;14:10:00;175180;175200;175080;175200;9;13;5
2026.06.18;14:15:00;175130;175330;175130;175280;24;31;5
2026.06.18;14:20:00;175230;175280;175230;175260;4;7;5
2026.06.18;14:25:00;175230;175230;175110;175110;6;6;5
2026.06.18;14:30:00;175180;175230;175130;175230;6;6;5
2026.06.18;14:35:00;175180;175180;175110;175130;8;8;5
2026.06.18;14:40:00;175180;175185;174980;175050;33;34;5
2026.06.18;14:45:00;175065;175065;175015;175035;15;15;5
2026.06.18;14:50:00;175035;175225;175035;175180;17;19;5
2026.06.18;15:00:00;175090;175130;174930;174975;30;40;5
2026.06.18;15:05:00;174985;175055;174880;175055;33;38;5
2026.06.18;15:10:00;175105;175165;175105;175110;4;4;5
2026.06.18;15:15:00;175080;175335;175080;175335;13;21;5
2026.06.18;15:20:00;175270;175395;175270;175380;10;74;5
2026.06.18;15:25:00;175300;175370;175300;175370;4;32;5
2026.06.18;15:30:00;175365;175550;175365;175420;43;130;5
2026.06.18;15:35:00;175350;175395;175335;175395;8;34;5
2026.06.18;15:40:00;175395;175410;175370;175405;4;7;5
2026.06.18;15:45:00;175330;175375;175330;175375;2;2;5
2026.06.18;15:50:00;175430;175435;175415;175435;9;37;5
2026.06.18;15:55:00;175300;175300;175245;175270;15;34;5
2026.06.18;16:00:00;175225;175225;175225;175225;1;1;5
2026.06.18;16:05:00;175280;175345;175280;175345;2;11;5
2026.06.18;16:15:00;175200;175245;175200;175245;3;3;5
2026.06.18;16:20:00;175320;175440;175320;175345;31;45;5
2026.06.18;16:25:00;175335;175340;175315;175340;5;5;5
2026.06.18;16:30:00;175235;175235;175235;175235;2;2;5
2026.06.18;16:35:00;175235;175255;175140;175140;11;13;5
2026.06.18;16:40:00;175090;175185;175090;175185;23;51;5
2026.06.18;16:50:00;175295;175310;175290;175290;7;13;5
2026.06.18;16:55:00;175345;175370;175345;175370;4;20;5
2026.06.18;17:00:00;175255;175345;175255;175345;3;4;5
2026.06.18;17:10:00;175335;175400;175335;175400;6;57;5
2026.06.18;17:15:00;175350;175350;175350;175350;3;3;5
2026.06.18;17:20:00;175380;175380;175320;175320;2;8;5
2026.06.18;17:25:00;175375;175380;175375;175380;2;21;5
2026.06.18;17:30:00;175400;175445;175395;175445;12;25;5
2026.06.18;17:35:00;175400;175415;175305;175415;97;1385;5
2026.06.18;17:40:00;175410;175425;175410;175425;5;11;5
2026.06.18;17:45:00;175395;175405;175395;175405;4;4;5
2026.06.18;17:55:00;175400;175490;175400;175490;9;57;5
2026.06.18;18:00:00;175435;175600;175435;175520;11;81;5
2026.06.18;18:05:00;175610;175610;175500;175500;8;54;5
2026.06.18;18:10:00;175515;175545;175515;175545;2;2;5
2026.06.18;18:15:00;175580;175580;175575;175575;2;2;5
2026.06.18;18:20:00;175540;175685;175510;175685;19;28;5
2026.06.19;09:00:00;175200;175890;175010;175140;126;816;5
2026.06.19;09:05:00;175130;175160;174980;175000;36;110;5
2026.06.19;09:10:00;174970;175005;174780;174945;118;428;5
2026.06.19;09:15:00;174845;174935;174670;174935;58;238;5
2026.06.19;09:20:00;174915;174915;174730;174870;26;69;5
2026.06.19;09:25:00;174805;174805;174620;174635;41;195;5
2026.06.19;09:30:00;174670;174865;174670;174865;22;33;5
2026.06.19;09:35:00;174800;174805;174750;174800;31;58;5
2026.06.19;09:40:00;174880;175080;174880;175080;15;29;5
2026.06.19;09:45:00;175025;175025;174850;174960;11;13;5
2026.06.19;09:50:00;174945;175310;174945;175215;37;137;5
2026.06.19;09:55:00;175270;175340;175190;175220;25;31;5
2026.06.19;10:00:00;175145;175215;175115;175165;8;8;5
2026.06.19;10:05:00;175230;175400;175230;175400;15;17;5
2026.06.19;10:10:00;175360;175660;175235;175235;67;122;5
2026.06.19;10:15:00;175225;175260;175025;175230;24;36;5
2026.06.19;10:20:00;175300;175480;175300;175400;7;11;5
2026.06.19;10:25:00;175440;175575;175300;175300;34;36;5
2026.06.19;10:30:00;175250;175250;174895;175120;36;98;5
2026.06.19;10:35:00;175230;175250;175175;175245;16;16;5
2026.06.19;10:40:00;175300;175300;175080;175135;28;28;5
2026.06.19;10:45:00;175080;175080;174880;174880;11;13;5
2026.06.19;10:50:00;174920;175000;174700;174700;22;54;5
2026.06.19;10:55:00;174725;174800;174500;174500;123;622;5
2026.06.19;11:00:00;174590;175000;174590;174915;25;48;5
2026.06.19;11:05:00;175040;175240;175040;175200;51;75;5
2026.06.19;11:10:00;175250;175365;175210;175265;40;40;5
2026.06.19;11:15:00;175240;175240;175140;175235;13;30;5
2026.06.19;11:20:00;175185;175185;175080;175115;17;17;5
2026.06.19;11:25:00;175265;175305;175265;175295;8;63;5
2026.06.19;11:30:00;175260;175380;175215;175215;46;55;5
2026.06.19;11:40:00;175165;175275;175165;175275;7;7;5
2026.06.19;11:45:00;175185;175185;175085;175085;7;7;5
2026.06.19;11:50:00;175210;175285;175190;175285;14;14;5
2026.06.19;11:55:00;175245;175305;175215;175285;14;14;5
2026.06.19;12:00:00;175190;175190;175190;175190;1;1;5
2026.06.19;12:05:00;175190;175345;175190;175320;13;13;5
2026.06.19;12:10:00;175380;175465;175375;175395;29;33;5
2026.06.19;12:15:00;175400;175400;175325;175325;12;12;5
2026.06.19;12:20:00;175320;175320;175260;175270;12;14;5
2026.06.19;12:25:00;175295;175295;175170;175170;8;12;5
2026.06.19;12:30:00;175245;175245;175100;175100;18;28;5
2026.06.19;12:35:00;175160;175160;175150;175150;2;2;5
2026.06.19;12:40:00;175140;175140;175140;175140;1;1;5
2026.06.19;12:45:00;175200;175200;175200;175200;1;1;5
2026.06.19;12:50:00;175100;175100;175000;175000;15;67;5
2026.06.19;12:55:00;175025;175040;175000;175040;3;16;5
2026.06.19;13:00:00;175100;175115;175100;175115;8;15;5
2026.06.19;13:05:00;175040;175040;174945;174945;11;17;5
2026.06.19;13:10:00;174965;174965;174925;174925;4;16;5
2026.06.19;13:20:00;175015;175055;175015;175025;6;8;5
2026.06.19;13:25:00;175050;175110;175050;175110;6;8;5
2026.06.19;13:30:00;175010;175010;174970;174970;4;5;5
2026.06.19;13:35:00;174905;174905;174800;174800;15;64;5
2026.06.19;13:45:00;174910;174920;174870;174920;6;25;5
2026.06.19;13:50:00;174920;174925;174770;174800;26;48;5
2026.06.19;13:55:00;174770;174770;174735;174760;11;67;5
2026.06.19;14:00:00;174775;174810;174770;174810;5;41;5
2026.06.19;14:15:00;174945;175000;174945;174965;7;9;5
2026.06.19;14:20:00;175025;175055;175020;175050;15;70;5
2026.06.19;14:25:00;175030;175105;174995;175015;36;50;5
2026.06.19;14:30:00;175035;175225;175020;175160;82;82;5
2026.06.19;14:35:00;175165;175250;175160;175180;18;20;5
2026.06.19;14:40:00;175215;175465;175215;175395;19;34;5
2026.06.19;14:45:00;175415;175565;175325;175540;37;85;5
2026.06.19;14:50:00;175500;175635;175480;175535;28;34;5
2026.06.19;14:55:00;175510;175525;175490;175525;5;5;5
2026.06.19;15:00:00;175430;175520;175425;175450;13;13;5
2026.06.19;15:05:00;175460;175460;175360;175390;12;16;5
2026.06.19;15:10:00;175460;175500;175440;175500;6;6;5
2026.06.19;15:15:00;175505;175505;175425;175425;9;12;5
2026.06.19;15:20:00;175420;175495;175400;175450;6;8;5
2026.06.19;15:25:00;175470;175470;175470;175470;1;1;5
2026.06.19;15:30:00;175380;175390;175340;175375;8;10;5
2026.06.19;15:35:00;175355;175355;175355;175355;1;9;5
2026.06.19;15:40:00;175445;175490;175400;175490;9;12;5
2026.06.19;15:55:00;175445;175445;175405;175405;2;2;5
2026.06.19;16:00:00;175390;175390;175215;175220;15;26;5
2026.06.19;16:05:00;175260;175305;175260;175305;5;15;5
2026.06.19;16:10:00;175320;175320;175205;175205;7;13;5
2026.06.19;16:15:00;175225;175225;175180;175180;3;9;5
2026.06.19;16:20:00;175265;175285;175265;175285;2;2;5
2026.06.19;16:25:00;175165;175225;175165;175225;3;3;5
2026.06.19;16:30:00;175180;175180;175150;175150;2;2;5
2026.06.19;16:35:00;175165;175165;175075;175075;14;15;5
2026.06.19;16:40:00;175120;175120;175000;175040;18;63;5
2026.06.19;16:45:00;175080;175310;175080;175310;28;70;5
2026.06.19;16:50:00;175305;175305;175240;175240;6;8;5
2026.06.19;16:55:00;175205;175205;175160;175160;14;17;5
2026.06.19;17:00:00;175025;175035;175020;175035;7;17;5
2026.06.19;17:05:00;175055;175135;175055;175135;7;27;5
2026.06.19;17:10:00;175175;175215;175130;175130;18;20;5
2026.06.19;17:15:00;175095;175095;175095;175095;1;1;5
2026.06.19;17:20:00;175115;175115;175115;175115;1;2;5
2026.06.19;17:30:00;175140;175140;175140;175140;1;1;5
2026.06.19;17:35:00;175115;175140;175045;175045;4;16;5
2026.06.19;17:40:00;175085;175085;175060;175060;3;3;5
2026.06.19;17:45:00;175045;175070;175045;175070;4;11;5
2026.06.19;17:50:00;175055;175070;175045;175070;4;4;5
2026.06.19;17:55:00;175070;175115;175070;175115;15;40;5
2026.06.19;18:00:00;175165;175255;175165;175215;7;45;5
2026.06.19;18:05:00;175165;175180;175165;175180;2;4;5
2026.06.19;18:10:00;175240;175260;175240;175260;2;2;5
2026.06.19;18:15:00;175255;175400;175000;175400;146;1340;5
2026.06.19;18:20:00;175450;175610;175450;175450;19;59;5
2026.06.22;09:00:00;175205;175260;173990;174050;229;745;5
2026.06.22;09:05:00;174140;174425;173975;174425;42;93;5
2026.06.22;09:10:00;174425;174735;174425;174585;91;151;5
2026.06.22;09:15:00;174565;175200;174565;174855;172;700;5
2026.06.22;09:20:00;174780;174930;174725;174905;49;107;5
2026.06.22;09:25:00;174850;174950;174825;174865;26;227;5
2026.06.22;09:30:00;175065;175110;175065;175110;4;4;5
2026.06.22;09:35:00;175105;175150;174975;175040;27;101;5
2026.06.22;09:40:00;175010;175220;174985;175215;13;23;5
2026.06.22;09:45:00;175105;175145;175055;175145;25;34;5
2026.06.22;09:50:00;175120;175300;175035;175280;30;66;5
2026.06.22;09:55:00;175235;175235;175060;175140;40;76;5
2026.06.22;10:00:00;175120;175780;175120;175480;102;437;5
2026.06.22;10:05:00;175505;176000;175465;175795;117;486;5
2026.06.22;10:10:00;175830;176550;175715;176550;85;575;5
2026.06.22;10:15:00;176595;176880;176555;176835;90;354;5
2026.06.22;10:20:00;176655;177125;176560;177125;49;225;5
2026.06.22;10:25:00;177020;177195;176950;176950;27;69;5
2026.06.22;10:30:00;176965;176965;176370;176380;50;119;5
2026.06.22;10:35:00;176330;176375;176015;176280;13;18;5
2026.06.22;10:40:00;176225;176225;175950;176155;6;11;5
2026.06.22;10:45:00;176395;176425;176225;176400;6;7;5
2026.06.22;10:50:00;176335;176870;176335;176870;36;51;5
2026.06.22;10:55:00;176815;176815;176655;176655;7;9;5
2026.06.22;11:00:00;176470;176675;176470;176675;8;8;5
2026.06.22;11:05:00;176750;176750;176560;176585;11;28;5
2026.06.22;11:10:00;176775;177035;176765;177015;47;131;5
2026.06.22;11:15:00;176920;176960;176800;176825;14;17;5
2026.06.22;11:20:00;176775;176870;176750;176750;9;10;5
2026.06.22;11:25:00;176915;177100;176885;176900;17;114;5
2026.06.22;11:30:00;176785;176905;176710;176905;10;19;5
2026.06.22;11:35:00;176905;176905;176905;176905;1;1;5
2026.06.22;11:40:00;176905;176905;176875;176875;2;2;5
2026.06.22;11:45:00;176835;177135;176835;176985;15;23;5
2026.06.22;11:50:00;176985;176985;176885;176885;4;4;5
2026.06.22;11:55:00;177120;177520;177120;177450;32;37;5
2026.06.22;12:00:00;177550;177575;177465;177465;8;10;5
2026.06.22;12:05:00;177400;177400;177200;177200;21;31;5
2026.06.22;12:10:00;177230;177360;177230;177340;7;8;5
2026.06.22;12:15:00;177310;177355;177240;177240;5;5;5
2026.06.22;12:20:00;177100;177200;177095;177200;4;4;5
2026.06.22;12:25:00;177170;177285;177150;177285;18;21;5
2026.06.22;12:30:00;177210;177220;177190;177190;10;14;5
2026.06.22;12:45:00;177245;177245;176985;176985;8;9;5
2026.06.22;12:50:00;177005;177005;176950;176975;6;8;5
2026.06.22;12:55:00;176995;177105;176995;177105;4;9;5
2026.06.22;13:00:00;176900;176925;176825;176865;20;48;5
2026.06.22;13:05:00;176790;176825;176790;176810;7;7;5
2026.06.22;13:10:00;176770;176770;176770;176770;3;3;5
2026.06.22;13:15:00;176770;176945;176770;176945;13;13;5
2026.06.22;13:20:00;177035;177065;176890;176960;24;41;5
2026.06.22;13:25:00;176990;176990;176990;176990;1;1;5
2026.06.22;13:30:00;177020;177200;177020;177200;13;13;5
2026.06.22;13:35:00;177190;177295;177190;177250;6;15;5
2026.06.22;13:40:00;177245;177250;177245;177250;3;11;5
2026.06.22;13:45:00;177205;177300;177205;177255;5;5;5
2026.06.22;13:50:00;177315;177350;177295;177350;8;8;5
2026.06.22;13:55:00;177395;177425;177310;177415;37;145;5
2026.06.22;14:00:00;177345;177485;177345;177440;10;38;5
2026.06.22;14:05:00;177370;177370;177300;177350;7;54;5
2026.06.22;14:10:00;177330;177330;177330;177330;3;3;5
2026.06.22;14:15:00;177380;177520;177380;177440;27;50;5
2026.06.22;14:20:00;177295;177295;177295;177295;1;1;5
2026.06.22;14:25:00;177245;177250;177175;177195;26;47;5
2026.06.22;14:30:00;177145;177145;177050;177050;11;26;5
2026.06.22;14:35:00;176975;176975;176935;176935;9;43;5
2026.06.22;14:40:00;177045;177085;177005;177005;5;9;5
2026.06.22;14:45:00;176980;177060;176980;177060;2;2;5
2026.06.22;14:50:00;177145;177165;177060;177060;5;5;5
2026.06.22;14:55:00;177070;177070;177070;177070;1;1;5
2026.06.22;15:00:00;177175;177250;177175;177200;7;32;5
2026.06.22;15:05:00;177155;177155;177155;177155;1;1;5
2026.06.22;15:10:00;177275;177290;177275;177285;12;12;5
2026.06.22;15:20:00;177285;177380;177275;177380;12;44;5
2026.06.22;15:25:00;177275;177275;177275;177275;1;1;5
2026.06.22;15:30:00;177240;177240;177240;177240;6;10;5
2026.06.22;15:35:00;177300;177300;177300;177300;1;1;5
2026.06.22;15:40:00;177335;177335;177335;177335;1;1;5
2026.06.22;15:45:00;177425;177425;177425;177425;5;10;5
2026.06.22;15:50:00;177345;177395;177270;177270;7;8;5
2026.06.22;16:00:00;177270;177525;177270;177515;26;27;5
2026.06.22;16:05:00;177480;177600;177455;177550;22;33;5
2026.06.22;16:10:00;177520;177560;177475;177560;6;6;5
2026.06.22;16:20:00;177535;177545;177500;177500;3;3;5
2026.06.22;16:25:00;177465;177465;177450;177450;3;3;5
2026.06.22;16:30:00;177420;177420;177345;177405;13;13;5
2026.06.22;16:35:00;177450;177495;177450;177495;2;2;5
2026.06.22;16:40:00;177470;177470;177255;177300;11;26;5
2026.06.22;16:45:00;177345;177345;177345;177345;1;1;5
2026.06.22;16:50:00;177340;177340;177330;177330;2;2;5
2026.06.22;16:55:00;177265;177265;177245;177245;4;5;5
2026.06.22;17:00:00;177225;177225;177225;177225;1;1;5
2026.06.22;17:05:00;177115;177120;177020;177100;8;13;5
2026.06.22;17:10:00;177070;177125;177065;177120;5;30;5
2026.06.22;17:15:00;177125;177125;177060;177060;2;2;5
2026.06.22;17:20:00;177090;177165;177090;177165;3;3;5
2026.06.22;17:25:00;177145;177145;177115;177115;4;4;5
2026.06.22;17:30:00;177165;177240;177165;177240;8;31;5
2026.06.22;17:35:00;177255;177275;177255;177255;4;6;5
2026.06.22;17:40:00;177280;177320;177280;177285;3;3;5
2026.06.22;17:45:00;177275;177305;177275;177305;8;10;5
2026.06.22;17:50:00;177290;177375;177260;177375;15;16;5
2026.06.22;17:55:00;177370;177395;177320;177395;120;904;5
2026.06.22;18:00:00;177370;177375;177270;177320;110;835;5
2026.06.22;18:05:00;177305;177360;177305;177325;5;15;5
2026.06.22;18:10:00;177340;177350;177325;177345;5;5;5
2026.06.22;18:15:00;177350;177390;177320;177320;12;89;5
2026.06.22;18:20:00;177270;177270;177155;177155;14;37;5
2026.06.23;09:00:00;176160;176160;175735;175815;130;331;5
2026.06.23;09:05:00;175765;175895;175190;175665;175;814;5
2026.06.23;09:10:00;175650;175655;175470;175600;90;106;5
2026.06.23;09:15:00;175550;175750;175550;175685;35;39;5
2026.06.23;09:20:00;175745;175750;175485;175570;18;25;5
2026.06.23;09:25:00;175560;175600;175415;175425;68;144;5
2026.06.23;09:30:00;175410;175685;175385;175595;42;113;5
2026.06.23;09:35:00;175515;175560;175455;175550;12;88;5
2026.06.23;09:40:00;175500;175550;175465;175550;46;81;5
2026.06.23;09:45:00;175585;175600;175375;175435;56;338;5
2026.06.23;09:50:00;175385;175480;175220;175480;81;204;5
2026.06.23;09:55:00;175420;175440;175280;175410;18;42;5
2026.06.23;10:00:00;175500;175550;175370;175445;16;26;5
2026.06.23;10:05:00;175405;175435;175130;175220;148;411;5
2026.06.23;10:10:00;175270;175725;175210;175725;42;106;5
2026.06.23;10:15:00;175740;175825;175515;175715;78;142;5
2026.06.23;10:20:00;175675;175675;175345;175350;35;83;5
2026.06.23;10:25:00;175575;176030;175550;176030;53;113;5
2026.06.23;10:30:00;176000;176745;176000;176705;146;419;5
2026.06.23;10:35:00;176600;176795;176370;176560;67;426;5
2026.06.23;10:40:00;176520;176520;176085;176125;30;105;5
2026.06.23;10:45:00;176145;176295;175980;176225;51;177;5
2026.06.23;10:50:00;176350;176530;176350;176530;12;14;5
2026.06.23;10:55:00;176505;176655;176410;176545;93;614;5
2026.06.23;11:00:00;176565;177115;176525;177010;90;146;5
2026.06.23;11:05:00;176960;177135;176915;176915;25;31;5
2026.06.23;11:10:00;176905;176905;176755;176770;14;35;5
2026.06.23;11:15:00;176735;177215;176735;177215;16;19;5
2026.06.23;11:20:00;177200;177405;177200;177305;34;57;5
2026.06.23;11:25:00;177240;177500;177140;177500;29;39;5
2026.06.23;11:30:00;177390;177470;177245;177245;16;16;5
2026.06.23;11:35:00;177390;177440;177340;177395;11;13;5
2026.06.23;11:40:00;177450;177610;177360;177605;20;51;5
2026.06.23;11:45:00;177505;177800;177475;177775;178;274;5
2026.06.23;11:50:00;177725;177890;177690;177720;262;594;5
2026.06.23;11:55:00;177800;177800;177510;177630;45;70;5
2026.06.23;12:00:00;177600;177865;177580;177800;26;33;5
2026.06.23;12:05:00;177835;178000;177835;177860;53;100;5
2026.06.23;12:10:00;177905;177935;177680;177680;34;76;5
2026.06.23;12:15:00;177755;177795;177655;177725;18;21;5
2026.06.23;12:20:00;177650;177690;177600;177600;8;8;5
2026.06.23;12:25:00;177600;177630;177520;177520;10;22;5
2026.06.23;12:30:00;177575;177635;177455;177455;29;59;5
2026.06.23;12:35:00;177430;177460;177275;177275;33;42;5
2026.06.23;12:40:00;177265;177390;177265;177390;4;4;5
2026.06.23;12:45:00;177305;177305;177225;177305;10;10;5
2026.06.23;12:50:00;177310;177500;177310;177500;20;22;5
2026.06.23;12:55:00;177500;177585;177500;177530;20;27;5
2026.06.23;13:00:00;177585;177710;177565;177710;22;49;5
2026.06.23;13:05:00;177750;178105;177750;178100;97;143;5
2026.06.23;13:10:00;178150;178285;178100;178125;42;101;5
2026.06.23;13:15:00;178075;178075;177960;177960;25;51;5
2026.06.23;13:20:00;178020;178215;178020;178215;9;11;5
2026.06.23;13:25:00;178210;178215;178120;178150;16;27;5
2026.06.23;13:30:00;178165;178430;178100;178240;39;46;5
2026.06.23;13:35:00;178220;178245;178190;178215;8;8;5
2026.06.23;13:40:00;178200;178245;178200;178245;20;20;5
2026.06.23;13:45:00;178200;178245;178175;178245;6;22;5
2026.06.23;13:50:00;178205;178255;178205;178210;3;3;5
2026.06.23;13:55:00;178150;178150;178050;178125;19;51;5
2026.06.23;14:05:00;178090;178090;177955;178040;13;18;5
2026.06.23;14:10:00;178045;178235;178045;178150;7;7;5
2026.06.23;14:15:00;178150;178150;178100;178100;3;3;5
2026.06.23;14:20:00;178140;178235;178135;178195;6;6;5
2026.06.23;14:25:00;178135;178255;178100;178255;10;12;5
2026.06.23;14:30:00;178200;178200;178120;178175;11;11;5
2026.06.23;14:35:00;178155;178175;178120;178120;11;12;5
2026.06.23;14:40:00;178225;178225;178225;178225;1;1;5
2026.06.23;14:45:00;178255;178335;178245;178250;39;45;5
2026.06.23;14:50:00;178250;178250;178190;178190;16;16;5
2026.06.23;14:55:00;178185;178215;178175;178175;5;5;5
2026.06.23;15:00:00;178270;178315;178205;178205;17;18;5
2026.06.23;15:05:00;178195;178195;178145;178145;5;9;5
2026.06.23;15:10:00;178185;178200;178185;178200;3;4;5
2026.06.23;15:15:00;178205;178205;178150;178150;3;3;5
2026.06.23;15:20:00;178125;178125;178055;178055;9;25;5
2026.06.23;15:25:00;178050;178075;177915;177915;18;21;5
2026.06.23;15:30:00;177860;177945;177850;177945;5;9;5
2026.06.23;15:35:00;177955;178025;177955;177970;9;15;5
2026.06.23;15:40:00;177930;177930;177860;177860;7;7;5
2026.06.23;15:45:00;177860;177865;177805;177865;7;8;5
2026.06.23;15:50:00;177905;177950;177875;177875;8;9;5
2026.06.23;15:55:00;177910;177950;177880;177920;5;13;5
2026.06.23;16:00:00;177940;177995;177920;177990;6;9;5
2026.06.23;16:05:00;178005;178010;177945;178010;5;5;5
2026.06.23;16:10:00;178105;178175;178095;178095;3;7;5
2026.06.23;16:20:00;178060;178300;178060;178250;30;31;5
2026.06.23;16:25:00;178260;178345;178260;178300;9;18;5
2026.06.23;16:30:00;178340;178385;178245;178375;28;46;5
2026.06.23;16:35:00;178385;178490;178360;178360;16;24;5
2026.06.23;16:40:00;178330;178380;178290;178380;20;34;5
2026.06.23;16:45:00;178350;178350;178180;178180;18;22;5
2026.06.23;16:50:00;178175;178250;178140;178230;10;12;5
2026.06.23;16:55:00;178150;178150;178060;178115;14;16;5
2026.06.23;17:00:00;178080;178080;178000;178030;9;24;5
2026.06.23;17:05:00;178110;178140;178110;178140;4;4;5
2026.06.23;17:10:00;178155;178245;178155;178160;24;64;5
2026.06.23;17:15:00;178180;178290;178170;178290;15;15;5
2026.06.23;17:20:00;178290;178335;178290;178315;14;18;5
2026.06.23;17:25:00;178315;178315;178315;178315;1;2;5
2026.06.23;17:30:00;178310;178310;178275;178275;4;4;5
2026.06.23;17:35:00;178310;178310;178290;178290;11;11;5
2026.06.23;17:40:00;178260;178375;178240;178375;18;21;5
2026.06.23;17:45:00;178345;178350;178345;178350;3;4;5
2026.06.23;17:50:00;178345;178370;178345;178370;3;3;5
2026.06.23;17:55:00;178395;178480;178380;178395;33;88;5
2026.06.23;18:00:00;178390;178560;178375;178560;22;63;5
2026.06.23;18:05:00;178545;178570;178525;178555;6;37;5
2026.06.23;18:10:00;178545;178645;178545;178610;55;729;5
2026.06.23;18:15:00;178605;178650;178575;178585;17;91;5
2026.06.23;18:20:00;178565;178565;178460;178510;73;761;5
2026.06.24;09:00:00;177945;178450;177565;177890;506;2426;5
2026.06.24;09:05:00;177840;177880;177130;177365;72;121;5
2026.06.24;09:10:00;177260;177260;176825;176840;72;220;5
2026.06.24;09:15:00;176910;177095;176780;176865;33;35;5
2026.06.24;09:20:00;176875;176920;176610;176630;61;103;5
2026.06.24;09:25:00;176675;176855;176610;176765;32;94;5
2026.06.24;09:30:00;176820;176870;176570;176685;19;23;5
2026.06.24;09:35:00;176760;176760;176630;176630;5;5;5
2026.06.24;09:40:00;176710;176710;176645;176695;4;13;5
2026.06.24;09:45:00;176735;176810;176560;176595;13;15;5
2026.06.24;09:50:00;176680;176815;176670;176815;11;12;5
2026.06.24;09:55:00;176780;176850;176610;176735;9;29;5
2026.06.24;10:00:00;176735;176900;175970;176750;295;719;5
2026.06.24;10:05:00;176765;177025;176650;177025;31;44;5
2026.06.24;10:10:00;177040;177360;176975;177180;60;151;5
2026.06.24;10:15:00;177270;177465;176985;177465;59;118;5
2026.06.24;10:20:00;177490;177750;177375;177655;188;773;5
2026.06.24;10:25:00;177645;178035;177615;177975;158;462;5
2026.06.24;10:30:00;178060;178100;177055;177140;202;482;5
2026.06.24;10:35:00;177075;177450;176950;177330;118;343;5
2026.06.24;10:40:00;177155;177350;177065;177350;26;74;5
2026.06.24;10:45:00;177290;177290;177000;177115;29;82;5
2026.06.24;10:50:00;177125;177525;177125;177295;48;108;5
2026.06.24;10:55:00;177410;177410;176825;177040;56;72;5
2026.06.24;11:00:00;177080;177350;176915;177035;156;459;5
2026.06.24;11:05:00;177140;177175;177105;177125;18;38;5
2026.06.24;11:10:00;177100;177115;176885;177000;54;126;5
2026.06.24;11:15:00;177115;177115;176860;176860;17;17;5
2026.06.24;11:20:00;176850;176900;176655;176655;88;447;5
2026.06.24;11:25:00;176630;176700;176490;176670;27;97;5
2026.06.24;11:30:00;176625;176625;176450;176535;11;19;5
2026.06.24;11:35:00;176535;176700;176245;176365;231;1775;5
2026.06.24;11:40:00;176325;176610;176270;176610;105;843;5
2026.06.24;11:45:00;176660;176940;176660;176825;111;656;5
2026.06.24;11:50:00;176865;176865;176445;176490;28;41;5
2026.06.24;11:55:00;176490;176655;176480;176655;9;24;5
2026.06.24;12:00:00;176675;176835;176580;176815;25;47;5
2026.06.24;12:05:00;176855;176855;176490;176540;27;48;5
2026.06.24;12:10:00;176610;176905;176610;176905;18;30;5
2026.06.24;12:15:00;176935;177030;176930;177030;13;19;5
2026.06.24;12:20:00;177125;177160;176830;176840;30;186;5
2026.06.24;12:25:00;176810;176995;176805;176980;13;21;5
2026.06.24;12:30:00;177035;177035;176680;176955;17;45;5
2026.06.24;12:35:00;176850;176850;176820;176850;4;12;5
2026.06.24;12:45:00;176880;177000;176880;177000;6;6;5
2026.06.24;12:50:00;176930;176930;176830;176830;7;14;5
2026.06.24;12:55:00;176890;176890;176790;176790;4;5;5
2026.06.24;13:00:00;176750;176750;176750;176750;5;5;5
2026.06.24;13:05:00;176700;176750;176650;176700;5;5;5
2026.06.24;13:10:00;176780;176780;176780;176780;1;1;5
2026.06.24;13:15:00;176775;176775;176775;176775;1;3;5
2026.06.24;13:20:00;176835;176970;176835;176895;6;6;5
2026.06.24;13:25:00;176890;176890;176860;176865;3;4;5
2026.06.24;13:30:00;176870;177150;176870;177055;19;28;5
2026.06.24;13:35:00;177180;177190;176905;177015;33;95;5
2026.06.24;13:40:00;176930;176995;176860;176930;41;57;5
2026.06.24;13:45:00;176915;177060;176915;177020;14;14;5
2026.06.24;13:50:00;177035;177065;176970;176970;4;4;5
2026.06.24;13:55:00;176955;176955;176860;176890;4;4;5
2026.06.24;14:00:00;176895;176995;176895;176995;2;2;5
2026.06.24;14:05:00;176750;176750;176725;176725;2;3;5
2026.06.24;14:10:00;176735;176735;176675;176675;3;3;5
2026.06.24;14:15:00;176640;176680;176540;176675;15;18;5
2026.06.24;14:20:00;176605;176645;176480;176480;19;30;5
2026.06.24;14:25:00;176410;176530;176305;176490;169;2279;5
2026.06.24;14:30:00;176500;176615;176490;176605;42;314;5
2026.06.24;14:35:00;176550;176550;176470;176510;12;39;5
2026.06.24;14:40:00;176475;176485;176400;176410;12;32;5
2026.06.24;14:45:00;176365;176560;176345;176510;20;50;5
2026.06.24;14:50:00;176565;176685;176460;176685;22;36;5
2026.06.24;14:55:00;176685;176860;176675;176675;117;405;5
2026.06.24;15:00:00;176755;176755;176755;176755;1;1;5
2026.06.24;15:05:00;176760;176870;176760;176870;8;8;5
2026.06.24;15:10:00;176870;177000;176815;176905;33;51;5
2026.06.24;15:15:00;176905;177070;176900;176960;45;113;5
2026.06.24;15:20:00;176880;176950;176870;176950;9;9;5
2026.06.24;15:25:00;176870;177010;176870;176915;17;128;5
2026.06.24;15:30:00;176955;176995;176910;176995;4;5;5
2026.06.24;15:35:00;177010;177010;176915;176915;9;10;5
2026.06.24;15:40:00;176945;177060;176945;177060;6;6;5
2026.06.24;15:45:00;177015;177015;176850;176910;11;23;5
2026.06.24;15:50:00;176890;177230;176890;177220;18;21;5
2026.06.24;15:55:00;177080;177080;177055;177070;11;14;5
2026.06.24;16:00:00;177145;177170;177075;177075;4;9;5
2026.06.24;16:05:00;177050;177070;177000;177070;15;17;5
2026.06.24;16:10:00;177150;177315;177100;177315;34;141;5
2026.06.24;16:15:00;177310;177385;177270;177305;135;335;5
2026.06.24;16:20:00;177270;177270;177225;177230;8;16;5
2026.06.24;16:25:00;177325;177395;177285;177330;62;226;5
2026.06.24;16:30:00;177240;177240;177150;177150;2;3;5
2026.06.24;16:35:00;177125;177180;177100;177180;43;335;5
2026.06.24;16:40:00;177145;177175;177115;177130;32;52;5
2026.06.24;16:45:00;177180;177180;177165;177165;2;3;5
2026.06.24;16:50:00;177200;177220;177130;177220;9;33;5
2026.06.24;16:55:00;177220;177220;177145;177145;57;502;5
2026.06.24;17:00:00;177195;177405;177190;177365;15;16;5
2026.06.24;17:05:00;177325;177540;177325;177530;19;30;5
2026.06.24;17:10:00;177545;177665;177545;177600;15;30;5
2026.06.24;17:15:00;177510;177525;177475;177525;7;15;5
2026.06.24;17:20:00;177545;177605;177540;177545;17;22;5
2026.06.24;17:25:00;177560;177575;177560;177575;2;2;5
2026.06.24;17:30:00;177650;177675;177565;177565;7;8;5
2026.06.24;17:40:00;177690;177785;177690;177770;13;23;5
2026.06.24;17:45:00;177795;177795;177695;177695;2;6;5
2026.06.24;17:50:00;177710;177850;177710;177850;15;113;5
2026.06.24;17:55:00;177820;177850;177820;177840;6;38;5
2026.06.24;18:00:00;177880;178000;177880;178000;9;20;5
2026.06.24;18:05:00;178005;178110;177975;178110;8;19;5
2026.06.24;18:10:00;178085;178180;178035;178045;51;777;5
2026.06.24;18:15:00;178055;178055;177945;177960;34;776;5
2026.06.24;18:20:00;177970;177970;177845;177845;7;42;5
2026.06.25;09:00:00;177650;178775;177460;177730;538;2917;5
2026.06.25;09:05:00;177755;178720;177755;178680;112;369;5
2026.06.25;09:10:00;178480;178480;178170;178220;34;91;5
2026.06.25;09:15:00;178140;178540;178075;178540;47;100;5
2026.06.25;09:20:00;178540;178540;178025;178120;65;148;5
2026.06.25;09:25:00;178020;178375;178010;178375;14;19;5
2026.06.25;09:30:00;178365;178880;178305;178880;34;43;5
2026.06.25;09:35:00;178865;178910;178645;178770;247;729;5
2026.06.25;09:40:00;178780;178780;178580;178780;17;56;5
2026.06.25;09:45:00;178770;178900;178590;178590;199;700;5
2026.06.25;09:50:00;178500;178535;178245;178245;31;41;5
2026.06.25;09:55:00;178205;178265;178170;178170;12;16;5
2026.06.25;10:00:00;178175;178220;178085;178195;15;18;5
2026.06.25;10:05:00;178330;178460;178285;178400;10;20;5
2026.06.25;10:10:00;178345;179255;178345;179210;1178;6323;5
2026.06.25;10:15:00;179210;179470;178985;179040;231;1186;5
2026.06.25;10:20:00;179005;179015;178625;178905;74;271;5
2026.06.25;10:25:00;178770;178780;178265;178445;91;446;5
2026.06.25;10:30:00;178445;178570;177785;177810;122;213;5
2026.06.25;10:35:00;177900;178000;177575;177670;45;115;5
2026.06.25;10:40:00;177630;178075;177630;178075;42;123;5
2026.06.25;10:45:00;178075;178165;177855;178010;31;44;5
2026.06.25;10:50:00;178135;178370;178100;178360;35;63;5
2026.06.25;10:55:00;178100;178100;177860;177915;24;32;5
2026.06.25;11:00:00;178040;178830;178040;178805;80;245;5
2026.06.25;11:05:00;178805;179005;178605;179005;54;97;5
2026.06.25;11:10:00;179005;179140;178730;178775;76;277;5
2026.06.25;11:15:00;178880;178900;178630;178900;19;51;5
2026.06.25;11:20:00;179150;179360;179080;179290;25;26;5
2026.06.25;11:25:00;179310;179635;179310;179635;21;69;5
2026.06.25;11:30:00;179655;179825;179510;179820;54;273;5
2026.06.25;11:35:00;179815;179935;179660;179915;22;28;5
2026.06.25;11:40:00;179780;179780;179700;179755;5;5;5
2026.06.25;11:45:00;179790;179790;179455;179510;79;243;5
2026.06.25;11:50:00;179600;179600;179210;179250;108;1013;5
2026.06.25;11:55:00;179220;179250;179100;179220;16;30;5
2026.06.25;12:00:00;179190;179250;179000;179250;20;36;5
2026.06.25;12:05:00;179295;179385;179085;179125;27;33;5
2026.06.25;12:10:00;179160;179160;178960;179110;24;44;5
2026.06.25;12:15:00;179065;179250;179035;179220;8;14;5
2026.06.25;12:20:00;179230;179450;179230;179425;14;43;5
2026.06.25;12:25:00;179390;179500;179380;179495;28;62;5
2026.06.25;12:30:00;179525;179610;179525;179605;31;45;5
2026.06.25;12:35:00;179580;179620;179565;179620;9;9;5
2026.06.25;12:40:00;179625;179760;179625;179760;8;12;5
2026.06.25;12:45:00;179690;179760;179680;179700;6;9;5
2026.06.25;12:50:00;179630;179630;179500;179585;4;5;5
2026.06.25;12:55:00;179615;179615;179615;179615;1;1;5
2026.06.25;13:00:00;179570;179570;179570;179570;1;1;5
2026.06.25;13:05:00;179655;179655;179655;179655;1;2;5
2026.06.25;13:10:00;179750;179875;179750;179850;19;20;5
2026.06.25;13:15:00;179850;179900;179850;179895;27;46;5
2026.06.25;13:20:00;179850;179850;179785;179785;8;8;5
2026.06.25;13:25:00;179650;179650;179650;179650;1;1;5
2026.06.25;13:30:00;179655;179655;179590;179590;2;2;5
2026.06.25;13:35:00;179585;179585;179360;179360;13;31;5
2026.06.25;13:40:00;179360;179360;179200;179200;7;7;5
2026.06.25;13:45:00;179275;179285;179255;179285;15;130;5
2026.06.25;13:50:00;179330;179505;179270;179505;34;59;5
2026.06.25;13:55:00;179530;179530;179305;179340;11;13;5
2026.06.25;14:00:00;179400;179420;179400;179400;4;5;5
2026.06.25;14:05:00;179445;179445;179445;179445;2;2;5
2026.06.25;14:15:00;179300;179345;178895;178895;23;24;5
2026.06.25;14:20:00;178850;179015;178850;178975;94;311;5
2026.06.25;14:25:00;178950;179130;178920;179065;27;66;5
2026.06.25;14:35:00;179150;179155;179150;179155;3;4;5
2026.06.25;14:45:00;179010;179010;179010;179010;1;1;5
2026.06.25;14:50:00;179145;179200;179145;179160;11;34;5
2026.06.25;14:55:00;179215;179260;179150;179160;41;51;5
2026.06.25;15:00:00;179135;179135;178645;178680;42;149;5
2026.06.25;15:05:00;178600;178935;178550;178935;41;168;5
2026.06.25;15:10:00;178885;178885;178790;178790;8;69;5
2026.06.25;15:15:00;178735;179035;178735;179035;13;16;5
2026.06.25;15:20:00;178970;179020;178970;179015;25;32;5
2026.06.25;15:25:00;179065;179115;179025;179025;29;30;5
2026.06.25;15:30:00;179005;179005;178695;178705;9;68;5
2026.06.25;15:35:00;178710;178725;178610;178705;14;47;5
2026.06.25;15:40:00;178640;178640;178640;178640;1;3;5
2026.06.25;15:45:00;178775;178775;178650;178650;3;7;5
2026.06.25;15:50:00;178675;178800;178655;178800;10;34;5
2026.06.25;16:00:00;178730;178730;178715;178715;4;8;5
2026.06.25;16:05:00;178805;178850;178785;178850;6;10;5
2026.06.25;16:10:00;178895;178895;178895;178895;1;1;5
2026.06.25;16:20:00;178710;178785;178710;178765;22;30;5
2026.06.25;16:25:00;178850;178850;178830;178830;4;20;5
2026.06.25;16:30:00;178705;178705;178690;178700;12;77;5
2026.06.25;16:40:00;178805;178805;178665;178665;4;4;5
2026.06.25;16:45:00;178640;178640;178540;178540;13;15;5
2026.06.25;16:50:00;178565;178565;178540;178540;2;2;5
2026.06.25;16:55:00;178500;178500;178425;178495;43;116;5
2026.06.25;17:00:00;178595;178735;178595;178640;23;58;5
2026.06.25;17:05:00;178635;178670;178630;178670;7;48;5
2026.06.25;17:10:00;178700;178725;178660;178660;4;4;5
2026.06.25;17:15:00;178705;178735;178705;178735;12;93;5
2026.06.25;17:25:00;178735;178745;178735;178745;14;20;5
2026.06.25;17:30:00;178690;178690;178615;178645;4;4;5
2026.06.25;17:35:00;178655;178665;178605;178605;5;19;5
2026.06.25;17:40:00;178645;178645;178530;178550;10;44;5
2026.06.25;17:45:00;178585;178585;178550;178560;14;82;5
2026.06.25;17:50:00;178600;178620;178540;178540;15;25;5
2026.06.25;17:55:00;178560;178560;178535;178535;3;20;5
2026.06.25;18:00:00;178590;178590;178500;178500;2;2;5
2026.06.25;18:10:00;178505;178565;178505;178530;73;734;5
2026.06.25;18:15:00;178475;178520;178470;178475;6;35;5
2026.06.25;18:20:00;178470;178470;178355;178355;8;15;5
2026.06.26;09:00:00;177605;178190;177465;178050;304;1318;5
2026.06.26;09:05:00;178065;178620;178065;178475;61;137;5
2026.06.26;09:10:00;178430;178750;178365;178750;66;156;5
2026.06.26;09:15:00;178815;179210;178815;178940;75;307;5
2026.06.26;09:20:00;178940;178940;178550;178690;50;108;5
2026.06.26;09:25:00;178740;178790;178645;178745;10;11;5
2026.06.26;09:30:00;178750;178800;178600;178620;16;19;5
2026.06.26;09:35:00;178600;178605;178370;178370;51;99;5
2026.06.26;09:40:00;178390;178390;178195;178385;66;179;5
2026.06.26;09:45:00;178335;178515;178335;178460;15;62;5
2026.06.26;09:50:00;178310;178470;178305;178360;16;17;5
2026.06.26;09:55:00;178395;178395;178230;178265;6;6;5
2026.06.26;10:00:00;178200;178200;177930;178065;107;554;5
2026.06.26;10:05:00;178180;178305;177950;177985;47;98;5
2026.06.26;10:10:00;178075;178145;177915;177950;17;29;5
2026.06.26;10:15:00;177855;177855;177490;177660;52;119;5
2026.06.26;10:20:00;177810;177905;177660;177865;11;11;5
2026.06.26;10:25:00;177750;177940;177595;177770;17;40;5
2026.06.26;10:30:00;177830;178115;177830;177930;14;57;5
2026.06.26;10:35:00;178110;178110;177750;177760;21;29;5
2026.06.26;10:40:00;177655;177715;177600;177685;146;663;5
2026.06.26;10:45:00;177685;177905;177550;177880;14;19;5
2026.06.26;10:50:00;177900;177960;177780;177900;20;33;5
2026.06.26;10:55:00;177955;178250;177955;178235;13;34;5
2026.06.26;11:00:00;178285;178385;178115;178230;13;15;5
2026.06.26;11:05:00;178100;178250;178000;178250;4;4;5
2026.06.26;11:10:00;178355;178355;178285;178285;2;3;5
2026.06.26;11:15:00;178280;179000;178280;179000;630;3561;5
2026.06.26;11:20:00;178990;179290;178990;179070;43;87;5
2026.06.26;11:25:00;179020;179020;178820;178960;34;125;5
2026.06.26;11:30:00;178920;179150;178855;179000;33;73;5
2026.06.26;11:35:00;179015;179320;179000;179320;18;25;5
2026.06.26;11:40:00;179350;179400;179225;179230;24;89;5
2026.06.26;11:45:00;179185;179335;179075;179335;32;48;5
2026.06.26;11:50:00;179400;179590;179400;179445;35;65;5
2026.06.26;11:55:00;179425;179480;179425;179480;4;5;5
2026.06.26;12:00:00;179525;179650;179525;179555;19;23;5
2026.06.26;12:05:00;179555;179750;179480;179725;36;89;5
2026.06.26;12:10:00;179700;179740;179585;179690;25;32;5
2026.06.26;12:15:00;179570;179795;179520;179720;22;30;5
2026.06.26;12:20:00;179715;179860;179700;179785;19;48;5
2026.06.26;12:25:00;179820;180015;179785;180005;41;74;5
2026.06.26;12:30:00;180045;180130;179850;179850;26;29;5
2026.06.26;12:35:00;179870;180060;179790;180060;14;14;5
2026.06.26;12:40:00;180060;180060;180050;180050;6;6;5
2026.06.26;12:45:00;180060;180220;180060;180095;29;99;5
2026.06.26;12:50:00;180025;180025;179845;179845;38;157;5
2026.06.26;12:55:00;179895;180220;179895;180180;11;14;5
2026.06.26;13:00:00;180230;180240;180180;180220;8;10;5
2026.06.26;13:05:00;180175;180260;180145;180145;16;32;5
2026.06.26;13:10:00;180080;180100;180065;180075;4;5;5
2026.06.26;13:15:00;180230;180230;180230;180230;2;2;5
2026.06.26;13:20:00;180180;180180;180075;180135;21;124;5
2026.06.26;13:25:00;180050;180080;180050;180050;9;19;5
2026.06.26;13:30:00;180120;180345;180120;180345;23;35;5
2026.06.26;13:35:00;180340;180405;180205;180255;199;1351;5
2026.06.26;13:40:00;180250;180265;180115;180115;21;41;5
2026.06.26;13:45:00;180095;180095;179950;180005;96;711;5
2026.06.26;13:50:00;179950;180045;179940;180045;10;15;5
2026.06.26;13:55:00;180080;180105;180005;180105;17;28;5
2026.06.26;14:00:00;180140;180330;180140;180330;11;25;5
2026.06.26;14:05:00;180300;180455;180260;180425;114;1027;5
2026.06.26;14:10:00;180395;180395;180295;180315;14;16;5
2026.06.26;14:15:00;180300;180300;180200;180200;13;29;5
2026.06.26;14:20:00;180200;180265;180130;180230;16;22;5
2026.06.26;14:25:00;180305;180325;180290;180290;3;6;5
2026.06.26;14:30:00;180395;180395;180300;180350;6;8;5
2026.06.26;14:35:00;180370;180370;180250;180250;7;7;5
2026.06.26;14:40:00;180300;180430;180300;180400;18;28;5
2026.06.26;14:45:00;180420;180450;180380;180380;12;16;5
2026.06.26;14:50:00;180400;180425;180365;180405;6;7;5
2026.06.26;14:55:00;180335;180400;180335;180375;12;17;5
2026.06.26;15:00:00;180345;180605;180345;180525;26;109;5
2026.06.26;15:05:00;180570;180570;180475;180475;21;51;5
2026.06.26;15:10:00;180475;180475;180395;180395;47;50;5
2026.06.26;15:15:00;180415;180455;180370;180425;11;11;5
2026.06.26;15:20:00;180360;180545;180360;180530;10;11;5
2026.06.26;15:25:00;180580;180630;180425;180425;40;53;5
2026.06.26;15:30:00;180455;180490;180315;180315;12;32;5
2026.06.26;15:35:00;180350;180350;180270;180320;33;42;5
2026.06.26;15:40:00;180300;180300;180260;180260;9;10;5
2026.06.26;15:45:00;180250;180250;180100;180150;157;1200;5
2026.06.26;15:50:00;180140;180195;180070;180195;76;1000;5
2026.06.26;15:55:00;180155;180180;180110;180180;11;12;5
2026.06.26;16:00:00;180195;180245;180155;180165;17;37;5
2026.06.26;16:05:00;180140;180175;180050;180110;21;82;5
2026.06.26;16:10:00;180140;180150;180140;180150;6;51;5
2026.06.26;16:15:00;180160;180170;180070;180070;10;18;5
2026.06.26;16:20:00;180085;180100;179980;180065;21;33;5
2026.06.26;16:25:00;180080;180120;180080;180120;6;8;5
2026.06.26;16:30:00;180015;180090;179945;180090;19;36;5
2026.06.26;16:35:00;180085;180105;180045;180045;7;10;5
2026.06.26;16:40:00;180020;180020;179915;179965;21;38;5
2026.06.26;16:45:00;179965;179980;179850;179915;26;29;5
2026.06.26;16:50:00;179925;180000;179890;180000;29;43;5
2026.06.26;16:55:00;180000;180055;179900;179930;13;13;5
2026.06.26;17:00:00;180000;180060;179990;180025;18;22;5
2026.06.26;17:05:00;179885;180010;179850;180010;34;91;5
2026.06.26;17:10:00;179915;179915;179915;179915;1;1;5
2026.06.26;17:15:00;179945;179945;179945;179945;1;2;5
2026.06.26;17:20:00;179980;180175;179980;180175;35;204;5
2026.06.26;17:25:00;180175;180265;180175;180265;25;63;5
2026.06.26;17:30:00;180170;180170;179990;179995;27;47;5
2026.06.26;17:35:00;179955;179990;179930;179990;7;14;5
2026.06.26;17:40:00;179950;179950;179950;179950;1;1;5
2026.06.26;17:45:00;180020;180090;180020;180085;28;42;5
2026.06.26;17:50:00;180045;180105;180045;180105;8;13;5
2026.06.26;17:55:00;180130;180140;180085;180085;3;13;5
2026.06.26;18:00:00;180075;180160;179925;180115;19;90;5
2026.06.26;18:05:00;180175;180200;180065;180075;44;777;5
2026.06.26;18:10:00;180035;180035;179910;179960;90;834;5
2026.06.26;18:15:00;179940;179990;179900;179900;13;81;5
2026.06.26;18:20:00;179890;179945;179865;179865;8;24;5
2026.06.29;09:00:00;180565;181000;180225;180400;275;2144;5
2026.06.29;09:05:00;180360;180360;179970;180120;111;454;5
2026.06.29;09:10:00;180080;180115;179820;180080;103;299;5
2026.06.29;09:15:00;180110;180130;179920;179920;27;77;5
2026.06.29;09:20:00;180000;180000;179500;179530;128;480;5
2026.06.29;09:25:00;179560;179600;179440;179470;14;44;5
2026.06.29;09:30:00;179645;179900;179595;179850;64;143;5
2026.06.29;09:35:00;179885;179920;179430;179445;79;181;5
2026.06.29;09:40:00;179425;179580;179335;179550;34;99;5
2026.06.29;09:45:00;179550;179750;179550;179745;23;35;5
2026.06.29;09:50:00;179745;179950;179745;179855;35;62;5
2026.06.29;09:55:00;179940;180095;179935;180045;49;56;5
2026.06.29;10:00:00;180095;180200;179820;180140;83;138;5
2026.06.29;10:05:00;180070;180165;179925;179970;40;72;5
2026.06.29;10:10:00;180005;180415;180005;180095;83;89;5
2026.06.29;10:15:00;179960;180015;179855;179905;23;36;5
2026.06.29;10:20:00;179940;180020;179705;179775;44;171;5
2026.06.29;10:25:00;179795;179840;179545;179545;62;178;5
2026.06.29;10:30:00;179530;179545;178900;178900;415;3355;5
2026.06.29;10:35:00;178870;178950;178710;178950;57;153;5
2026.06.29;10:40:00;178950;179500;178950;179335;476;3438;5
2026.06.29;10:45:00;179480;179620;179480;179530;26;52;5
2026.06.29;10:50:00;179530;179650;179450;179615;24;154;5
2026.06.29;10:55:00;179550;179600;179115;179540;537;6696;5
2026.06.29;11:00:00;179490;179540;179235;179375;200;3268;5
2026.06.29;11:05:00;179285;179305;179055;179305;53;172;5
2026.06.29;11:10:00;179385;179385;179190;179195;6;11;5
2026.06.29;11:15:00;179250;179650;179250;179640;751;8032;5
2026.06.29;11:20:00;179575;179805;179575;179725;51;124;5
2026.06.29;11:25:00;179715;180020;179715;179770;71;761;5
2026.06.29;11:30:00;179725;179885;179725;179765;22;124;5
2026.06.29;11:35:00;179835;179900;179530;179530;21;28;5
2026.06.29;11:40:00;179500;179665;179500;179655;8;22;5
2026.06.29;11:45:00;179615;179615;179420;179550;147;2456;5
2026.06.29;11:50:00;179545;179560;179485;179530;33;288;5
2026.06.29;11:55:00;179435;179460;179400;179460;12;39;5
2026.06.29;12:00:00;179550;179580;179255;179350;40;68;5
2026.06.29;12:05:00;179380;179430;179325;179380;10;12;5
2026.06.29;12:10:00;179400;179415;179265;179335;11;19;5
2026.06.29;12:15:00;179435;179470;179275;179290;10;26;5
2026.06.29;12:20:00;179265;179330;179220;179280;18;57;5
2026.06.29;12:25:00;179350;179390;179350;179375;7;7;5
2026.06.29;12:30:00;179375;179375;179275;179320;3;3;5
2026.06.29;12:35:00;179240;179265;179060;179135;72;588;5
2026.06.29;12:40:00;179165;179165;179105;179160;13;110;5
2026.06.29;12:45:00;179140;179180;179140;179180;2;9;5
2026.06.29;12:50:00;179180;179180;179015;179070;11;15;5
2026.06.29;12:55:00;179010;179075;179000;179075;8;28;5
2026.06.29;13:00:00;178995;179115;178985;179105;14;23;5
2026.06.29;13:05:00;179080;179120;179080;179120;3;61;5
2026.06.29;13:10:00;179210;179245;179195;179220;10;10;5
2026.06.29;13:15:00;179235;179315;179235;179310;12;13;5
2026.06.29;13:20:00;179345;179365;179275;179275;6;8;5
2026.06.29;13:25:00;179270;179425;179270;179425;11;12;5
2026.06.29;13:30:00;179445;179600;179440;179570;79;2132;5
2026.06.29;13:35:00;179650;179710;179650;179670;31;274;5
2026.06.29;13:40:00;179640;179695;179625;179695;34;137;5
2026.06.29;13:45:00;179720;179925;179720;179925;52;162;5
2026.06.29;13:50:00;179880;179975;179830;179860;73;267;5
2026.06.29;13:55:00;179835;179835;179735;179750;29;110;5
2026.06.29;14:00:00;179745;179855;179745;179855;5;11;5
2026.06.29;14:05:00;179870;179870;179860;179860;2;2;5
2026.06.29;14:10:00;179770;179905;179770;179905;13;32;5
2026.06.29;14:15:00;179920;179920;179835;179845;10;48;5
2026.06.29;14:20:00;179900;179900;179900;179900;2;2;5
2026.06.29;14:25:00;179865;179865;179850;179850;2;2;5
2026.06.29;14:30:00;179805;179805;179750;179780;4;6;5
2026.06.29;14:35:00;179830;179830;179795;179795;2;4;5
2026.06.29;14:40:00;179790;179790;179720;179720;6;21;5
2026.06.29;14:45:00;179700;179725;179690;179725;11;13;5
2026.06.29;14:50:00;179780;179780;179765;179765;2;3;5
2026.06.29;14:55:00;179775;179795;179775;179795;5;13;5
2026.06.29;15:00:00;179895;179895;179820;179885;10;13;5
2026.06.29;15:05:00;179865;179890;179815;179860;23;104;5
2026.06.29;15:10:00;179890;179990;179890;179990;12;22;5
2026.06.29;15:15:00;179945;179945;179900;179900;2;2;5
2026.06.29;15:20:00;179965;180010;179965;180010;13;29;5
2026.06.29;15:25:00;179945;179970;179945;179970;2;2;5
2026.06.29;15:30:00;179930;180015;179930;180015;5;6;5
2026.06.29;15:35:00;180000;180045;179985;180045;11;25;5
2026.06.29;15:40:00;180050;180110;180050;180110;15;20;5
2026.06.29;15:45:00;180110;180120;180035;180040;13;20;5
2026.06.29;15:50:00;180020;180020;179945;179945;9;10;5
2026.06.29;15:55:00;179945;179955;179945;179955;3;13;5
2026.06.29;16:00:00;179975;179985;179905;179905;5;5;5
2026.06.29;16:05:00;179965;179975;179845;179890;16;21;5
2026.06.29;16:10:00;179905;179925;179905;179925;4;4;5
2026.06.29;16:15:00;179925;179925;179875;179880;5;5;5
2026.06.29;16:20:00;179925;179925;179925;179925;1;1;5
2026.06.29;16:25:00;179890;179890;179700;179760;40;115;5
2026.06.29;16:30:00;179710;179740;179645;179645;8;17;5
2026.06.29;16:35:00;179650;179670;179585;179585;8;11;5
2026.06.29;16:40:00;179615;179645;179535;179550;14;18;5
2026.06.29;16:45:00;179585;179645;179540;179645;9;12;5
2026.06.29;16:50:00;179605;179700;179605;179620;11;60;5
2026.06.29;16:55:00;179570;179585;179545;179585;4;5;5
2026.06.29;17:00:00;179650;179695;179650;179695;13;23;5
2026.06.29;17:05:00;179705;179710;179645;179645;8;8;5
2026.06.29;17:15:00;179675;179700;179675;179700;4;30;5
2026.06.29;17:20:00;179715;179785;179715;179785;4;13;5
2026.06.29;17:25:00;179795;179800;179780;179780;4;8;5
2026.06.29;17:30:00;179770;179775;179770;179775;2;6;5
2026.06.29;17:35:00;179725;179725;179690;179695;9;33;5
2026.06.29;17:40:00;179695;179695;179695;179695;1;1;5
2026.06.29;17:55:00;179705;179720;179665;179720;3;12;5
2026.06.29;18:00:00;179690;179690;179630;179645;38;1203;5
2026.06.29;18:05:00;179590;179590;179570;179570;8;25;5
2026.06.29;18:10:00;179585;179730;179585;179650;14;58;5
2026.06.29;18:15:00;179730;179730;179585;179645;10;30;5
2026.06.29;18:20:00;179620;179620;179500;179500;15;30;5
2026.06.30;09:00:00;179650;179745;179180;179500;355;2181;5
2026.06.30;09:05:00;179585;179805;179300;179505;129;610;5
2026.06.30;09:10:00;179475;179475;178635;178670;74;168;5
2026.06.30;09:15:00;178670;178670;178220;178560;105;564;5
2026.06.30;09:20:00;178505;178660;178165;178175;50;72;5
2026.06.30;09:25:00;178155;178500;178085;178475;89;289;5
2026.06.30;09:30:00;178510;178750;178495;178625;49;95;5
2026.06.30;09:35:00;178680;178740;178420;178650;58;371;5
2026.06.30;09:40:00;178740;178850;178565;178845;69;175;5
2026.06.30;09:45:00;178755;178870;178730;178825;15;15;5
2026.06.30;09:50:00;178870;178895;178455;178495;42;112;5
2026.06.30;09:55:00;178475;178625;178330;178390;40;77;5
2026.06.30;10:00:00;178335;178345;177875;177955;122;308;5
2026.06.30;10:05:00;177920;177950;177590;177860;343;2157;5
2026.06.30;10:10:00;177815;177980;177415;177435;122;853;5
2026.06.30;10:15:00;177435;177625;177270;177585;226;2088;5
2026.06.30;10:20:00;177645;177685;177370;177525;85;548;5
2026.06.30;10:25:00;177485;177615;177220;177400;334;1967;5
2026.06.30;10:30:00;177425;177625;177110;177210;232;1860;5
2026.06.30;10:35:00;177190;177265;177065;177085;114;557;5
2026.06.30;10:40:00;177085;177085;176780;177035;264;972;5
2026.06.30;10:45:00;177080;177580;177080;177365;196;891;5
2026.06.30;10:50:00;177285;177600;177245;177505;72;229;5
2026.06.30;10:55:00;177460;177640;177345;177525;45;166;5
2026.06.30;11:00:00;177500;177590;177255;177545;342;1273;5
2026.06.30;11:05:00;177585;177900;177585;177760;72;228;5
2026.06.30;11:10:00;177845;178320;177845;178260;265;1764;5
2026.06.30;11:15:00;178285;178515;177895;177895;134;370;5
2026.06.30;11:20:00;177940;178000;177730;177865;42;127;5
2026.06.30;11:25:00;177935;177940;177695;177755;25;91;5
2026.06.30;11:30:00;177760;177865;177605;177800;35;93;5
2026.06.30;11:35:00;177675;177815;177675;177815;15;30;5
2026.06.30;11:40:00;177750;177890;177750;177890;10;43;5
2026.06.30;11:45:00;177955;177955;177720;177720;16;48;5
2026.06.30;11:50:00;177780;177925;177715;177715;26;164;5
2026.06.30;11:55:00;177700;177890;177590;177890;21;66;5
2026.06.30;12:00:00;177870;178065;177870;177955;47;90;5
2026.06.30;12:05:00;178025;178230;178025;178230;26;77;5
2026.06.30;12:10:00;178270;178435;178270;178270;41;76;5
2026.06.30;12:15:00;178270;178270;178015;178080;38;61;5
2026.06.30;12:20:00;178095;178095;177915;177965;13;25;5
2026.06.30;12:25:00;178060;178300;178060;178150;24;35;5
2026.06.30;12:30:00;178085;178105;178085;178105;2;3;5
2026.06.30;12:35:00;178250;178300;178140;178140;6;6;5
2026.06.30;12:40:00;178125;178265;178125;178265;6;6;5
2026.06.30;12:45:00;178285;178375;178230;178295;39;44;5
2026.06.30;12:50:00;178385;178400;178290;178290;24;30;5
2026.06.30;12:55:00;178365;178390;178345;178345;12;13;5
2026.06.30;13:00:00;178500;178500;178405;178405;7;25;5
2026.06.30;13:05:00;178395;178650;178395;178650;24;33;5
2026.06.30;13:10:00;178650;178655;178535;178590;13;21;5
2026.06.30;13:15:00;178620;178620;178510;178535;20;32;5
2026.06.30;13:20:00;178610;178775;178605;178755;35;64;5
2026.06.30;13:25:00;178770;178895;178770;178805;24;60;5
2026.06.30;13:30:00;178820;178820;178695;178720;16;20;5
2026.06.30;13:35:00;178745;178745;178535;178680;14;39;5
2026.06.30;13:40:00;178665;178755;178665;178695;6;6;5
2026.06.30;13:45:00;178610;178610;178610;178610;1;1;5
2026.06.30;13:50:00;178540;178540;178490;178535;13;22;5
2026.06.30;13:55:00;178585;178585;178475;178475;6;12;5
2026.06.30;14:00:00;178480;178625;178480;178585;17;34;5
2026.06.30;14:05:00;178525;178535;178410;178480;20;47;5
2026.06.30;14:10:00;178485;178670;178485;178655;24;29;5
2026.06.30;14:15:00;178655;178730;178655;178730;20;29;5
2026.06.30;14:20:00;178655;178690;178575;178575;29;41;5
2026.06.30;14:25:00;178690;178790;178685;178785;17;53;5
2026.06.30;14:30:00;178735;178785;178685;178730;7;12;5
2026.06.30;14:35:00;178720;178720;178720;178720;3;3;5
2026.06.30;14:40:00;178685;178890;178685;178875;22;153;5
2026.06.30;14:45:00;178900;178950;178900;178920;8;18;5
2026.06.30;14:50:00;178945;179125;178945;179105;55;257;5
2026.06.30;14:55:00;179080;179165;179080;179100;10;10;5
2026.06.30;15:00:00;179070;179075;178890;178955;31;48;5
2026.06.30;15:05:00;178925;178955;178880;178945;35;53;5
2026.06.30;15:10:00;178945;178990;178875;178990;30;30;5
2026.06.30;15:15:00;179005;179070;178935;178990;26;117;5
2026.06.30;15:20:00;179045;179070;179015;179020;16;25;5
2026.06.30;15:25:00;179025;179025;178860;178860;15;24;5
2026.06.30;15:30:00;178850;178850;178695;178700;31;67;5
2026.06.30;15:35:00;178735;178815;178735;178760;15;31;5
2026.06.30;15:40:00;178730;178740;178705;178720;27;31;5
2026.06.30;15:45:00;178675;178805;178650;178805;15;19;5
2026.06.30;15:50:00;178735;178735;178720;178720;2;2;5
2026.06.30;15:55:00;178800;178850;178740;178760;17;27;5
2026.06.30;16:00:00;178775;178775;178710;178710;3;4;5
2026.06.30;16:05:00;178680;178680;178575;178650;23;31;5
2026.06.30;16:10:00;178570;178575;178555;178575;5;5;5
2026.06.30;16:15:00;178600;178610;178565;178600;4;8;5
2026.06.30;16:20:00;178635;178635;178530;178530;5;12;5
2026.06.30;16:25:00;178545;178610;178500;178610;14;15;5
2026.06.30;16:30:00;178675;178765;178670;178670;25;63;5
2026.06.30;16:35:00;178685;178715;178590;178590;16;18;5
2026.06.30;16:40:00;178630;178630;178595;178620;7;7;5
2026.06.30;16:45:00;178630;178630;178570;178580;12;19;5
2026.06.30;16:50:00;178560;178560;178460;178460;14;73;5
2026.06.30;16:55:00;178455;178545;178455;178490;15;86;5
2026.06.30;17:00:00;178510;178585;178510;178510;19;23;5
2026.06.30;17:05:00;178530;178530;178485;178530;32;107;5
2026.06.30;17:10:00;178500;178500;178500;178500;1;1;5
2026.06.30;17:15:00;178470;178470;178390;178400;23;30;5
2026.06.30;17:20:00;178385;178385;178385;178385;1;1;5
2026.06.30;17:25:00;178360;178360;178280;178335;9;18;5
2026.06.30;17:30:00;178345;178345;178335;178335;3;9;5
2026.06.30;17:35:00;178285;178315;178285;178285;4;5;5
2026.06.30;17:45:00;178385;178405;178345;178345;7;42;5
2026.06.30;17:50:00;178410;178415;178400;178400;5;8;5
2026.06.30;17:55:00;178420;178420;178420;178420;1;10;5
2026.06.30;18:00:00;178400;178400;178315;178315;3;3;5
2026.06.30;18:05:00;178350;178350;178350;178350;1;1;5
2026.06.30;18:10:00;178370;178370;178350;178350;4;13;5
2026.06.30;18:15:00;178300;178385;178275;178365;16;305;5
2026.06.30;18:20:00;178360;178400;178295;178330;265;1281;5
2026.07.01;09:00:00;177760;177890;176550;176550;516;2961;5
2026.07.01;09:05:00;176530;176960;176450;176885;53;93;5
2026.07.01;09:10:00;176820;177170;176690;177000;317;1965;5
2026.07.01;09:15:00;176915;176955;176400;176415;116;348;5
2026.07.01;09:20:00;176445;176600;176320;176450;150;563;5
2026.07.01;09:25:00;176380;176510;176245;176380;80;194;5
2026.07.01;09:30:00;176385;176455;176170;176175;71;156;5
2026.07.01;09:35:00;176230;176235;176110;176180;42;115;5
2026.07.01;09:40:00;176140;176175;176075;176100;13;22;5
2026.07.01;09:45:00;176110;176230;176110;176215;26;51;5
2026.07.01;09:50:00;176260;176285;175925;176235;89;894;5
2026.07.01;09:55:00;176280;176380;176035;176100;113;401;5
2026.07.01;10:00:00;176140;176260;175990;176135;172;1220;5
2026.07.01;10:05:00;176060;176130;175890;176030;308;1559;5
2026.07.01;10:10:00;176010;176185;175805;176075;178;891;5
2026.07.01;10:15:00;176085;176395;175975;176230;47;161;5
2026.07.01;10:20:00;176185;176595;176155;176425;65;207;5
2026.07.01;10:25:00;176380;176700;176220;176585;119;289;5
2026.07.01;10:30:00;176620;176865;176340;176865;53;79;5
2026.07.01;10:35:00;176940;177600;176940;177485;135;385;5
2026.07.01;10:40:00;177450;177800;177205;177800;98;214;5
2026.07.01;10:45:00;177760;177945;177550;177700;103;261;5
2026.07.01;10:50:00;177615;177700;177300;177415;60;147;5
2026.07.01;10:55:00;177485;177700;177450;177515;84;511;5
2026.07.01;11:00:00;177640;177640;177455;177545;29;38;5
2026.07.01;11:05:00;177555;177680;177475;177550;41;52;5
2026.07.01;11:10:00;177465;177820;177465;177765;58;117;5
2026.07.01;11:15:00;177745;178200;177730;177965;131;400;5
2026.07.01;11:20:00;178120;178150;177730;177730;47;145;5
2026.07.01;11:25:00;177665;177820;177645;177820;37;53;5
2026.07.01;11:30:00;177790;177885;177740;177860;31;71;5
2026.07.01;11:35:00;177920;177920;177780;177875;20;22;5
2026.07.01;11:40:00;177830;177830;177575;177590;54;62;5
2026.07.01;11:45:00;177720;177740;177440;177465;68;242;5
2026.07.01;11:50:00;177540;177850;177540;177665;68;88;5
2026.07.01;11:55:00;177615;177655;177415;177450;26;81;5
2026.07.01;12:00:00;177395;177550;177385;177515;15;16;5
2026.07.01;12:05:00;177510;177560;177285;177350;37;65;5
2026.07.01;12:10:00;177320;177410;177250;177315;19;83;5
2026.07.01;12:15:00;177425;177425;177275;177305;11;58;5
2026.07.01;12:20:00;177310;177330;177220;177295;18;143;5
2026.07.01;12:25:00;177380;177560;177295;177350;60;261;5
2026.07.01;12:30:00;177330;177495;177330;177495;42;273;5
2026.07.01;12:35:00;177550;177800;177550;177715;32;74;5
2026.07.01;12:40:00;177800;178125;177800;178125;55;70;5
2026.07.01;12:45:00;178150;178185;178010;178010;29;78;5
2026.07.01;12:50:00;178005;178250;177995;178150;38;86;5
2026.07.01;12:55:00;178120;178125;177965;178030;21;40;5
2026.07.01;13:00:00;178035;178120;178020;178020;9;10;5
2026.07.01;13:05:00;178185;178190;178115;178115;7;8;5
2026.07.01;13:10:00;178120;178135;178120;178125;3;4;5
2026.07.01;13:15:00;178130;178135;178105;178105;17;107;5
2026.07.01;13:20:00;178090;178090;178075;178075;3;3;5
2026.07.01;13:25:00;178030;178250;178000;178250;22;24;5
2026.07.01;13:30:00;178270;178330;178200;178200;24;28;5
2026.07.01;13:35:00;178230;178370;178230;178315;11;12;5
2026.07.01;13:40:00;178315;178375;178315;178360;4;4;5
2026.07.01;13:45:00;178260;178320;178260;178320;5;7;5
2026.07.01;13:50:00;178200;178200;178075;178110;17;18;5
2026.07.01;13:55:00;178060;178130;178030;178055;13;25;5
2026.07.01;14:00:00;178160;178420;178115;178335;35;49;5
2026.07.01;14:05:00;178290;178335;178195;178195;11;18;5
2026.07.01;14:10:00;178225;178250;178225;178225;4;4;5
2026.07.01;14:15:00;178185;178220;178185;178220;3;4;5
2026.07.01;14:20:00;178260;178260;178260;178260;1;1;5
2026.07.01;14:25:00;178260;178260;178260;178260;5;22;5
2026.07.01;14:30:00;178195;178195;178125;178170;13;31;5
2026.07.01;14:35:00;178280;178295;178260;178260;8;8;5
2026.07.01;14:40:00;178250;178300;178250;178265;5;6;5
2026.07.01;14:45:00;178230;178230;177880;177890;31;55;5
2026.07.01;14:50:00;177945;177945;177745;177850;29;73;5
2026.07.01;14:55:00;177830;177910;177795;177910;24;72;5
2026.07.01;15:00:00;178000;178030;177925;177925;9;9;5
2026.07.01;15:05:00;177925;177925;177835;177845;24;24;5
2026.07.01;15:10:00;177820;177820;177660;177775;42;74;5
2026.07.01;15:15:00;177710;177750;177650;177710;21;36;5
2026.07.01;15:20:00;177750;177960;177750;177860;25;65;5
2026.07.01;15:25:00;177870;177870;177840;177840;5;5;5
2026.07.01;15:30:00;177790;177815;177750;177750;7;9;5
2026.07.01;15:35:00;177765;177765;177765;177765;1;2;5
2026.07.01;15:40:00;177800;177800;177800;177800;1;1;5
2026.07.01;15:50:00;177740;177775;177740;177775;4;4;5
2026.07.01;16:00:00;177860;177910;177750;177750;9;10;5
2026.07.01;16:05:00;177750;178285;177750;178055;40;107;5
2026.07.01;16:10:00;178040;178050;177990;178050;14;15;5
2026.07.01;16:15:00;178040;178215;178040;178160;28;30;5
2026.07.01;16:20:00;178120;178255;178120;178255;7;7;5
2026.07.01;16:25:00;178095;178190;178070;178070;10;12;5
2026.07.01;16:30:00;178060;178065;177940;177940;19;211;5
2026.07.01;16:35:00;178000;178130;177995;178080;11;17;5
2026.07.01;16:40:00;178075;178170;178065;178125;17;23;5
2026.07.01;16:45:00;178190;178200;178140;178140;9;11;5
2026.07.01;16:50:00;178070;178070;177965;177990;17;18;5
2026.07.01;16:55:00;177990;178020;177935;177990;13;22;5
2026.07.01;17:00:00;177935;178010;177850;178010;45;193;5
2026.07.01;17:05:00;178070;178090;178070;178090;7;16;5
2026.07.01;17:10:00;178080;178105;178080;178090;13;29;5
2026.07.01;17:15:00;178045;178045;177960;177960;8;8;5
2026.07.01;17:20:00;177950;177960;177950;177960;2;2;5
2026.07.01;17:25:00;177965;177965;177950;177950;2;5;5
2026.07.01;17:30:00;178020;178095;178020;178095;3;12;5
2026.07.01;17:35:00;178030;178185;178030;178185;19;171;5
2026.07.01;17:40:00;178255;178255;178255;178255;1;1;5
2026.07.01;17:45:00;178155;178155;178150;178150;4;4;5
2026.07.01;17:50:00;178200;178300;178200;178300;6;7;5
2026.07.01;17:55:00;178375;178375;178260;178260;5;40;5
2026.07.01;18:00:00;178230;178265;178230;178265;8;36;5
2026.07.01;18:05:00;178230;178280;178180;178270;58;743;5
2026.07.01;18:10:00;178175;178245;178160;178245;17;146;5
2026.07.01;18:15:00;178235;178280;178235;178280;9;148;5
2026.07.01;18:20:00;178300;178300;178295;178295;2;9;5
2026.07.02;09:00:00;178075;178605;177685;178460;278;1464;5
2026.07.02;09:05:00;178400;178400;177940;178250;65;112;5
2026.07.02;09:10:00;178345;178410;178270;178370;10;31;5
2026.07.02;09:15:00;178420;178550;178230;178230;15;32;5
2026.07.02;09:20:00;178275;178500;178200;178405;23;65;5
2026.07.02;09:25:00;178440;178745;178440;178685;18;34;5
2026.07.02;09:30:00;178700;179870;178290;179840;180;436;5
2026.07.02;09:35:00;179815;180265;179725;180245;124;507;5
2026.07.02;09:40:00;180270;180365;180000;180090;93;394;5
2026.07.02;09:45:00;179960;179970;179440;179590;39;127;5
2026.07.02;09:50:00;179580;179580;179465;179465;8;35;5
2026.07.02;09:55:00;179505;179505;179390;179495;11;14;5
2026.07.02;10:00:00;179580;179600;179020;179370;65;255;5
2026.07.02;10:05:00;179450;179565;179445;179500;10;32;5
2026.07.02;10:10:00;179550;179710;179375;179400;16;20;5
2026.07.02;10:15:00;179710;179710;179245;179350;50;338;5
2026.07.02;10:20:00;179300;179350;179060;179240;148;1163;5
2026.07.02;10:25:00;179215;179250;178850;178945;86;709;5
2026.07.02;10:30:00;179000;179425;179000;179260;64;256;5
2026.07.02;10:35:00;179410;180200;179410;180160;58;158;5
2026.07.02;10:40:00;180235;180595;180150;180575;152;432;5
2026.07.02;10:45:00;180535;180790;180300;180320;109;482;5
2026.07.02;10:50:00;180285;180485;180100;180175;115;496;5
2026.07.02;10:55:00;180130;180130;179525;179720;191;378;5
2026.07.02;11:00:00;179770;179940;179650;179940;52;294;5
2026.07.02;11:05:00;179735;179805;179670;179670;13;25;5
2026.07.02;11:10:00;179600;179720;179490;179695;16;26;5
2026.07.02;11:15:00;179830;179880;179685;179685;3;3;5
2026.07.02;11:20:00;179615;179615;179250;179250;19;43;5
2026.07.02;11:25:00;179200;179300;178950;179000;54;149;5
2026.07.02;11:30:00;178955;179300;178860;178875;516;3804;5
2026.07.02;11:35:00;178910;178935;178555;178660;89;334;5
2026.07.02;11:40:00;178560;178665;178410;178645;342;3778;5
2026.07.02;11:45:00;178600;178800;178510;178750;70;201;5
2026.07.02;11:50:00;178675;178705;178535;178685;27;38;5
2026.07.02;11:55:00;178655;178750;178620;178745;17;40;5
2026.07.02;12:00:00;178715;178880;178625;178670;43;103;5
2026.07.02;12:05:00;178550;178550;178185;178235;52;236;5
2026.07.02;12:10:00;178480;178520;178450;178460;13;31;5
2026.07.02;12:15:00;178400;178455;178030;178145;78;510;5
2026.07.02;12:20:00;178160;178500;178120;178500;63;343;5
2026.07.02;12:25:00;178465;178575;178350;178350;27;47;5
2026.07.02;12:30:00;178500;178545;178440;178440;22;37;5
2026.07.02;12:35:00;178500;178570;178485;178570;12;13;5
2026.07.02;12:40:00;178585;178615;178575;178615;6;25;5
2026.07.02;12:45:00;178555;178600;178555;178600;2;2;5
2026.07.02;12:50:00;178485;178500;178435;178500;6;6;5
2026.07.02;12:55:00;178600;178600;178460;178460;7;11;5
2026.07.02;13:00:00;178600;178730;178575;178605;13;23;5
2026.07.02;13:05:00;178565;178590;178415;178425;19;82;5
2026.07.02;13:10:00;178460;178665;178460;178595;15;19;5
2026.07.02;13:15:00;178560;178615;178535;178580;41;134;5
2026.07.02;13:20:00;178535;178595;178250;178425;140;917;5
2026.07.02;13:25:00;178425;178500;178350;178370;58;131;5
2026.07.02;13:30:00;178395;178470;178355;178395;20;86;5
2026.07.02;13:35:00;178500;178500;178350;178375;16;32;5
2026.07.02;13:40:00;178395;178535;178395;178505;33;35;5
2026.07.02;13:45:00;178510;178595;178435;178550;45;59;5
2026.07.02;13:50:00;178590;178590;178450;178450;44;137;5
2026.07.02;13:55:00;178435;178435;178250;178255;36;92;5
2026.07.02;14:00:00;178295;178500;178295;178410;24;31;5
2026.07.02;14:05:00;178440;178565;178440;178490;10;24;5
2026.07.02;14:10:00;178550;178550;178440;178525;12;24;5
2026.07.02;14:15:00;178460;178575;178455;178505;21;106;5
2026.07.02;14:20:00;178500;178500;178380;178400;22;38;5
2026.07.02;14:25:00;178375;178435;178375;178435;7;7;5
2026.07.02;14:30:00;178405;178500;178405;178430;19;65;5
2026.07.02;14:35:00;178390;178400;178315;178320;7;7;5
2026.07.02;14:40:00;178385;178415;178350;178375;8;11;5
2026.07.02;14:45:00;178400;178495;178380;178465;10;12;5
2026.07.02;14:50:00;178435;178440;178320;178370;12;18;5
2026.07.02;14:55:00;178385;178435;178315;178315;10;17;5
2026.07.02;15:00:00;178305;178490;178295;178440;22;35;5
2026.07.02;15:05:00;178525;178615;178440;178600;39;307;5
2026.07.02;15:10:00;178625;178625;178510;178515;22;29;5
2026.07.02;15:15:00;178475;178475;178360;178395;16;34;5
2026.07.02;15:20:00;178410;178500;178410;178495;10;14;5
2026.07.02;15:25:00;178535;178725;178470;178725;31;172;5
2026.07.02;15:30:00;178740;178985;178740;178855;43;98;5
2026.07.02;15:35:00;178920;178935;178840;178900;13;42;5
2026.07.02;15:40:00;178970;178970;178930;178930;4;6;5
2026.07.02;15:45:00;178870;179000;178795;178960;46;111;5
2026.07.02;15:50:00;178960;178985;178930;178945;20;47;5
2026.07.02;15:55:00;178985;179050;178985;179000;7;7;5
2026.07.02;16:00:00;178910;178940;178800;178800;8;19;5
2026.07.02;16:05:00;178840;178840;178780;178780;3;4;5
2026.07.02;16:10:00;178740;178740;178680;178730;18;26;5
2026.07.02;16:15:00;178675;178675;178620;178660;10;18;5
2026.07.02;16:20:00;178630;178630;178630;178630;3;10;5
2026.07.02;16:25:00;178615;178615;178440;178555;73;557;5
2026.07.02;16:30:00;178595;178595;178585;178595;6;12;5
2026.07.02;16:35:00;178645;178645;178645;178645;1;1;5
2026.07.02;16:40:00;178675;178760;178665;178730;30;30;5
2026.07.02;16:45:00;178715;178715;178595;178595;6;35;5
2026.07.02;16:50:00;178650;178700;178650;178700;12;47;5
2026.07.02;16:55:00;178795;179025;178795;179025;24;49;5
2026.07.02;17:00:00;179045;179110;178855;179080;30;97;5
2026.07.02;17:05:00;179105;179125;179025;179025;28;97;5
2026.07.02;17:10:00;179040;179040;179010;179025;4;28;5
2026.07.02;17:15:00;179035;179035;179035;179035;6;50;5
2026.07.02;17:20:00;179035;179035;179030;179030;2;2;5
2026.07.02;17:25:00;178980;179100;178980;179100;7;10;5
2026.07.02;17:30:00;179130;179165;179105;179105;10;64;5
2026.07.02;17:40:00;179080;179080;179080;179080;1;2;5
2026.07.02;17:45:00;179100;179100;179095;179095;5;7;5
2026.07.02;17:50:00;179060;179145;179050;179145;11;47;5
2026.07.02;17:55:00;179055;179070;179025;179070;8;60;5
2026.07.02;18:00:00;179070;179070;179070;179070;1;1;5
2026.07.02;18:10:00;179030;179035;179015;179020;7;43;5
2026.07.02;18:15:00;178990;178990;178920;178975;4;6;5
2026.07.02;18:20:00;178945;178945;178860;178880;97;1670;5
2026.07.03;09:00:00;179200;179735;179200;179605;335;2165;5
2026.07.03;09:05:00;179690;180455;179690;180280;467;3835;5
2026.07.03;09:10:00;180180;180245;179900;180200;90;751;5
2026.07.03;09:15:00;180215;180305;180015;180240;79;261;5
2026.07.03;09:20:00;180145;180385;180140;180290;35;99;5
2026.07.03;09:25:00;180325;180500;180320;180375;144;264;5
2026.07.03;09:30:00;180475;180475;180145;180145;27;48;5
2026.07.03;09:35:00;180145;180300;180045;180255;26;39;5
2026.07.03;09:40:00;180185;180190;179995;180060;17;21;5
2026.07.03;09:45:00;180085;180255;180085;180255;14;21;5
2026.07.03;09:50:00;180285;180500;180245;180315;34;45;5
2026.07.03;09:55:00;180300;180300;180000;180010;47;390;5
2026.07.03;10:00:00;180170;180225;179905;180075;162;507;5
2026.07.03;10:05:00;180045;180045;179605;179650;56;74;5
2026.07.03;10:10:00;179670;179735;179455;179455;42;70;5
2026.07.03;10:15:00;179410;179665;179275;179385;85;292;5
2026.07.03;10:20:00;179410;179410;179075;179195;69;151;5
2026.07.03;10:25:00;179225;179680;179225;179485;56;133;5
2026.07.03;10:30:00;179460;179505;179200;179320;32;44;5
2026.07.03;10:35:00;179355;179650;179355;179650;49;16;5
2026.07.03;10:40:00;179645;179830;179550;179765;45;93;5
2026.07.03;10:45:00;179700;179700;179645;179645;3;3;5
2026.07.03;10:50:00;179660;179925;179660;179775;84;530;5
2026.07.03;10:55:00;179775;179910;179775;179860;18;49;5
2026.07.03;11:00:00;179860;180135;179860;180135;49;70;5
2026.07.03;11:05:00;180155;180445;180155;180410;109;356;5
2026.07.03;11:10:00;180430;180450;180175;180265;42;83;5
2026.07.03;11:15:00;180235;180335;180100;180115;19;23;5
2026.07.03;11:20:00;180200;180295;180200;180255;11;12;5
2026.07.03;11:25:00;180245;180250;180240;180250;8;11;5
2026.07.03;11:30:00;180250;180355;180200;180200;13;16;5
2026.07.03;11:35:00;180160;180470;180160;180375;15;23;5
2026.07.03;11:40:00;180440;180475;180350;180460;10;12;5
2026.07.03;11:45:00;180325;180325;180300;180305;3;3;5
2026.07.03;11:50:00;180360;180410;180350;180410;33;24;5
2026.07.03;11:55:00;180400;180530;180400;180405;23;40;5
2026.07.03;12:00:00;180465;180640;180465;180575;39;173;5
2026.07.03;12:05:00;180575;180640;180575;180580;6;10;5
2026.07.03;12:10:00;180560;180695;180525;180625;23;73;5
2026.07.03;12:15:00;180700;180700;180600;180670;11;12;5
2026.07.03;12:20:00;180595;180700;180580;180645;26;62;5
2026.07.03;12:25:00;180660;180660;180590;180610;16;17;5
2026.07.03;12:30:00;180595;180650;180550;180585;8;8;5
2026.07.03;12:35:00;180605;180750;180605;180695;11;16;5
2026.07.03;12:40:00;180715;180715;180715;180715;2;2;5
2026.07.03;12:45:00;180690;180740;180680;180680;4;5;5
2026.07.03;12:50:00;180680;180760;180680;180760;36;204;5
2026.07.03;12:55:00;180755;180755;180665;180690;16;20;5
2026.07.03;13:00:00;180750;180785;180705;180750;21;66;5
2026.07.03;13:05:00;180775;180945;180765;180845;54;170;5
2026.07.03;13:10:00;180890;180910;180805;180805;11;13;5
2026.07.03;13:15:00;180830;180830;180805;180805;11;27;5
2026.07.03;13:25:00;180805;180805;180725;180725;5;15;5
2026.07.03;13:30:00;180705;180730;180670;180730;29;34;5
2026.07.03;13:40:00;180745;180745;180685;180685;3;17;5
2026.07.03;13:45:00;180735;180735;180735;180735;1;1;5
2026.07.03;13:50:00;180650;180660;180650;180660;4;25;5
2026.07.03;13:55:00;180655;180655;180655;180655;1;1;5
2026.07.03;14:00:00;180630;180630;180615;180615;5;31;5
2026.07.03;14:05:00;180665;180665;180665;180665;1;1;5
2026.07.03;14:10:00;180690;180690;180565;180565;4;4;5
2026.07.03;14:15:00;180565;180565;180515;180515;14;57;5
2026.07.03;14:20:00;180580;180595;180520;180520;3;8;5
2026.07.03;14:25:00;180600;180750;180600;180750;9;9;5
2026.07.03;14:30:00;180750;180750;180730;180730;2;3;5
2026.07.03;14:35:00;180750;180825;180750;180825;14;56;5
2026.07.03;14:40:00;180820;180820;180780;180780;2;4;5
2026.07.03;14:45:00;180750;180760;180735;180760;5;6;5
2026.07.03;14:50:00;180700;180700;180700;180700;2;2;5
2026.07.03;14:55:00;180715;180720;180665;180720;13;29;5
2026.07.03;15:00:00;180635;180635;180630;180630;13;39;5
2026.07.03;15:05:00;180600;180600;180520;180520;9;33;5
2026.07.03;15:10:00;180585;180650;180585;180590;3;26;5
2026.07.03;15:15:00;180580;180600;180580;180600;3;3;5
2026.07.03;15:25:00;180600;180600;180600;180600;4;30;5
2026.07.03;15:55:00;180575;180620;180575;180620;3;3;5
2026.07.03;16:00:00;180575;180620;180575;180620;3;3;5
2026.07.03;16:05:00;180575;180610;180575;180610;3;4;5
2026.07.03;16:10:00;180540;180540;180475;180530;19;78;5
2026.07.03;16:20:00;180520;180600;180520;180570;9;9;5
2026.07.03;16:25:00;180475;180475;180445;180445;14;14;5
2026.07.03;16:30:00;180470;180470;180380;180380;9;9;5
2026.07.03;16:35:00;180365;180430;180365;180425;9;9;5
2026.07.03;16:40:00;180375;180375;180305;180335;14;14;5
2026.07.03;16:50:00;180365;180495;180340;180470;14;14;5
2026.07.03;16:55:00;180520;180565;180520;180565;11;19;5
2026.07.03;17:00:00;180400;180400;180370;180370;2;2;5
2026.07.03;17:05:00;180335;180400;180335;180365;6;7;5
2026.07.03;17:10:00;180400;180430;180400;180430;2;2;5
2026.07.03;17:25:00;180470;180470;180420;180430;7;14;5
2026.07.03;17:30:00;180475;180585;180475;180585;6;32;5
2026.07.03;17:35:00;180585;180610;180560;180570;9;20;5
2026.07.03;17:40:00;180545;180555;180540;180555;4;6;5
2026.07.03;17:45:00;180535;180565;180535;180545;3;3;5
2026.07.03;17:50:00;180635;180635;180605;180605;2;6;5
2026.07.03;17:55:00;180595;180595;180590;180590;2;9;5
2026.07.03;18:05:00;180615;180615;180590;180590;3;13;5
2026.07.03;18:10:00;180550;180590;180550;180585;9;9;5
2026.07.03;18:15:00;180560;180575;180525;180525;7;26;5
2026.07.03;18:20:00;180540;180540;180490;180490;8;11;5
2026.07.06;09:00:00;180550;180560;179250;179345;208;422;5
2026.07.06;09:05:00;179370;179440;179120;179255;126;272;5
2026.07.06;09:10:00;179230;179295;178950;179260;82;146;5
2026.07.06;09:15:00;179300;179625;179220;179505;27;56;5
2026.07.06;09:20:00;179340;179340;179075;179075;58;107;5
2026.07.06;09:25:00;179110;179110;178840;179050;51;71;5
2026.07.06;09:30:00;179095;179175;178995;179025;20;35;5
2026.07.06;09:35:00;179060;179060;178940;178950;5;12;5
2026.07.06;09:40:00;178950;179050;178870;179030;17;22;5
2026.07.06;09:45:00;179030;179035;178850;178850;10;10;5
2026.07.06;09:50:00;178905;178940;178815;178845;50;164;5
2026.07.06;09:55:00;178850;178890;178780;178890;14;39;5
2026.07.06;10:00:00;178820;178820;178580;178675;149;501;5
2026.07.06;10:05:00;178685;178970;178685;178755;79;193;5
2026.07.06;10:10:00;178790;179035;178685;178690;79;217;5
2026.07.06;10:15:00;178625;178870;178590;178665;53;212;5
2026.07.06;10:20:00;178710;178765;178490;178580;36;74;5
2026.07.06;10:25:00;178470;178495;178250;178440;171;951;5
2026.07.06;10:30:00;178410;178700;178300;178405;86;203;5
2026.07.06;10:35:00;178445;178645;178385;178400;31;72;5
2026.07.06;10:40:00;178475;178755;178400;178755;76;348;5
2026.07.06;10:45:00;178700;179210;178700;178990;198;1149;5
2026.07.06;10:50:00;178990;178990;178565;178740;122;810;5
2026.07.06;10:55:00;178650;178655;178315;178450;32;38;5
2026.07.06;11:00:00;178410;178535;178080;178105;113;878;5
2026.07.06;11:05:00;178115;178165;177850;177855;259;1298;5
2026.07.06;11:10:00;177860;178075;177850;178010;46;155;5
2026.07.06;11:15:00;177980;178025;177900;178025;39;202;5
2026.07.06;11:20:00;177980;178055;177935;177995;10;12;5
2026.07.06;11:25:00;178005;178160;177945;178030;23;48;5
2026.07.06;11:30:00;177900;177945;177890;177925;19;30;5
2026.07.06;11:35:00;178000;178000;177865;177875;55;194;5
2026.07.06;11:40:00;177850;177885;177700;177805;188;908;5
2026.07.06;11:45:00;177780;177845;177620;177730;212;1476;5
2026.07.06;11:50:00;177715;177925;177705;177800;139;476;5
2026.07.06;11:55:00;177810;177875;177770;177870;43;128;5
2026.07.06;12:00:00;177815;177955;177810;177925;44;143;5
2026.07.06;12:05:00;177920;178025;177855;177950;107;804;5
2026.07.06;12:10:00;177945;178065;177915;177975;85;490;5
2026.07.06;12:15:00;178005;178020;177785;177830;39;121;5
2026.07.06;12:20:00;177815;177930;177815;177930;32;63;5
2026.07.06;12:25:00;177895;178050;177890;178025;23;37;5
2026.07.06;12:30:00;178035;178145;177995;178110;83;647;5
2026.07.06;12:35:00;178150;178180;178070;178165;49;127;5
2026.07.06;12:40:00;178175;178200;178035;178035;34;65;5
2026.07.06;12:45:00;178045;178065;177980;177980;19;34;5
2026.07.06;12:50:00;178005;178015;177910;177925;24;37;5
2026.07.06;12:55:00;177945;178000;177885;177975;24;24;5
2026.07.06;13:00:00;177945;177975;177945;177975;6;6;5
2026.07.06;13:05:00;177905;177925;177810;177885;66;313;5
2026.07.06;13:10:00;177920;177920;177875;177875;7;11;5
2026.07.06;13:15:00;177875;177950;177850;177950;12;31;5
2026.07.06;13:20:00;177950;177975;177845;177930;16;36;5
2026.07.06;13:25:00;177880;177915;177850;177900;13;23;5
2026.07.06;13:30:00;177900;177910;177850;177880;15;28;5
2026.07.06;13:35:00;177900;178040;177900;178040;56;151;5
2026.07.06;13:40:00;178050;178125;178020;178075;37;201;5
2026.07.06;13:45:00;177995;178090;177980;178090;12;35;5
2026.07.06;13:50:00;178070;178070;177995;177995;21;31;5
2026.07.06;13:55:00;177950;177990;177890;177990;18;33;5
2026.07.06;14:00:00;178080;178180;178060;178060;37;90;5
2026.07.06;14:05:00;178145;178210;178070;178210;8;8;5
2026.07.06;14:10:00;178085;178130;177965;178035;76;523;5
2026.07.06;14:15:00;178100;178120;178050;178115;90;673;5
2026.07.06;14:20:00;178105;178410;178100;178375;323;1395;5
2026.07.06;14:25:00;178365;178465;178315;178315;49;71;5
2026.07.06;14:30:00;178300;178330;178285;178290;6;6;5
2026.07.06;14:35:00;178270;178270;178200;178220;33;163;5
2026.07.06;14:40:00;178310;178345;178290;178345;10;10;5
2026.07.06;14:45:00;178350;178565;178350;178515;30;109;5
2026.07.06;14:50:00;178500;178500;178470;178470;14;23;5
2026.07.06;14:55:00;178565;178590;178470;178480;11;20;5
2026.07.06;15:00:00;178540;178590;178440;178530;12;19;5
2026.07.06;15:05:00;178495;178525;178475;178475;23;102;5
2026.07.06;15:10:00;178440;178480;178300;178470;28;53;5
2026.07.06;15:15:00;178470;178550;178455;178550;32;30;5
2026.07.06;15:20:00;178530;178570;178505;178525;5;8;5
2026.07.06;15:25:00;178580;178610;178555;178555;12;12;5
2026.07.06;15:30:00;178575;178620;178515;178515;13;19;5
2026.07.06;15:35:00;178500;178525;178440;178440;17;22;5
2026.07.06;15:40:00;178485;178485;178430;178430;5;5;5
2026.07.06;15:45:00;178430;178525;178430;178525;6;8;5
2026.07.06;15:50:00;178430;178430;178395;178395;7;7;5
2026.07.06;15:55:00;178380;178395;178380;178385;4;4;5
2026.07.06;16:00:00;178370;178405;178345;178405;17;28;5
2026.07.06;16:05:00;178350;178350;178260;178280;13;31;5
2026.07.06;16:10:00;178270;178270;178165;178265;22;80;5
2026.07.06;16:15:00;178240;178290;178225;178290;11;53;5
2026.07.06;16:20:00;178305;178320;178270;178300;8;8;5
2026.07.06;16:25:00;178345;178420;178345;178420;11;11;5
2026.07.06;16:30:00;178375;178375;178360;178360;2;2;5
2026.07.06;16:35:00;178300;178300;178295;178295;3;3;5
2026.07.06;16:40:00;178340;178345;178340;178345;2;2;5
2026.07.06;16:45:00;178340;178340;178340;178340;1;1;5
2026.07.06;16:50:00;178400;178400;178380;178380;36;96;5
2026.07.06;16:55:00;178405;178450;178315;178350;16;87;5
2026.07.06;17:00:00;178375;178450;178375;178450;9;22;5
2026.07.06;17:05:00;178450;178450;178450;178450;5;9;5
2026.07.06;17:10:00;178445;178445;178400;178400;2;3;5
2026.07.06;17:15:00;178420;178420;178420;178420;1;1;5
2026.07.06;17:20:00;178415;178430;178415;178430;2;11;5
2026.07.06;17:25:00;178415;178415;178365;178375;23;32;5
2026.07.06;17:30:00;178375;178420;178370;178420;8;28;5
2026.07.06;17:35:00;178425;178425;178405;178410;5;10;5
2026.07.06;17:40:00;178425;178535;178425;178520;11;12;5
2026.07.06;17:45:00;178515;178515;178515;178515;9;9;5
2026.07.06;17:55:00;178505;178560;178505;178545;9;41;5
2026.07.06;18:00:00;178495;178570;178470;178540;14;62;5
2026.07.06;18:05:00;178520;178520;178430;178490;12;14;5
2026.07.06;18:10:00;178495;178495;178345;178365;25;74;5
2026.07.06;18:15:00;178320;178350;178250;178250;9;15;5
2026.07.06;18:20:00;178250;178275;178245;178275;5;16;5
2026.07.07;09:00:00;178000;178855;178000;178855;76;109;5
2026.07.07;09:05:00;178895;179290;178775;179085;81;122;5
2026.07.07;09:10:00;179295;179400;179090;179325;60;62;5
2026.07.07;09:15:00;179385;179385;179075;179185;59;72;5
2026.07.07;09:20:00;179120;179125;178900;179055;15;25;5
2026.07.07;09:25:00;179140;179300;179125;179220;25;26;5
2026.07.07;09:30:00;179185;179185;179000;179015;35;42;5
2026.07.07;09:35:00;179135;179150;178935;178935;21;21;5
2026.07.07;09:40:00;178915;179090;178890;179040;23;28;5
2026.07.07;09:45:00;179055;179055;178855;178905;23;38;5
2026.07.07;09:50:00;179000;179010;178850;178885;16;24;5
2026.07.07;09:55:00;178875;178975;178785;178785;12;12;5
2026.07.07;10:00:00;178975;179045;178625;178670;36;81;5
2026.07.07;10:05:00;178805;178805;178580;178745;23;27;5
2026.07.07;10:10:00;178690;178915;178470;178610;31;33;5
2026.07.07;10:15:00;178550;178880;178460;178880;19;21;5
2026.07.07;10:20:00;178945;178975;178750;178805;57;66;5
2026.07.07;10:25:00;178795;178795;178345;178430;45;62;5
2026.07.07;10:30:00;178500;179365;178500;179230;504;3736;5
2026.07.07;10:35:00;179250;179455;179105;179345;108;1476;5
2026.07.07;10:40:00;179245;179430;179160;179285;95;1009;5
2026.07.07;10:45:00;179320;179525;179250;179250;48;71;5
2026.07.07;10:50:00;179180;179180;178840;178880;93;817;5
2026.07.07;10:55:00;178895;178895;178305;178305;77;413;5
2026.07.07;11:00:00;178460;178730;178280;178385;44;62;5
2026.07.07;11:05:00;178380;178630;178280;178420;300;4305;5
2026.07.07;11:10:00;178390;178415;178200;178200;65;192;5
2026.07.07;11:15:00;178110;178140;177890;177940;48;79;5
2026.07.07;11:20:00;178030;178030;177655;177740;100;797;5
2026.07.07;11:25:00;177675;177695;177335;177580;99;852;5
2026.07.07;11:30:00;177560;177705;177550;177695;16;45;5
2026.07.07;11:35:00;177600;177790;177600;177760;9;9;5
2026.07.07;11:40:00;177840;178000;177840;177990;10;10;5
2026.07.07;11:45:00;178030;178260;178030;178235;26;37;5
2026.07.07;11:50:00;178100;178100;178000;178070;6;7;5
2026.07.07;11:55:00;178025;178045;177955;178010;15;16;5
2026.07.07;12:00:00;177935;177935;177710;177710;28;29;5
2026.07.07;12:05:00;177715;177805;177635;177800;25;35;5
2026.07.07;12:10:00;177800;177800;177590;177620;11;21;5
2026.07.07;12:15:00;177540;177620;177450;177545;47;196;5
2026.07.07;12:20:00;177575;177655;177555;177630;31;61;5
2026.07.07;12:25:00;177615;177615;177530;177550;22;55;5
2026.07.07;12:30:00;177620;177710;177620;177635;27;35;5
2026.07.07;12:35:00;177510;177510;177390;177395;70;226;5
2026.07.07;12:40:00;177425;177535;177425;177480;23;38;5
2026.07.07;12:45:00;177500;177535;177440;177440;26;51;5
2026.07.07;12:50:00;177425;177500;177415;177500;8;30;5
2026.07.07;12:55:00;177495;177495;177425;177425;8;8;5
2026.07.07;13:00:00;177460;177475;177400;177445;26;50;5
2026.07.07;13:05:00;177435;177480;177305;177355;80;158;5
2026.07.07;13:10:00;177365;177465;177365;177405;17;73;5
2026.07.07;13:15:00;177415;177445;177415;177445;2;15;5
2026.07.07;13:20:00;177505;177540;177480;177500;10;68;5
2026.07.07;13:25:00;177450;177490;177450;177490;3;6;5
2026.07.07;13:30:00;177460;177490;177460;177490;2;10;5
2026.07.07;13:35:00;177460;177490;177460;177490;4;16;5
2026.07.07;13:40:00;177400;177440;177385;177420;24;37;5
2026.07.07;13:45:00;177460;177460;177460;177460;1;1;5
2026.07.07;13:50:00;177435;177435;177435;177435;6;12;5
2026.07.07;13:55:00;177380;177430;177370;177430;8;10;5
2026.07.07;14:00:00;177505;177705;177505;177625;31;68;5
2026.07.07;14:05:00;177650;177735;177615;177685;15;18;5
2026.07.07;14:10:00;177555;177640;177555;177640;9;38;5
2026.07.07;14:20:00;177740;177920;177655;177920;35;79;5
2026.07.07;14:25:00;177825;177920;177825;177905;7;12;5
2026.07.07;14:30:00;177910;177925;177770;177790;12;12;5
2026.07.07;14:35:00;177810;177895;177660;177660;44;117;5
2026.07.07;14:40:00;177675;177740;177635;177720;27;28;5
2026.07.07;14:45:00;177690;177695;177620;177680;14;17;5
2026.07.07;14:50:00;177740;177790;177740;177790;4;7;5
2026.07.07;15:00:00;177795;177800;177590;177595;14;42;5
2026.07.07;15:05:00;177585;177585;177445;177530;29;44;5
2026.07.07;15:10:00;177530;177555;177530;177555;3;3;5
2026.07.07;15:15:00;177560;177625;177550;177625;8;9;5
2026.07.07;15:20:00;177625;177695;177625;177695;3;3;5
2026.07.07;15:25:00;177690;177750;177680;177715;6;14;5
2026.07.07;15:30:00;177735;177850;177655;177850;41;272;5
2026.07.07;15:35:00;177850;177950;177845;177855;10;48;5
2026.07.07;15:40:00;177820;177970;177820;177970;7;25;5
2026.07.07;15:45:00;177970;178060;177875;177950;20;37;5
2026.07.07;15:50:00;177935;177975;177835;177890;60;314;5
2026.07.07;15:55:00;177950;177950;177885;177885;4;16;5
2026.07.07;16:00:00;177820;177860;177730;177860;32;47;5
2026.07.07;16:05:00;177755;177785;177755;177785;3;30;5
2026.07.07;16:10:00;177780;177805;177710;177770;6;21;5
2026.07.07;16:15:00;177735;177810;177730;177785;7;25;5
2026.07.07;16:20:00;177785;177910;177785;177910;3;11;5
2026.07.07;16:25:00;177905;177920;177765;177770;11;28;5
2026.07.07;16:30:00;177785;177825;177695;177715;9;44;5
2026.07.07;16:35:00;177650;177745;177650;177745;36;39;5
2026.07.07;16:40:00;177725;177725;177650;177685;12;12;5
2026.07.07;16:45:00;177700;177850;177685;177805;23;63;5
2026.07.07;16:50:00;177785;177785;177785;177785;1;1;5
2026.07.07;16:55:00;177740;177770;177740;177770;2;4;5
2026.07.07;17:00:00;177780;177885;177780;177885;6;26;5
2026.07.07;17:05:00;177905;177910;177905;177910;3;4;5
2026.07.07;17:10:00;177840;177840;177770;177770;20;60;5
2026.07.07;17:20:00;177830;177835;177830;177835;4;4;5
2026.07.07;17:25:00;177825;177825;177825;177825;5;5;5
2026.07.07;17:30:00;177815;177820;177815;177820;4;4;5
2026.07.07;17:35:00;177700;177740;177700;177740;2;13;5
2026.07.07;17:40:00;177725;177730;177725;177730;2;5;5
2026.07.07;17:50:00;177700;177700;177700;177700;3;3;5
2026.07.07;17:55:00;177700;177705;177670;177670;4;17;5
2026.07.07;18:00:00;177675;177675;177600;177600;5;20;5
2026.07.07;18:05:00;177550;177580;177550;177580;2;6;5
2026.07.07;18:10:00;177600;177600;177575;177575;6;30;5
2026.07.07;18:15:00;177550;177550;177370;177370;38;247;5
2026.07.07;18:20:00;177385;177450;177360;177360;13;114;5
2026.07.08;09:00:00;176295;177350;175840;177345;360;735;5
2026.07.08;09:05:00;177395;177500;176990;177220;118;316;5
2026.07.08;09:10:00;177300;177400;177090;177090;68;82;5
2026.07.08;09:15:00;177070;177375;177015;177370;105;875;5
2026.07.08;09:20:00;177290;177445;177260;177300;31;49;5
2026.07.08;09:25:00;177265;177445;177265;177445;4;7;5
2026.07.08;09:30:00;177470;177565;177365;177410;28;37;5
2026.07.08;09:35:00;177400;177400;177300;177325;13;22;5
2026.07.08;09:40:00;177400;177400;177300;177300;5;5;5
2026.07.08;09:45:00;177300;177345;177240;177345;7;15;5
2026.07.08;09:50:00;177295;177425;177295;177405;14;14;5
2026.07.08;09:55:00;177295;177490;177210;177325;18;19;5
2026.07.08;10:00:00;177400;177505;177300;177435;87;219;5
2026.07.08;10:05:00;177250;177250;177005;177120;50;64;5
2026.07.08;10:10:00;177070;177145;176740;176740;78;106;5
2026.07.08;10:15:00;176785;176860;176170;176190;119;468;5
2026.07.08;10:20:00;176215;176345;175745;176345;167;547;5
2026.07.08;10:25:00;176375;177075;176375;176945;263;2373;5
2026.07.08;10:30:00;176890;177200;176805;176960;197;526;5
2026.07.08;10:35:00;176965;176990;176490;176720;294;2807;5
2026.07.08;10:40:00;176675;176965;176650;176890;253;3022;5
2026.07.08;10:45:00;176785;176990;176600;176700;44;124;5
2026.07.08;10:50:00;176740;176770;176400;176460;44;69;5
2026.07.08;10:55:00;176400;176530;176280;176490;193;2810;5
2026.07.08;11:00:00;176470;176550;176300;176420;35;93;5
2026.07.08;11:05:00;176415;176835;176325;176835;321;3183;5
2026.07.08;11:10:00;176705;176760;176420;176495;103;1430;5
2026.07.08;11:15:00;176435;176620;176325;176545;104;1482;5
2026.07.08;11:20:00;176410;176695;176410;176695;21;47;5
2026.07.08;11:25:00;176695;176790;176380;176500;23;77;5
2026.07.08;11:30:00;176485;176515;176330;176345;10;10;5
2026.07.08;11:35:00;176490;176490;176185;176260;57;254;5
2026.07.08;11:40:00;176235;176295;176120;176170;12;26;5
2026.07.08;11:45:00;176150;176150;176000;176000;11;12;5
2026.07.08;11:50:00;175940;176000;175870;175870;30;119;5
2026.07.08;11:55:00;176020;176090;175950;176030;37;107;5
2026.07.08;12:00:00;175935;175935;175850;175850;4;4;5
2026.07.08;12:05:00;175905;176300;175905;176240;18;27;5
2026.07.08;12:10:00;176260;176260;176130;176145;10;10;5
2026.07.08;12:15:00;176000;176090;176000;176090;4;4;5
2026.07.08;12:20:00;176160;176160;176090;176090;2;2;5
2026.07.08;12:25:00;176090;176090;176000;176000;4;4;5
2026.07.08;12:30:00;176200;176200;176200;176200;1;1;5
2026.07.08;12:35:00;176185;176375;176185;176205;36;186;5
2026.07.08;12:45:00;176260;176260;176065;176065;14;23;5
2026.07.08;12:55:00;176070;176070;176000;176000;17;106;5
2026.07.08;13:00:00;175985;176050;175945;176035;12;39;5
2026.07.08;13:05:00;176035;176035;176035;176035;1;30;5
2026.07.08;13:10:00;175980;176010;175980;176010;6;6;5
2026.07.08;13:15:00;175985;176050;175985;176030;4;4;5
2026.07.08;13:20:00;175960;175960;175960;175960;1;1;5
2026.07.08;13:25:00;176070;176070;175990;175990;11;148;5
2026.07.08;13:30:00;175990;176055;175900;175900;7;7;5
2026.07.08;13:35:00;175985;176005;175985;176005;6;10;5
2026.07.08;13:40:00;176030;176300;176030;176255;43;173;5
2026.07.08;13:45:00;176250;176500;176250;176500;38;126;5
2026.07.08;13:50:00;176550;176700;176500;176550;466;3538;5
2026.07.08;13:55:00;176560;176605;176495;176535;66;160;5
2026.07.08;14:00:00;176505;176505;176330;176360;71;168;5
2026.07.08;14:05:00;176360;176390;176215;176255;56;1306;5
2026.07.08;14:10:00;176255;176395;176190;176370;114;1579;5
2026.07.08;14:15:00;176395;176450;176395;176400;8;11;5
2026.07.08;14:20:00;176475;176585;176475;176480;22;38;5
2026.07.08;14:25:00;176470;176470;176375;176375;11;31;5
2026.07.08;14:30:00;176360;176395;176300;176375;18;32;5
2026.07.08;14:35:00;176340;176365;176335;176355;11;13;5
2026.07.08;14:40:00;176290;176290;176285;176285;4;6;5
2026.07.08;14:45:00;176355;176355;176250;176250;6;11;5
2026.07.08;14:50:00;176290;176375;176285;176325;9;29;5
2026.07.08;14:55:00;176250;176250;176250;176250;5;25;5
2026.07.08;15:00:00;176350;176465;176315;176425;13;35;5
2026.07.08;15:05:00;176460;176630;176460;176600;28;52;5
2026.07.08;15:10:00;176600;176675;176570;176570;35;160;5
2026.07.08;15:15:00;176540;176610;176540;176600;18;60;5
2026.07.08;15:20:00;176570;176600;176510;176510;5;12;5
2026.07.08;15:25:00;176450;176515;176450;176495;6;9;5
2026.07.08;15:30:00;176590;176605;176485;176485;8;17;5
2026.07.08;15:35:00;176430;176430;176430;176430;2;6;5
2026.07.08;15:40:00;176400;176460;176400;176460;3;12;5
2026.07.08;15:45:00;176510;176625;176510;176625;21;94;5
2026.07.08;15:50:00;176620;176690;176540;176540;14;39;5
2026.07.08;15:55:00;176520;176520;176470;176470;2;2;5
2026.07.08;16:00:00;176515;176515;176515;176515;5;24;5
2026.07.08;16:05:00;176525;176660;176525;176660;5;7;5
2026.07.08;16:10:00;176600;176600;176560;176560;2;2;5
2026.07.08;16:15:00;176620;176650;176620;176650;2;3;5
2026.07.08;16:20:00;176605;176605;176605;176605;1;3;5
2026.07.08;16:25:00;176565;176575;176500;176575;5;14;5
2026.07.08;16:30:00;176650;176725;176650;176660;26;136;5
2026.07.08;16:35:00;176660;176775;176660;176740;5;6;5
2026.07.08;16:40:00;176725;176750;176675;176750;23;27;5
2026.07.08;16:45:00;176725;176725;176510;176510;18;60;5
2026.07.08;16:50:00;176570;176605;176570;176605;4;4;5
2026.07.08;16:55:00;176580;176595;176575;176595;4;4;5
2026.07.08;17:00:00;176500;176500;176350;176350;11;16;5
2026.07.08;17:05:00;176435;176435;176435;176435;1;3;5
2026.07.08;17:10:00;176400;176400;176390;176390;4;4;5
2026.07.08;17:15:00;176395;176395;176280;176335;19;147;5
2026.07.08;17:20:00;176305;176305;176305;176305;5;5;5
2026.07.08;17:25:00;176255;176255;176200;176225;9;15;5
2026.07.08;17:30:00;176240;176240;176195;176225;9;35;5
2026.07.08;17:35:00;176200;176200;176175;176175;2;2;5
2026.07.08;17:40:00;176290;176290;176290;176290;9;10;5
2026.07.08;17:50:00;176250;176250;176250;176250;5;5;5
2026.07.08;17:55:00;176240;176295;176230;176230;5;8;5
2026.07.08;18:00:00;176230;176260;176230;176260;4;9;5
2026.07.08;18:05:00;176270;176270;176270;176270;2;11;5
2026.07.08;18:10:00;176300;176400;176300;176350;336;2598;5
2026.07.08;18:15:00;176360;176400;176305;176400;23;607;5
2026.07.08;18:20:00;176380;176420;176350;176350;8;14;5
2026.07.09;09:00:00;176540;176920;176250;176850;475;2156;5
2026.07.09;09:05:00;176760;177485;176760;177485;64;216;5
2026.07.09;09:10:00;177270;177270;176840;177220;36;53;5
2026.07.09;09:15:00;177200;177485;177200;177485;23;23;5
2026.07.09;09:20:00;177410;177550;177380;177465;60;157;5
2026.07.09;09:25:00;177500;177500;177385;177440;13;14;5
2026.07.09;09:30:00;177305;177450;177225;177225;14;15;5
2026.07.09;09:35:00;177325;177325;177115;177115;15;34;5
2026.07.09;09:40:00;177115;177250;177090;177195;31;215;5
2026.07.09;09:45:00;177255;177275;177150;177205;16;21;5
2026.07.09;09:50:00;177195;177195;176980;177055;53;94;5
2026.07.09;09:55:00;177010;177010;176740;176875;39;168;5
2026.07.09;10:00:00;176945;177200;176945;177105;48;80;5
2026.07.09;10:05:00;177110;177290;177100;177245;34;125;5
2026.07.09;10:10:00;177100;177500;177100;177430;55;64;5
2026.07.09;10:15:00;177445;177445;176950;177065;62;76;5
2026.07.09;10:20:00;177135;177525;177135;177430;55;79;5
2026.07.09;10:25:00;177445;177505;177080;177100;60;123;5
2026.07.09;10:30:00;177010;177030;176690;176885;104;449;5
2026.07.09;10:35:00;176890;176945;176760;176840;15;20;5
2026.07.09;10:40:00;176780;176980;176780;176920;21;23;5
2026.07.09;10:45:00;176795;176815;176670;176765;70;83;5
2026.07.09;10:50:00;176700;176720;176595;176600;31;48;5
2026.07.09;10:55:00;176570;176870;176570;176800;33;40;5
2026.07.09;11:00:00;176890;177375;176890;177375;57;87;5
2026.07.09;11:05:00;177350;177740;177350;177740;66;214;5
2026.07.09;11:10:00;177540;177630;177360;177630;78;161;5
2026.07.09;11:15:00;177545;177775;177510;177680;29;104;5
2026.07.09;11:20:00;177575;177820;177510;177770;73;418;5
2026.07.09;11:25:00;177780;178105;177780;177955;108;517;5
2026.07.09;11:30:00;178000;178120;177925;178025;40;101;5
2026.07.09;11:35:00;177970;178110;177875;177875;15;29;5
2026.07.09;11:40:00;177905;178020;177880;177985;9;19;5
2026.07.09;11:45:00;177920;177980;177920;177980;7;26;5
2026.07.09;11:50:00;178030;178185;178030;178120;15;21;5
2026.07.09;11:55:00;178120;178225;178085;178225;11;22;5
2026.07.09;12:00:00;178230;178240;178065;178110;15;27;5
2026.07.09;12:05:00;178095;178300;178070;178300;30;50;5
2026.07.09;12:10:00;178340;178420;178300;178420;26;37;5
2026.07.09;12:15:00;178250;178250;178095;178165;13;27;5
2026.07.09;12:20:00;178120;178130;178000;178000;18;24;5
2026.07.09;12:25:00;177975;177975;177890;177975;11;22;5
2026.07.09;12:30:00;177875;178105;177850;178105;12;15;5
2026.07.09;12:35:00;178015;178140;178015;178140;11;18;5
2026.07.09;12:40:00;178160;178225;178105;178175;10;15;5
2026.07.09;12:45:00;178175;178195;178165;178195;4;4;5
2026.07.09;12:50:00;178155;178155;178150;178150;3;5;5
2026.07.09;12:55:00;178160;178210;178160;178210;6;8;5
2026.07.09;13:00:00;178250;178300;178250;178300;66;275;5
2026.07.09;13:05:00;178325;178365;178275;178330;9;10;5
2026.07.09;13:10:00;178390;178440;178390;178400;14;25;5
2026.07.09;13:15:00;178400;178400;178370;178370;2;2;5
2026.07.09;13:20:00;178355;178355;178315;178315;5;27;5
2026.07.09;13:30:00;178230;178305;178230;178265;5;8;5
2026.07.09;13:35:00;178265;178265;178125;178125;20;21;5
2026.07.09;13:40:00;178105;178145;178100;178145;4;10;5
2026.07.09;13:45:00;178205;178205;178140;178140;3;3;5
2026.07.09;13:55:00;178140;178165;178140;178165;5;5;5
2026.07.09;14:00:00;178210;178280;178210;178265;19;22;5
2026.07.09;14:05:00;178145;178145;178115;178140;6;6;5
2026.07.09;14:15:00;178145;178185;178145;178185;2;2;5
2026.07.09;14:20:00;178270;178310;178270;178310;12;12;5
2026.07.09;14:25:00;178340;178410;178335;178335;14;20;5
2026.07.09;14:30:00;178400;178470;178400;178410;11;39;5
2026.07.09;14:35:00;178470;178650;178470;178645;48;162;5
2026.07.09;14:40:00;178570;178655;178520;178605;32;123;5
2026.07.09;14:45:00;178575;178640;178570;178615;8;13;5
2026.07.09;14:50:00;178625;178670;178535;178535;21;92;5
2026.07.09;14:55:00;178590;178595;178535;178595;37;143;5
2026.07.09;15:00:00;178600;178600;178380;178380;22;59;5
2026.07.09;15:05:00;178405;178470;178395;178435;12;23;5
2026.07.09;15:10:00;178435;178515;178435;178480;8;14;5
2026.07.09;15:15:00;178480;178485;178420;178420;8;20;5
2026.07.09;15:20:00;178405;178420;178390;178420;5;12;5
2026.07.09;15:25:00;178405;178435;178350;178350;21;55;5
2026.07.09;15:30:00;178395;178400;178345;178390;9;36;5
2026.07.09;15:35:00;178360;178380;178325;178360;8;25;5
2026.07.09;15:40:00;178355;178490;178330;178430;21;39;5
2026.07.09;15:45:00;178420;178495;178405;178495;5;5;5
2026.07.09;15:50:00;178495;178525;178485;178485;14;21;5
2026.07.09;15:55:00;178495;178625;178495;178600;25;43;5
2026.07.09;16:00:00;178570;178615;178570;178585;5;13;5
2026.07.09;16:05:00;178610;178610;178535;178535;25;66;5
2026.07.09;16:10:00;178590;178595;178590;178595;6;6;5
2026.07.09;16:15:00;178640;178725;178630;178680;33;155;5
2026.07.09;16:20:00;178715;178750;178715;178725;22;46;5
2026.07.09;16:25:00;178720;178720;178665;178665;10;10;5
2026.07.09;16:30:00;178625;178625;178500;178500;24;63;5
2026.07.09;16:35:00;178520;178600;178520;178570;5;6;5
2026.07.09;16:40:00;178590;178710;178580;178685;30;79;5
2026.07.09;16:45:00;178695;178700;178670;178670;9;11;5
2026.07.09;16:50:00;178700;178720;178690;178690;6;16;5
2026.07.09;16:55:00;178690;178785;178690;178765;22;49;5
2026.07.09;17:00:00;178720;178750;178680;178725;5;5;5
2026.07.09;17:05:00;178750;178765;178730;178740;17;24;5
2026.07.09;17:10:00;178790;178890;178790;178845;64;349;5
2026.07.09;17:15:00;178840;178930;178840;178915;21;63;5
2026.07.09;17:20:00;178850;178870;178840;178840;7;17;5
2026.07.09;17:25:00;178860;178860;178815;178830;3;11;5
2026.07.09;17:30:00;178810;178810;178810;178810;3;10;5
2026.07.09;17:35:00;178870;178870;178855;178855;3;7;5
2026.07.09;17:40:00;178800;178800;178785;178785;8;50;5
2026.07.09;17:45:00;178780;178825;178780;178825;5;5;5
2026.07.09;17:50:00;178825;178900;178825;178865;19;65;5
2026.07.09;17:55:00;178870;178900;178870;178900;6;12;5
2026.07.09;18:00:00;178900;179040;178900;178960;40;241;5
2026.07.09;18:05:00;178960;178980;178920;178955;36;424;5
2026.07.09;18:10:00;178970;179090;178955;179060;102;898;5
2026.07.09;18:15:00;179060;179130;179015;179090;51;644;5
2026.07.09;18:20:00;179015;179105;178905;178905;54;590;5
2026.07.10;09:00:00;179455;180540;179455;180475;224;794;0
2026.07.10;09:05:00;180500;180710;180360;180630;87;464;0
2026.07.10;09:10:00;180700;181340;180700;181305;250;1247;0
2026.07.10;09:15:00;181350;181390;180975;181210;93;495;0
2026.07.10;09:20:00;181180;181315;181105;181255;247;2010;0
2026.07.10;09:25:00;181270;181595;181200;181200;295;3253;0
2026.07.10;09:30:00;181255;181555;181255;181380;113;628;0
2026.07.10;09:35:00;181395;181550;181285;181455;40;181;0
2026.07.10;09:40:00;181390;181540;181375;181485;19;211;0
2026.07.10;09:45:00;181500;181695;181500;181615;119;1664;0
2026.07.10;09:50:00;181610;181700;181610;181660;9;86;0
2026.07.10;09:55:00;181745;184330;181745;182070;300;3735;0
2026.07.10;10:00:00;182000;182505;181975;182190;105;739;0
2026.07.10;10:05:00;182215;182335;181890;181965;145;334;5
2026.07.10;10:10:00;181995;181995;181755;181795;116;730;5
2026.07.10;10:15:00;181920;181925;181485;181515;172;2178;0
2026.07.10;10:20:00;181550;181560;181310;181470;110;930;0
2026.07.10;10:25:00;181535;182060;181535;181785;177;1767;0
2026.07.10;10:30:00;181815;181905;181620;181830;53;172;0
2026.07.10;10:35:00;181705;182240;181705;182130;81;1660;0
2026.07.10;10:40:00;182200;182265;181610;181680;124;3032;0
2026.07.10;10:45:00;181655;181800;181550;181730;100;719;0
2026.07.10;10:50:00;181750;182200;181750;182125;149;3287;0
2026.07.10;10:55:00;182025;182285;182025;182250;61;495;20
2026.07.10;11:00:00;182275;182565;182275;182350;61;326;10
2026.07.10;11:05:00;182350;182455;182165;182250;37;162;10
2026.07.10;11:10:00;182225;182225;182000;182115;73;2726;15
2026.07.10;11:15:00;182215;182580;182215;182505;81;2865;0
2026.07.10;11:20:00;182550;182570;182200;182200;70;2991;10
2026.07.10;11:25:00;182400;182710;182395;182535;106;3074;0
2026.07.10;11:30:00;182535;182575;181750;182215;299;5710;0
2026.07.10;11:35:00;182250;182370;182100;182160;136;4181;0
2026.07.10;11:40:00;182180;182435;182170;182390;46;573;10
2026.07.10;11:45:00;182420;182665;182420;182645;62;2586;0
2026.07.10;11:50:00;182685;182765;182630;182630;53;473;0
2026.07.10;11:55:00;182625;182625;182430;182450;125;2740;0
2026.07.10;12:00:00;182410;182415;182240;182255;22;260;20
2026.07.10;12:05:00;182295;182320;182075;182075;40;398;15
2026.07.10;12:10:00;182065;182075;182000;182025;41;488;0
2026.07.10;12:15:00;181985;182130;181940;181970;28;82;0
2026.07.10;12:20:00;182040;182165;182025;182150;16;22;0
2026.07.10;12:25:00;182185;182250;182070;182160;51;1119;0
2026.07.10;12:30:00;182115;182135;181975;181995;30;67;0
2026.07.10;12:35:00;182015;182015;181915;182015;22;71;0
2026.07.10;12:40:00;182015;182085;182015;182085;6;22;5
2026.07.10;12:45:00;182140;182145;181975;181975;20;53;5
2026.07.10;12:50:00;182035;182160;182035;182160;18;314;0
2026.07.10;12:55:00;182150;182215;182150;182215;5;6;0
2026.07.10;13:00:00;182215;182335;182215;182335;22;40;0
2026.07.10;13:05:00;182360;182500;182335;182500;35;407;0
2026.07.10;13:10:00;182525;182555;182455;182525;17;116;0
2026.07.10;13:15:00;182600;182700;182555;182555;23;124;0
2026.07.10;13:20:00;182560;182700;182555;182700;9;34;5
2026.07.10;13:25:00;182700;182925;182695;182890;41;727;0
2026.07.10;13:30:00;182890;182970;182860;182915;39;144;0
2026.07.10;13:35:00;182840;183000;182825;182985;18;137;10
2026.07.10;13:40:00;182940;183065;182940;183000;16;46;5
2026.07.10;13:45:00;183020;183210;183020;183125;59;969;10
2026.07.10;13:50:00;183185;183265;183090;183105;123;2112;0
2026.07.10;13:55:00;183110;183240;183080;183100;79;1885;0
2026.07.10;14:00:00;183090;183120;183010;183075;26;196;10
2026.07.10;14:05:00;183060;183190;183060;183115;27;451;5
2026.07.10;14:10:00;183170;183170;183110;183110;4;7;0
2026.07.10;14:15:00;183200;183205;183000;183000;23;189;0
2026.07.10;14:20:00;183100;183150;183080;183095;17;133;5
2026.07.10;14:25:00;183085;183180;183075;183140;141;450;0
2026.07.10;14:30:00;183125;183165;183090;183165;45;548;0
2026.07.10;14:35:00;183105;183110;183070;183110;18;268;0
2026.07.10;14:40:00;183125;183195;183125;183165;31;387;0
2026.07.10;14:45:00;183170;183195;183100;183120;15;55;5
2026.07.10;14:50:00;183120;183140;183080;183140;20;60;5
2026.07.10;14:55:00;183135;183155;183025;183085;36;450;0
2026.07.10;15:00:00;183095;183265;183095;183230;70;214;0
2026.07.10;15:05:00;183250;183485;183240;183485;85;540;0
2026.07.10;15:10:00;183490;183615;183435;183565;90;1837;0
2026.07.10;15:15:00;183585;183725;183540;183640;49;370;5
2026.07.10;15:20:00;183640;183675;183525;183525;55;196;5
2026.07.10;15:25:00;183520;183575;183495;183495;27;235;0
2026.07.10;15:30:00;183510;183555;183465;183495;35;87;0
2026.07.10;15:35:00;183450;183465;183370;183385;38;152;5
2026.07.10;15:40:00;183425;183425;183375;183390;17;119;0
2026.07.10;15:45:00;183385;183390;183295;183320;28;120;5
2026.07.10;15:50:00;183330;183330;183185;183260;43;585;0
2026.07.10;15:55:00;183265;183320;183195;183250;40;288;0
2026.07.10;16:00:00;183245;183360;183225;183360;51;458;5
2026.07.10;16:05:00;183445;183470;183400;183405;11;55;10
2026.07.10;16:10:00;183405;183460;183345;183345;28;334;5
2026.07.10;16:15:00;183350;183395;183350;183360;7;26;10
2026.07.10;16:20:00;183370;183425;183370;183390;7;10;5
2026.07.10;16:25:00;183500;183505;183435;183450;12;21;5
2026.07.10;16:30:00;183445;183470;183445;183460;7;16;0
2026.07.10;16:35:00;183445;183445;183425;183430;3;21;0
2026.07.10;16:40:00;183415;183480;183400;183435;19;50;5
2026.07.10;16:45:00;183455;183535;183445;183530;19;52;0
2026.07.10;16:50:00;183555;183560;183500;183550;21;94;0
2026.07.10;16:55:00;183585;183715;183585;183700;52;369;5
2026.07.10;17:00:00;183725;183850;183705;183705;60;228;0
2026.07.10;17:05:00;183740;183900;183740;183830;29;138;0
2026.07.10;17:10:00;183800;184125;183785;184060;110;1941;0
2026.07.10;17:15:00;184050;184095;184030;184030;25;185;5
2026.07.10;17:20:00;184075;184150;184075;184100;15;358;0
2026.07.10;17:25:00;184110;184260;184110;184190;92;1564;0
2026.07.10;17:30:00;184175;184235;184150;184235;23;271;5
2026.07.10;17:35:00;184200;184250;184175;184200;15;87;10
2026.07.10;17:40:00;184190;184200;184190;184200;5;28;5
2026.07.10;17:45:00;184210;184300;184210;184250;13;250;10
2026.07.10;17:50:00;184300;184395;184280;184310;43;794;0
2026.07.10;17:55:00;184325;184325;184210;184245;13;396;5
2026.07.10;18:00:00;184260;184290;184185;184290;15;442;5
2026.07.10;18:05:00;184305;184435;184260;184300;38;801;5
2026.07.10;18:10:00;184285;184415;184280;184325;26;98;0
2026.07.10;18:15:00;184300;184450;184300;184360;39;1478;0
2026.07.10;18:20:00;184345;184425;184345;184415;8;75;0
2026.07.10;18:30:00;184365;184365;184365;184365;1;18;50
2026.07.13;09:00:00;184120;184120;183305;183470;149;396;0
2026.07.13;09:05:00;183530;183720;183480;183570;45;161;0
2026.07.13;09:10:00;183625;183625;183365;183450;42;270;0
2026.07.13;09:15:00;183500;183855;183470;183560;108;2061;0
2026.07.13;09:20:00;183620;183620;183340;183455;73;874;0
2026.07.13;09:25:00;183490;183625;183425;183625;40;269;0
2026.07.13;09:30:00;183660;183810;183560;183655;25;437;0
2026.07.13;09:35:00;183565;183655;183545;183625;16;338;0
2026.07.13;09:40:00;183700;183965;183700;183830;82;1427;0
2026.07.13;09:45:00;183830;183875;183685;183850;65;1140;0
2026.07.13;09:50:00;183795;183795;183610;183755;38;220;0
2026.07.13;09:55:00;183900;183975;183825;183890;19;34;0
2026.07.13;10:00:00;184000;184030;183510;183755;65;282;0
2026.07.13;10:05:00;183710;183710;183400;183460;63;393;5
2026.07.13;10:10:00;183490;183920;183480;183765;60;443;0
2026.07.13;10:15:00;183660;183820;183510;183520;22;55;0
2026.07.13;10:20:00;183630;183695;183600;183645;8;10;10
2026.07.13;10:25:00;183520;183520;183155;183260;160;670;0
2026.07.13;10:30:00;183270;183670;183270;183600;57;96;0
2026.07.13;10:35:00;183410;183410;182840;182900;83;319;0
2026.07.13;10:40:00;183010;183160;182715;183160;54;108;0
2026.07.13;10:45:00;183090;183170;183000;183055;38;143;0
2026.07.13;10:50:00;183045;183320;182870;183320;31;87;0
2026.07.13;10:55:00;183300;183350;183180;183320;10;10;15
2026.07.13;11:00:00;183245;183245;182905;182930;47;125;0
2026.07.13;11:05:00;182920;182985;182850;182860;36;53;0
2026.07.13;11:10:00;183045;183115;182915;182945;22;287;0
2026.07.13;11:15:00;182940;182985;182495;182700;129;792;5
2026.07.13;11:20:00;182700;182735;182570;182735;25;74;20
2026.07.13;11:25:00;182770;182830;182720;182810;26;268;0
2026.07.13;11:30:00;182745;182825;182715;182735;19;53;20
2026.07.13;11:35:00;182765;182765;182500;182515;22;75;10
2026.07.13;11:40:00;182560;182560;182280;182390;37;106;0
2026.07.13;11:45:00;182305;182510;182295;182510;19;71;10
2026.07.13;11:50:00;182460;182505;182415;182440;11;21;30
2026.07.13;11:55:00;182490;182550;182410;182545;27;43;5
2026.07.13;12:00:00;182515;182550;182410;182470;13;64;35
2026.07.13;12:05:00;182475;182485;182210;182210;26;64;20
2026.07.13;12:10:00;182205;182275;182075;182130;30;94;15
2026.07.13;12:15:00;182070;182255;182070;182160;6;7;25
2026.07.13;12:20:00;182120;182280;182070;182280;21;130;10
2026.07.13;12:25:00;182185;182250;182175;182250;10;28;5
2026.07.13;12:30:00;182300;182365;182280;182280;8;22;10
2026.07.13;12:35:00;182275;182275;182190;182195;9;26;15
2026.07.13;12:40:00;182280;182280;182205;182235;4;4;20
2026.07.13;12:45:00;182295;182295;182200;182200;4;23;20
2026.07.13;12:50:00;182210;182210;182145;182165;15;17;5
2026.07.13;12:55:00;182110;182130;182035;182130;25;61;10
2026.07.13;13:00:00;182140;182215;182140;182165;21;32;0
2026.07.13;13:05:00;182120;182150;182105;182105;5;14;15
2026.07.13;13:10:00;182120;182220;182120;182175;12;15;0
2026.07.13;13:15:00;182135;182140;182025;182100;26;38;15
2026.07.13;13:20:00;182125;182160;182080;182160;17;119;5
2026.07.13;13:25:00;182080;182110;182035;182035;15;24;0
2026.07.13;13:30:00;182055;182075;181845;181860;41;124;10
2026.07.13;13:35:00;181855;181955;181805;181915;17;41;10
2026.07.13;13:40:00;181905;181995;181885;181995;16;28;10
2026.07.13;13:45:00;182050;182065;181825;181825;18;35;10
2026.07.13;13:50:00;181820;181820;181680;181690;35;268;5
2026.07.13;13:55:00;181710;181720;181605;181635;24;53;5
2026.07.13;14:00:00;181615;181615;181565;181590;12;32;5
2026.07.13;14:05:00;181555;181645;181555;181645;7;25;10
2026.07.13;14:10:00;181630;181755;181630;181755;10;29;5
2026.07.13;14:15:00;181800;181800;181755;181755;3;21;15
2026.07.13;14:20:00;181785;181785;181610;181610;21;61;5
2026.07.13;14:25:00;181600;181600;181455;181465;30;179;5
2026.07.13;14:30:00;181425;181460;181400;181450;8;44;0
2026.07.13;14:35:00;181460;181515;181425;181425;9;43;5
2026.07.13;14:40:00;181400;181435;181350;181425;12;22;10
2026.07.13;14:45:00;181430;181505;181430;181450;6;15;5
2026.07.13;14:50:00;181425;181425;181275;181370;89;262;0
2026.07.13;14:55:00;181340;181340;181250;181325;77;289;0
2026.07.13;15:00:00;181340;181405;181310;181330;42;201;5
2026.07.13;15:05:00;181320;181425;181310;181310;78;261;5
2026.07.13;15:10:00;181300;181365;181205;181315;39;175;0
2026.07.13;15:15:00;181315;181315;181245;181245;4;6;15
2026.07.13;15:20:00;181275;181275;181275;181275;1;1;10
2026.07.13;15:25:00;181260;181325;181250;181275;12;13;5
2026.07.13;15:30:00;181350;181380;181350;181350;19;25;0
2026.07.13;15:35:00;181385;181530;181370;181460;21;69;0
2026.07.13;15:40:00;181420;181435;181405;181435;4;4;10
2026.07.13;15:45:00;181440;181525;181440;181475;10;148;5
2026.07.13;15:50:00;181485;181500;181485;181495;4;31;15
2026.07.13;15:55:00;181465;181550;181425;181550;11;19;5
2026.07.13;16:00:00;181550;181650;181470;181615;49;331;0
2026.07.13;16:05:00;181645;181650;181540;181550;10;29;15
2026.07.13;16:10:00;181525;181580;181500;181580;5;15;5
2026.07.13;16:15:00;181525;181575;181525;181575;2;3;25
2026.07.13;16:20:00;181550;181550;181420;181455;12;20;10
2026.07.13;16:25:00;181425;181425;181280;181280;9;26;5
2026.07.13;16:30:00;181275;181275;181200;181255;13;76;5
2026.07.13;16:35:00;181195;181215;181135;181210;7;41;10
2026.07.13;16:40:00;181225;181340;181225;181340;55;291;0
2026.07.13;16:45:00;181275;181400;181275;181400;6;9;0
2026.07.13;16:50:00;181315;181315;181280;181315;6;60;10
2026.07.13;16:55:00;181255;181255;181200;181240;15;37;0
2026.07.13;17:00:00;181235;181425;181235;181380;6;36;0
2026.07.13;17:05:00;181340;181415;181340;181415;6;9;0
2026.07.13;17:10:00;181390;181390;181105;181105;36;77;0
2026.07.13;17:15:00;181085;181105;181000;181060;47;59;0
2026.07.13;17:20:00;181040;181095;181000;181095;23;116;0
2026.07.13;17:25:00;181100;181100;181045;181090;10;16;5
2026.07.13;17:30:00;181050;181050;181030;181030;2;6;10
2026.07.13;17:35:00;181000;181015;181000;181015;5;7;10
2026.07.13;17:40:00;180930;180930;180870;180870;19;70;10
2026.07.13;17:45:00;180870;180895;180870;180870;5;6;10
2026.07.13;17:50:00;180855;180870;180845;180870;7;54;15
2026.07.13;17:55:00;180885;180900;180885;180900;3;17;10
2026.07.13;18:00:00;180905;180905;180775;180775;15;156;0
2026.07.13;18:05:00;180870;180955;180860;180945;80;995;0
2026.07.13;18:10:00;180940;180955;180940;180945;6;42;5
2026.07.13;18:15:00;180955;181075;180955;181075;29;781;0
2026.07.13;18:20:00;181090;181115;180970;180970;7;84;5
2026.07.13;18:30:00;181005;181005;181005;181005;2;21;0
2026.07.14;09:00:00;181310;182080;181160;181910;204;479;0
2026.07.14;09:05:00;181815;181815;181100;181400;337;2124;0
2026.07.14;09:10:00;181375;181535;181245;181405;84;242;0
2026.07.14;09:15:00;181395;181610;181335;181355;66;167;0
2026.07.14;09:20:00;181470;181655;181365;181620;21;74;0
2026.07.14;09:25:00;181650;181690;181170;181390;147;844;0
2026.07.14;09:30:00;181395;183000;181340;182390;281;2302;0
2026.07.14;09:35:00;182360;182510;182070;182410;194;1910;5
2026.07.14;09:40:00;182425;182470;182155;182250;60;300;0
2026.07.14;09:45:00;182205;182205;181985;182055;55;237;0
2026.07.14;09:50:00;182080;182295;182080;182115;407;3402;0
2026.07.14;09:55:00;182160;182260;182000;182045;58;158;0
2026.07.14;10:00:00;182045;182450;181905;182240;70;272;0
2026.07.14;10:05:00;182250;182335;182100;182100;25;43;20
2026.07.14;10:10:00;182100;182225;181830;181850;68;171;5
2026.07.14;10:15:00;181820;182000;181550;181705;110;448;5
2026.07.14;10:20:00;181675;182110;181540;182035;57;219;5
2026.07.14;10:25:00;181910;181925;181705;181745;40;98;15
2026.07.14;10:30:00;181805;182315;181805;182225;145;382;5
2026.07.14;10:35:00;182200;182250;181895;182175;60;178;5
2026.07.14;10:40:00;182200;182285;182135;182270;17;36;15
2026.07.14;10:45:00;182000;182280;182000;182020;29;63;5
2026.07.14;10:50:00;182180;182375;182125;182315;40;194;0
2026.07.14;10:55:00;182375;182490;182335;182480;17;42;0
2026.07.14;11:00:00;182500;182740;182390;182390;44;89;20
2026.07.14;11:05:00;182390;182630;182340;182625;14;31;10
2026.07.14;11:10:00;182425;182425;182175;182300;71;153;5
2026.07.14;11:15:00;182290;182300;181885;182035;364;3773;0
2026.07.14;11:20:00;182105;182390;182105;182275;132;2966;0
2026.07.14;11:25:00;182220;182230;181970;182000;138;3415;0
2026.07.14;11:30:00;182060;182550;182060;182410;114;1036;0
2026.07.14;11:35:00;182365;182405;182250;182310;24;57;10
2026.07.14;11:40:00;182185;182185;181840;181840;58;396;10
2026.07.14;11:45:00;181825;181940;181680;181935;46;101;0
2026.07.14;11:50:00;181870;181905;181790;181820;13;19;10
2026.07.14;11:55:00;181840;181910;181840;181890;13;15;10
2026.07.14;12:00:00;181870;182085;181635;182025;102;286;0
2026.07.14;12:05:00;181810;182075;181810;181940;44;255;20
2026.07.14;12:10:00;181940;182195;181940;182195;26;68;15
2026.07.14;12:15:00;182200;182255;182125;182220;25;188;10
2026.07.14;12:20:00;182200;182200;182035;182125;12;24;15
2026.07.14;12:30:00;182090;182090;181985;182045;19;24;5
2026.07.14;12:35:00;181980;182050;181980;182050;3;7;30
2026.07.14;12:40:00;181900;181925;181750;181870;23;35;20
2026.07.14;12:45:00;181930;182010;181930;182000;11;16;20
2026.07.14;12:50:00;181895;181895;181735;181735;9;63;25
2026.07.14;12:55:00;181775;181775;181655;181700;30;115;5
2026.07.14;13:00:00;181665;181665;181520;181570;32;73;10
2026.07.14;13:05:00;181535;181585;181340;181580;52;283;10
2026.07.14;13:10:00;181520;181755;181520;181685;48;345;10
2026.07.14;13:15:00;181700;181750;181605;181740;16;24;0
2026.07.14;13:20:00;181695;181785;181670;181705;15;19;25
2026.07.14;13:25:00;181700;181740;181680;181680;8;13;40
2026.07.14;13:30:00;181785;181805;181750;181750;13;23;15
2026.07.14;13:35:00;181750;181850;181750;181840;12;34;0
2026.07.14;13:40:00;181855;181920;181840;181895;31;182;0
2026.07.14;13:45:00;181920;181940;181660;181680;28;48;20
2026.07.14;13:50:00;181685;181750;181685;181750;6;9;30
2026.07.14;13:55:00;181785;181815;181745;181745;14;27;0
2026.07.14;14:00:00;181790;181835;181590;181590;21;34;10
2026.07.14;14:05:00;181655;181655;181575;181650;22;171;20
2026.07.14;14:10:00;181685;181690;181650;181675;14;15;20
2026.07.14;14:15:00;181575;181645;181560;181645;7;9;5
2026.07.14;14:20:00;181560;181620;181555;181620;8;10;5
2026.07.14;14:25:00;181585;181585;181550;181565;10;10;30
2026.07.14;14:30:00;181600;181650;181570;181620;18;28;10
2026.07.14;14:35:00;181580;181625;181550;181560;14;14;15
2026.07.14;14:40:00;181580;181610;181570;181605;13;14;10
2026.07.14;14:45:00;181585;181705;181570;181660;28;135;10
2026.07.14;14:50:00;181730;181790;181700;181710;19;40;15
2026.07.14;14:55:00;181680;181680;181550;181560;27;33;20
2026.07.14;15:00:00;181680;181690;181615;181665;14;29;15
2026.07.14;15:05:00;181690;181740;181685;181695;6;27;20
2026.07.14;15:10:00;181740;181785;181705;181785;5;11;15
2026.07.14;15:15:00;181745;181745;181660;181725;14;23;15
2026.07.14;15:20:00;181705;181775;181705;181775;11;26;0
2026.07.14;15:25:00;181750;181850;181750;181850;11;90;20
2026.07.14;15:30:00;181795;181850;181790;181790;3;3;15
2026.07.14;15:35:00;181800;181860;181770;181860;21;100;5
2026.07.14;15:40:00;181880;181940;181860;181900;48;97;5
2026.07.14;15:45:00;181945;182255;181945;182195;49;298;0
2026.07.14;15:50:00;182170;182190;182095;182160;25;37;5
2026.07.14;15:55:00;182200;182290;182190;182265;11;13;0
2026.07.14;16:00:00;182175;182290;182175;182250;6;10;5
2026.07.14;16:05:00;182245;182350;182245;182350;21;39;0
2026.07.14;16:10:00;182225;182275;182175;182275;14;126;5
2026.07.14;16:15:00;182215;182245;182150;182180;15;41;15
2026.07.14;16:20:00;182140;182140;182040;182090;12;31;5
2026.07.14;16:25:00;182035;182095;182015;182095;18;167;0
2026.07.14;16:30:00;182065;182075;181960;182040;25;43;5
2026.07.14;16:35:00;182030;182100;182025;182095;10;14;5
2026.07.14;16:40:00;182120;182150;182120;182150;8;15;0
2026.07.14;16:45:00;182170;182235;182170;182200;6;14;5
2026.07.14;16:50:00;182240;182240;182160;182200;4;12;5
2026.07.14;16:55:00;182240;182340;182240;182250;19;42;0
2026.07.14;17:00:00;182250;182365;182250;182345;66;324;5
2026.07.14;17:05:00;182325;182420;182325;182405;19;26;5
2026.07.14;17:10:00;182375;182375;182195;182215;13;28;5
2026.07.14;17:15:00;182195;182195;182180;182180;5;11;5
2026.07.14;17:20:00;182170;182205;182145;182145;7;45;0
2026.07.14;17:25:00;182195;182195;182165;182165;2;6;25
2026.07.14;17:30:00;182205;182290;182205;182275;7;32;10
2026.07.14;17:35:00;182300;182340;182300;182340;7;7;5
2026.07.14;17:40:00;182350;182350;182225;182245;7;19;10
2026.07.14;17:45:00;182245;182275;182220;182245;4;6;15
2026.07.14;17:50:00;182255;182305;182255;182305;11;15;5
2026.07.14;17:55:00;182320;182320;182275;182285;4;7;15
2026.07.14;18:00:00;182260;182290;182240;182290;7;16;5
2026.07.14;18:05:00;182300;182300;182195;182200;8;11;10
2026.07.14;18:10:00;182205;182205;182120;182150;8;27;10
2026.07.14;18:15:00;182150;182165;182070;182140;15;98;5
2026.07.14;18:20:00;182050;182125;182040;182050;46;1488;0
2026.07.14;18:30:00;181935;181935;181935;181935;1;26;15
2026.07.15;09:00:00;181900;182000;181305;181310;658;2556;5
2026.07.15;09:05:00;181250;181450;180800;181400;603;3848;5
2026.07.15;09:10:00;181395;181760;181345;181610;239;808;5
2026.07.15;09:15:00;181600;181620;181500;181605;31;94;5
2026.07.15;09:20:00;181575;181900;181555;181610;74;164;5
2026.07.15;09:25:00;181655;181800;181645;181790;25;67;5
2026.07.15;09:30:00;181850;182050;181605;181910;106;178;5
2026.07.15;09:35:00;181880;182220;181875;182170;69;142;5
2026.07.15;09:40:00;182195;182350;182155;182295;22;37;5
2026.07.15;09:45:00;182385;182440;182275;182275;31;77;5
2026.07.15;09:50:00;182225;182235;182140;182180;28;41;5
2026.07.15;09:55:00;182290;182290;182120;182200;54;97;5
2026.07.15;10:00:00;182255;182265;181570;181955;178;428;5
2026.07.15;10:05:00;182030;182215;181935;182020;54;103;5
2026.07.15;10:10:00;182005;182015;181495;181535;179;477;5
2026.07.15;10:15:00;181450;181750;181450;181650;159;601;5
2026.07.15;10:20:00;181800;181930;181775;181830;73;120;5
2026.07.15;10:25:00;181860;181865;181540;181625;74;119;5
2026.07.15;10:30:00;181725;181900;181580;181580;37;84;5
2026.07.15;10:35:00;181550;181550;181350;181410;55;130;5
2026.07.15;10:40:00;181405;181495;181220;181220;30;61;5
2026.07.15;10:45:00;181260;181370;181155;181290;114;494;5
2026.07.15;10:50:00;181290;181500;181180;181365;55;201;5
2026.07.15;10:55:00;181330;181600;181330;181515;43;73;5
2026.07.15;11:00:00;181540;181655;181495;181585;34;123;5
2026.07.15;11:05:00;181565;181605;181510;181510;10;17;5
2026.07.15;11:10:00;181580;181845;181580;181720;49;77;5
2026.07.15;11:15:00;181750;181755;181500;181500;31;48;5
2026.07.15;11:20:00;181515;181580;181110;181165;770;5223;5
2026.07.15;11:25:00;181160;181425;181150;181375;54;155;5
2026.07.15;11:30:00;181295;181505;181245;181505;52;71;5
2026.07.15;11:35:00;181550;181720;181500;181610;179;2921;5
2026.07.15;11:40:00;181575;181575;181410;181430;37;170;5
2026.07.15;11:45:00;181495;181500;181310;181475;36;93;5
2026.07.15;11:50:00;181525;181595;181525;181590;8;28;5
2026.07.15;11:55:00;181560;181750;181505;181685;18;30;5
2026.07.15;12:00:00;181680;181745;181655;181655;14;105;5
2026.07.15;12:05:00;181790;181885;181700;181700;29;56;5
2026.07.15;12:10:00;181700;181745;181615;181615;14;164;5
2026.07.15;12:15:00;181610;181715;181510;181655;17;54;5
2026.07.15;12:20:00;181720;181720;181370;181410;22;66;5
2026.07.15;12:25:00;181480;181500;181420;181420;6;15;5
2026.07.15;12:30:00;181410;181410;181250;181255;17;34;5
2026.07.15;12:35:00;181270;181270;181250;181255;3;7;5
2026.07.15;12:40:00;181290;181300;181190;181190;8;25;5
2026.07.15;12:45:00;181250;181265;181215;181265;7;16;5
2026.07.15;12:50:00;181305;181335;181240;181335;18;32;5
2026.07.15;12:55:00;181295;181295;181205;181215;10;28;5
2026.07.15;13:00:00;181310;181310;181160;181190;20;57;5
2026.07.15;13:05:00;181210;181220;181150;181150;18;78;5
2026.07.15;13:10:00;181245;181285;181135;181135;16;61;5
2026.07.15;13:15:00;181120;181180;181070;181180;17;48;5
2026.07.15;13:20:00;181155;181175;181070;181075;27;69;5
2026.07.15;13:25:00;181080;181080;180985;181040;28;51;5
2026.07.15;13:30:00;181095;181160;181030;181100;16;43;5
2026.07.15;13:35:00;181030;181100;181030;181100;8;9;5
2026.07.15;13:40:00;181055;181105;181055;181095;3;12;5
2026.07.15;13:45:00;181135;181300;181135;181215;49;111;5
2026.07.15;13:50:00;181215;181220;181110;181110;6;6;5
2026.07.15;13:55:00;181110;181110;180850;180920;52;107;5
2026.07.15;14:00:00;180945;181020;180945;181010;6;15;5
2026.07.15;14:05:00;181075;181170;181040;181170;9;31;5
2026.07.15;14:10:00;181070;181125;181000;181000;24;50;5
2026.07.15;14:15:00;180985;181105;180915;181105;12;14;5
2026.07.15;14:20:00;181075;181105;181065;181065;5;12;5
2026.07.15;14:25:00;181090;181300;181070;181300;30;50;5
2026.07.15;14:30:00;181295;181395;181260;181340;14;37;5
2026.07.15;14:35:00;181420;181510;181410;181415;19;43;5
2026.07.15;14:40:00;181460;181530;181395;181530;12;12;5
2026.07.15;14:45:00;181550;181720;181520;181655;22;31;5
2026.07.15;14:50:00;181670;181670;181550;181570;15;37;5
2026.07.15;14:55:00;181595;181605;181575;181605;6;6;5
2026.07.15;15:00:00;181585;181600;181500;181520;15;35;5
2026.07.15;15:05:00;181590;181660;181545;181630;14;18;5
2026.07.15;15:10:00;181595;181725;181595;181640;18;36;5
2026.07.15;15:15:00;181610;181715;181610;181640;8;9;5
2026.07.15;15:20:00;181640;181665;181560;181560;30;48;5
2026.07.15;15:25:00;181595;181730;181595;181730;24;31;5
2026.07.15;15:30:00;181720;181840;181720;181785;34;81;5
2026.07.15;15:35:00;181765;181765;181600;181660;15;42;5
2026.07.15;15:40:00;181660;181665;181660;181665;2;2;5
2026.07.15;15:45:00;181695;181700;181600;181620;21;29;5
2026.07.15;15:50:00;181600;181615;181565;181590;13;35;5
2026.07.15;16:00:00;181595;181720;181595;181680;13;32;5
2026.07.15;16:05:00;181685;181770;181665;181665;9;26;5
2026.07.15;16:10:00;181735;181795;181730;181740;13;26;5
2026.07.15;16:15:00;181785;181840;181785;181840;12;20;5
2026.07.15;16:20:00;181805;181840;181720;181720;22;38;5
2026.07.15;16:25:00;181745;181790;181725;181725;8;16;5
2026.07.15;16:30:00;181710;181725;181535;181535;22;73;5
2026.07.15;16:35:00;181605;181605;181580;181580;5;11;5
2026.07.15;16:40:00;181540;181555;181510;181550;13;29;5
2026.07.15;16:45:00;181510;181550;181495;181510;25;46;5
2026.07.15;16:50:00;181505;181530;181505;181505;7;13;5
2026.07.15;16:55:00;181585;181585;181460;181480;31;64;5
2026.07.15;17:00:00;181485;181650;181485;181565;24;49;5
2026.07.15;17:05:00;181565;181700;181560;181560;48;493;5
2026.07.15;17:10:00;181610;181610;181570;181570;2;13;5
2026.07.15;17:15:00;181510;181510;181480;181480;3;12;5
2026.07.15;17:20:00;181460;181490;181445;181460;16;23;5
2026.07.15;17:25:00;181410;181450;181400;181450;14;35;5
2026.07.15;17:30:00;181455;181500;181450;181500;13;20;5
2026.07.15;17:35:00;181490;181490;181460;181460;2;11;5
2026.07.15;17:40:00;181480;181480;181480;181480;3;10;5
2026.07.15;17:45:00;181495;181495;181495;181495;1;1;5
2026.07.15;17:50:00;181495;181495;181495;181495;1;1;5
2026.07.15;17:55:00;181470;181530;181435;181500;21;33;5
2026.07.15;18:00:00;181520;181520;181520;181520;1;14;5
2026.07.15;18:05:00;181465;181550;181465;181550;4;12;5
2026.07.15;18:10:00;181555;181660;181555;181635;20;54;5
2026.07.15;18:15:00;181660;181660;181505;181505;32;650;5
2026.07.15;18:20:00;181570;182250;181545;182250;96;101;5
2026.07.16;09:00:00;181045;182400;181000;182400;506;2074;5
2026.07.16;09:05:00;182415;182500;181930;182000;168;492;5
2026.07.16;09:10:00;182035;182035;181700;181750;49;94;5
2026.07.16;09:15:00;181810;181990;181810;181835;45;73;5
2026.07.16;09:20:00;181835;181890;181600;181605;61;103;5
2026.07.16;09:25:00;181595;181645;181370;181370;61;141;5
2026.07.16;09:30:00;181525;181525;181205;181420;52;85;5
2026.07.16;09:35:00;181375;181415;181290;181365;29;46;5
2026.07.16;09:40:00;181350;181440;181200;181260;43;109;5
2026.07.16;09:45:00;181260;181415;181225;181270;12;27;5
2026.07.16;09:50:00;181375;181375;181135;181175;43;62;5
2026.07.16;09:55:00;181125;181170;181045;181075;20;32;5
2026.07.16;10:00:00;181060;181080;180645;180895;113;198;5
2026.07.16;10:05:00;180885;180885;180370;180695;93;181;5
2026.07.16;10:10:00;180675;180675;180555;180570;14;28;5
2026.07.16;10:15:00;180655;180860;180495;180495;75;174;5
2026.07.16;10:20:00;180440;180565;180340;180500;111;299;5
2026.07.16;10:25:00;180560;180560;180375;180465;27;34;5
2026.07.16;10:30:00;180390;180390;179405;179440;232;694;5
2026.07.16;10:35:00;179380;179600;179305;179365;50;157;5
2026.07.16;10:40:00;179430;179500;179200;179235;94;370;5
2026.07.16;10:45:00;179205;179370;179195;179310;78;325;5
2026.07.16;10:50:00;179320;179525;179320;179330;61;199;5
2026.07.16;10:55:00;179335;179465;179230;179465;38;52;5
2026.07.16;11:00:00;179475;179930;179475;179765;131;321;5
2026.07.16;11:05:00;179925;180050;179780;180050;91;185;5
2026.07.16;11:10:00;180030;180220;180030;180150;74;204;5
2026.07.16;11:15:00;180130;180135;179810;180135;60;190;5
2026.07.16;11:20:00;180015;180015;179840;179840;40;116;5
2026.07.16;11:25:00;179870;180050;179835;180015;26;71;5
2026.07.16;11:30:00;180005;180015;179920;179990;7;10;5
2026.07.16;11:35:00;180020;180025;179960;180025;18;25;5
2026.07.16;11:40:00;180035;180235;179970;180185;88;177;5
2026.07.16;11:45:00;180240;180420;180225;180420;83;147;5
2026.07.16;11:50:00;180390;180615;180390;180550;48;65;5
2026.07.16;11:55:00;180530;180530;180215;180430;44;68;5
2026.07.16;12:00:00;180295;180400;180190;180400;12;18;5
2026.07.16;12:05:00;180275;180290;180080;180290;43;75;5
2026.07.16;12:10:00;180345;180375;180165;180200;46;86;5
2026.07.16;12:15:00;180210;180315;180210;180245;20;89;5
2026.07.16;12:20:00;180325;180435;180325;180415;14;26;5
2026.07.16;12:25:00;180435;180565;180420;180420;44;89;5
2026.07.16;12:30:00;180435;180435;180275;180405;21;78;5
2026.07.16;12:35:00;180365;180590;180350;180575;43;122;5
2026.07.16;12:40:00;180530;180530;180400;180460;16;29;5
2026.07.16;12:45:00;180440;180470;180355;180470;15;20;5
2026.07.16;12:50:00;180490;180575;180490;180535;14;23;5
2026.07.16;12:55:00;180510;180510;180480;180500;10;22;5
2026.07.16;13:00:00;180500;180525;180250;180250;15;30;5
2026.07.16;13:05:00;180225;180305;180190;180290;17;38;5
2026.07.16;13:10:00;180175;180235;180140;180175;20;32;5
2026.07.16;13:15:00;180155;180225;180075;180150;25;115;5
2026.07.16;13:20:00;180000;180075;179950;180070;37;140;5
2026.07.16;13:25:00;180000;180080;180000;180060;8;12;5
2026.07.16;13:30:00;180080;180105;180065;180080;8;14;5
2026.07.16;13:35:00;180100;180150;180030;180125;32;71;5
2026.07.16;13:40:00;180120;180170;180035;180105;37;99;5
2026.07.16;13:45:00;180040;180040;179850;179955;41;95;5
2026.07.16;13:50:00;179900;179970;179840;179900;16;65;5
2026.07.16;13:55:00;179960;179960;179845;179860;9;18;5
2026.07.16;14:00:00;179880;179895;179730;179770;50;290;5
2026.07.16;14:05:00;179710;179710;179395;179425;163;564;5
2026.07.16;14:10:00;179445;179570;179400;179400;90;443;5
2026.07.16;14:15:00;179370;179475;179300;179410;72;388;5
2026.07.16;14:20:00;179385;179455;179350;179440;35;128;5
2026.07.16;14:25:00;179430;179490;179430;179430;23;91;5
2026.07.16;14:30:00;179500;179500;179470;179470;7;38;5
2026.07.16;14:35:00;179470;179470;179410;179410;3;3;5
2026.07.16;14:40:00;179410;179410;179300;179385;81;445;5
2026.07.16;14:45:00;179385;179450;179385;179450;21;105;5
2026.07.16;14:50:00;179435;179500;179400;179400;6;10;5
2026.07.16;14:55:00;179335;179335;179135;179200;169;775;5
2026.07.16;15:00:00;179150;179180;179110;179110;42;143;5
2026.07.16;15:05:00;179100;179100;178905;179035;38;97;5
2026.07.16;15:10:00;179100;179285;179100;179235;70;404;5
2026.07.16;15:15:00;179250;179290;179245;179260;20;133;5
2026.07.16;15:20:00;179200;179315;179190;179210;34;137;5
2026.07.16;15:25:00;179260;179260;179170;179185;15;44;5
2026.07.16;15:30:00;179095;179095;179025;179055;66;368;5
2026.07.16;15:35:00;179040;179085;179040;179085;29;99;5
2026.07.16;15:40:00;179095;179120;179070;179115;73;370;5
2026.07.16;15:45:00;179110;179220;179110;179220;40;261;5
2026.07.16;15:50:00;179240;179255;179110;179155;21;69;5
2026.07.16;15:55:00;179100;179130;179090;179130;3;3;5
2026.07.16;16:00:00;179090;179195;179090;179155;11;31;5
2026.07.16;16:05:00;179100;179100;179015;179015;14;70;5
2026.07.16;16:10:00;179060;179110;179015;179110;9;64;5
2026.07.16;16:15:00;179085;179175;179085;179175;16;45;5
2026.07.16;16:20:00;179080;179080;179080;179080;3;10;5
2026.07.16;16:25:00;179065;179125;179065;179125;6;13;5
2026.07.16;16:30:00;179065;179065;178980;178995;21;30;5
2026.07.16;16:35:00;179010;179010;179010;179010;2;2;5
2026.07.16;16:40:00;179090;179105;179025;179025;20;20;5
2026.07.16;16:45:00;178995;179040;178975;178985;31;82;5
2026.07.16;16:50:00;179025;179095;179020;179080;15;30;5
2026.07.16;16:55:00;179120;179185;179090;179170;27;63;5
2026.07.16;17:00:00;179210;179255;179110;179255;21;39;5
2026.07.16;17:05:00;179260;179260;179120;179140;10;19;5
2026.07.16;17:10:00;179165;179165;179060;179100;8;15;5
2026.07.16;17:15:00;179085;179085;179085;179085;2;2;5
2026.07.16;17:20:00;179070;179070;179030;179060;22;53;5
2026.07.16;17:25:00;179040;179050;179040;179045;3;6;5
2026.07.16;17:30:00;179010;179010;178870;178935;48;148;5
2026.07.16;17:35:00;178965;179045;178935;179045;15;44;5
2026.07.16;17:40:00;179055;179095;179015;179015;31;97;5
2026.07.16;17:45:00;179050;179050;179050;179050;2;2;5
2026.07.16;17:50:00;179095;179095;178985;178985;12;16;5
2026.07.16;17:55:00;179005;179005;179005;179005;2;2;5
2026.07.16;18:00:00;179030;179035;179030;179035;3;6;5
2026.07.16;18:05:00;178975;178975;178915;178975;11;26;5
2026.07.16;18:10:00;178950;178950;178900;178900;97;1284;5
2026.07.16;18:15:00;178905;178995;178875;178965;25;107;5
2026.07.16;18:20:00;178990;178995;178865;178865;24;76;5
2026.07.17;09:00:00;178250;179365;178250;179020;350;1918;5
2026.07.17;09:05:00;178965;179320;178670;178810;171;597;5
2026.07.17;09:10:00;178820;179095;178820;179060;35;52;5
2026.07.17;09:15:00;179005;179180;178900;178900;29;38;5
2026.07.17;09:20:00;178810;178965;178725;178815;21;48;5
2026.07.17;09:25:00;178815;178875;178700;178755;26;135;5
2026.07.17;09:30:00;178750;178860;178700;178705;25;48;5
2026.07.17;09:35:00;178720;178855;178610;178840;32;74;5
2026.07.17;09:40:00;178930;179150;178825;179150;45;125;5
2026.07.17;09:45:00;179035;179145;178985;179025;20;79;5
2026.07.17;09:50:00;179000;179150;178980;179150;11;24;5
2026.07.17;09:55:00;179035;179035;178920;179010;24;63;5
2026.07.17;10:00:00;179085;179085;178660;179010;62;159;5
2026.07.17;10:05:00;179060;179060;178835;178960;25;58;5
2026.07.17;10:10:00;179035;179060;178850;178900;13;32;5
2026.07.17;10:15:00;178920;179185;178920;179010;27;41;5
2026.07.17;10:20:00;178985;178985;178545;178545;63;235;5
2026.07.17;10:25:00;178635;179070;178610;178990;22;41;5
2026.07.17;10:30:00;178840;179350;178770;179115;86;299;5
2026.07.17;10:35:00;179030;179130;178870;178935;64;172;5
2026.07.17;10:40:00;179000;179250;178900;178900;40;120;5
2026.07.17;10:45:00;178900;179145;178890;179145;13;29;5
2026.07.17;10:50:00;179180;179400;179010;179370;52;127;5
2026.07.17;10:55:00;179420;179600;179340;179500;48;200;5
2026.07.17;11:00:00;179400;179400;179200;179250;34;71;5
2026.07.17;11:05:00;179210;179250;178965;178965;38;98;5
2026.07.17;11:10:00;178915;179040;178830;178935;26;63;5
2026.07.17;11:15:00;179070;179165;179010;179075;26;63;5
2026.07.17;11:20:00;179070;179275;179065;179065;41;98;5
2026.07.17;11:25:00;179140;179210;179135;179140;21;26;5
2026.07.17;11:30:00;179070;179165;179070;179165;3;3;5
2026.07.17;11:35:00;179115;179300;179115;179280;20;42;5
2026.07.17;11:40:00;179115;179220;179115;179195;9;18;5
2026.07.17;11:45:00;179130;179495;179130;179410;49;121;5
2026.07.17;11:50:00;179435;179480;179310;179400;28;43;5
2026.07.17;11:55:00;179460;179485;179320;179430;16;20;5
2026.07.17;12:00:00;179455;179455;179240;179350;24;71;5
2026.07.17;12:05:00;179445;179475;179415;179440;18;20;5
2026.07.17;12:10:00;179500;179535;179410;179410;41;130;5
2026.07.17;12:15:00;179500;179620;179485;179620;18;35;5
2026.07.17;12:20:00;179585;179685;179510;179585;26;34;5
2026.07.17;12:25:00;179600;179700;179565;179700;49;223;5
2026.07.17;12:30:00;179650;179750;179585;179585;61;118;5
2026.07.17;12:35:00;179575;179685;179560;179655;14;21;5
2026.07.17;12:40:00;179640;179640;179510;179520;18;28;5
2026.07.17;12:45:00;179570;179570;179455;179550;19;54;5
2026.07.17;12:50:00;179570;179645;179570;179620;19;21;5
2026.07.17;12:55:00;179570;179795;179570;179670;38;141;5
2026.07.17;13:00:00;179680;179730;179610;179640;48;99;5
2026.07.17;13:05:00;179575;179745;179510;179725;33;58;5
2026.07.17;13:10:00;179705;179705;179490;179490;20;73;5
2026.07.17;13:15:00;179455;179460;179350;179350;80;356;5
2026.07.17;13:20:00;179350;179350;179230;179230;51;285;5
2026.07.17;13:25:00;179245;179260;179160;179235;32;66;5
2026.07.17;13:30:00;179250;179250;179100;179115;19;39;5
2026.07.17;13:35:00;179165;179165;179030;179080;28;68;5
2026.07.17;13:40:00;179040;179235;179040;179175;15;52;5
2026.07.17;13:45:00;179260;179280;179200;179280;13;14;5
2026.07.17;13:50:00;179255;179255;179190;179190;17;38;5
2026.07.17;13:55:00;179160;179185;179065;179115;32;54;5
2026.07.17;14:00:00;179170;179235;179140;179140;31;48;5
2026.07.17;14:05:00;179220;179255;179200;179255;27;34;5
2026.07.17;14:10:00;179265;179270;179110;179110;21;36;5
2026.07.17;14:15:00;179100;179185;179100;179110;22;43;5
2026.07.17;14:20:00;179185;179195;179180;179195;7;14;5
2026.07.17;14:25:00;179170;179170;179170;179170;5;5;5
2026.07.17;14:30:00;179190;179250;179190;179240;27;114;5
2026.07.17;14:35:00;179270;179270;179045;179045;32;45;5
2026.07.17;14:40:00;179015;179015;178945;178960;38;53;5
2026.07.17;14:45:00;179005;179065;179000;179065;42;98;5
2026.07.17;14:50:00;179095;179095;179020;179070;14;34;5
2026.07.17;14:55:00;178975;179020;178775;178775;72;474;5
2026.07.17;15:00:00;178775;178775;178670;178700;36;111;5
2026.07.17;15:05:00;178705;178730;178645;178700;29;49;5
2026.07.17;15:10:00;178710;178730;178605;178640;42;51;5
2026.07.17;15:15:00;178615;178745;178615;178655;20;36;5
2026.07.17;15:20:00;178725;178725;178635;178650;7;9;5
2026.07.17;15:25:00;178660;178690;178650;178675;15;22;5
2026.07.17;15:30:00;178680;178710;178570;178595;48;71;5
2026.07.17;15:35:00;178565;178660;178565;178630;36;58;5
2026.07.17;15:40:00;178630;178650;178610;178640;15;15;5
2026.07.17;15:45:00;178660;178660;178625;178630;134;546;5
2026.07.17;15:50:00;178600;178700;178600;178645;40;136;5
2026.07.17;15:55:00;178665;178665;178665;178665;1;1;5
2026.07.17;16:00:00;178655;178700;178585;178600;20;45;5
2026.07.17;16:05:00;178605;178635;178580;178600;23;28;5
2026.07.17;16:10:00;178590;178640;178590;178600;104;579;5
2026.07.17;16:15:00;178600;178600;178495;178575;95;256;5
2026.07.17;16:20:00;178540;178560;178520;178560;19;23;5
2026.07.17;16:25:00;178530;178790;178530;178790;52;145;5
2026.07.17;16:30:00;178795;178830;178700;178765;27;47;5
2026.07.17;16:35:00;178750;178800;178750;178760;152;646;5
2026.07.17;16:40:00;178750;178945;178750;178940;129;465;5
2026.07.17;16:45:00;178940;178950;178860;178905;16;51;5
2026.07.17;16:50:00;178910;179000;178875;178955;20;39;5
2026.07.17;16:55:00;178980;179085;178950;179005;51;505;5
2026.07.17;17:00:00;178960;179030;178910;179030;25;43;5
2026.07.17;17:05:00;178980;178980;178955;178955;12;30;5
2026.07.17;17:10:00;178905;178905;178905;178905;1;10;5
2026.07.17;17:15:00;178930;178965;178895;178965;10;18;5
2026.07.17;17:20:00;178925;178985;178900;178900;5;15;5
2026.07.17;17:25:00;178950;178950;178950;178950;3;3;5
2026.07.17;17:30:00;178900;178920;178900;178920;7;33;5
2026.07.17;17:35:00;178860;178860;178710;178740;41;148;5
2026.07.17;17:40:00;178745;178750;178675;178675;8;9;5
2026.07.17;17:45:00;178700;178725;178700;178720;16;32;5
2026.07.17;17:50:00;178735;178830;178735;178830;18;72;5
2026.07.17;17:55:00;178770;178770;178620;178690;42;135;5
2026.07.17;18:00:00;178645;178755;178645;178695;19;92;5
2026.07.17;18:05:00;178755;178760;178675;178675;17;604;5
2026.07.17;18:10:00;178725;178750;178650;178705;35;551;5
2026.07.17;18:15:00;178795;178795;178700;178700;24;78;5
2026.07.17;18:20:00;178730;178850;178725;178775;26;139;5
2026.07.20;09:00:00;179300;179670;178500;178900;557;2598;5
2026.07.20;09:05:00;178890;179455;178810;179135;86;425;5
2026.07.20;09:10:00;179195;179245;178815;178910;85;269;5
2026.07.20;09:15:00;178870;178925;178800;178860;28;90;5
2026.07.20;09:20:00;178825;178835;178545;178580;42;103;5
2026.07.20;09:25:00;178530;178950;178530;178920;64;138;5
2026.07.20;09:30:00;178955;179070;178935;178945;55;94;5
2026.07.20;09:35:00;179010;179035;178805;178805;42;64;5
2026.07.20;09:40:00;178810;178895;178805;178880;21;30;5
2026.07.20;09:45:00;178845;178895;178760;178820;21;33;5
2026.07.20;09:50:00;178835;179055;178825;179050;30;40;5
2026.07.20;09:55:00;178940;179120;178940;178980;31;62;5
2026.07.20;10:00:00;178970;179680;178970;179225;254;649;5
2026.07.20;10:05:00;179245;179255;179055;179225;50;79;5
2026.07.20;10:10:00;179225;179360;179160;179160;40;57;5
2026.07.20;10:15:00;179170;179170;178870;178900;35;51;5
2026.07.20;10:20:00;179080;179210;179060;179090;19;22;5
2026.07.20;10:25:00;178990;179025;178895;178915;29;48;5
2026.07.20;10:30:00;178845;178875;178585;178585;53;110;5
2026.07.20;10:35:00;178570;179110;178555;178760;63;136;5
2026.07.20;10:40:00;178835;178835;178305;178360;91;206;5
2026.07.20;10:45:00;178335;178650;178300;178650;88;260;5
2026.07.20;10:50:00;178675;178920;178675;178920;70;192;5
2026.07.20;10:55:00;178785;178950;178780;178950;13;18;5
2026.07.20;11:00:00;178990;179155;178900;178900;53;89;5
2026.07.20;11:05:00;178940;178940;178810;178810;3;8;5
2026.07.20;11:10:00;178845;178845;178710;178715;9;14;5
2026.07.20;11:15:00;178790;178895;178790;178845;5;11;5
2026.07.20;11:20:00;178950;178960;178940;178960;7;8;5
2026.07.20;11:25:00;179000;179000;179000;179000;1;1;5
2026.07.20;11:30:00;179000;179240;179000;179170;22;24;5
2026.07.20;11:35:00;179160;179250;179160;179220;10;11;5
2026.07.20;11:40:00;179220;179220;179010;179200;15;23;5
2026.07.20;11:45:00;179280;179400;179190;179400;26;35;5
2026.07.20;11:50:00;179400;179520;179390;179410;39;62;5
2026.07.20;11:55:00;179310;179325;179190;179235;35;82;5
2026.07.20;12:00:00;179200;179325;179185;179325;10;16;5
2026.07.20;12:05:00;179185;179310;179170;179210;19;22;5
2026.07.20;12:10:00;179210;179210;179055;179100;16;46;5
2026.07.20;12:15:00;179010;179040;178990;179020;25;28;5
2026.07.20;12:20:00;178945;178980;178900;178900;9;22;5
2026.07.20;12:25:00;178895;179050;178890;179050;20;22;5
2026.07.20;12:30:00;179080;179125;179070;179070;6;12;5
2026.07.20;12:35:00;179045;179200;179035;179155;18;22;5
2026.07.20;12:40:00;179175;179205;179100;179190;30;46;5
2026.07.20;12:45:00;179215;179215;179055;179125;9;9;5
2026.07.20;12:50:00;179125;179250;179125;179210;21;27;5
2026.07.20;12:55:00;179270;179330;179215;179225;39;192;5
2026.07.20;13:00:00;179185;179370;179185;179360;26;74;5
2026.07.20;13:05:00;179355;179450;179335;179355;21;28;5
2026.07.20;13:10:00;179350;179365;179350;179365;3;7;5
2026.07.20;13:15:00;179350;179350;179330;179330;4;9;5
2026.07.20;13:20:00;179330;179410;179330;179395;7;14;5
2026.07.20;13:25:00;179395;179395;179135;179135;27;34;5
2026.07.20;13:30:00;179190;179205;179050;179090;23;36;5
2026.07.20;13:35:00;179100;179140;179100;179115;10;18;5
2026.07.20;13:40:00;179060;179060;178825;178900;111;310;5
2026.07.20;13:45:00;179025;179045;179000;179045;4;12;5
2026.07.20;13:50:00;179030;179030;178745;178745;24;38;5
2026.07.20;13:55:00;178755;178770;178660;178660;11;11;5
2026.07.20;14:00:00;178730;178755;178730;178750;6;17;5
2026.07.20;14:05:00;178770;178805;178670;178670;15;67;5
2026.07.20;14:10:00;178750;178750;178700;178700;5;17;5
2026.07.20;14:15:00;178710;178735;178710;178735;2;2;5
2026.07.20;14:20:00;178680;178770;178680;178770;3;3;5
2026.07.20;14:25:00;178700;178730;178700;178730;2;4;5
2026.07.20;14:30:00;178750;178790;178670;178750;14;45;5
2026.07.20;14:35:00;178745;178745;178590;178655;16;19;5
2026.07.20;14:40:00;178705;178710;178685;178690;4;16;5
2026.07.20;14:50:00;178790;178855;178790;178835;18;32;5
2026.07.20;14:55:00;178835;178900;178830;178900;18;27;5
2026.07.20;15:00:00;178935;179000;178935;179000;17;34;5
2026.07.20;15:05:00;178980;178980;178960;178960;3;3;5
2026.07.20;15:10:00;179010;179090;178995;178995;16;35;5
2026.07.20;15:15:00;178990;178990;178905;178980;7;16;5
2026.07.20;15:20:00;178920;178980;178895;178895;17;38;5
2026.07.20;15:25:00;178885;178915;178855;178915;11;20;5
2026.07.20;15:30:00;178915;179020;178915;178940;20;28;5
2026.07.20;15:35:00;179040;179040;178950;178950;8;14;5
2026.07.20;15:40:00;178880;178930;178810;178840;17;33;5
2026.07.20;15:45:00;178785;178820;178750;178790;13;23;5
2026.07.20;15:50:00;178825;178825;178800;178800;6;7;5
2026.07.20;15:55:00;178775;178805;178695;178805;4;8;5
2026.07.20;16:00:00;178865;178955;178855;178910;15;25;5
2026.07.20;16:05:00;178865;178890;178815;178890;7;15;5
2026.07.20;16:10:00;178855;178890;178755;178780;9;19;5
2026.07.20;16:15:00;178735;178765;178705;178765;6;14;5
2026.07.20;16:20:00;178770;178785;178660;178785;10;17;5
2026.07.20;16:25:00;178785;178865;178705;178865;27;68;5
2026.07.20;16:30:00;178865;178915;178865;178915;6;13;5
2026.07.20;16:35:00;178955;178955;178900;178935;6;11;5
2026.07.20;16:40:00;178920;178950;178905;178930;10;10;5
2026.07.20;16:45:00;178910;178955;178845;178890;22;110;5
2026.07.20;16:50:00;178865;178890;178780;178780;11;24;5
2026.07.20;16:55:00;178760;178780;178760;178770;11;17;5
2026.07.20;17:00:00;178775;178775;178615;178615;10;25;5
2026.07.20;17:05:00;178600;178610;178420;178455;43;101;5
2026.07.20;17:10:00;178430;178440;178390;178430;26;47;5
2026.07.20;17:15:00;178435;178520;178435;178470;21;39;5
2026.07.20;17:20:00;178470;178470;178385;178385;19;20;5
2026.07.20;17:25:00;178405;178455;178400;178400;3;3;5
2026.07.20;17:30:00;178465;178500;178445;178445;8;12;5
2026.07.20;17:35:00;178400;178435;178400;178435;4;36;5
2026.07.20;17:40:00;178420;178450;178420;178450;4;4;5
2026.07.20;17:45:00;178450;178500;178450;178500;15;42;5
2026.07.20;17:55:00;178480;178480;178445;178445;9;81;5
2026.07.20;18:00:00;178410;178420;178385;178420;7;19;5
2026.07.20;18:05:00;178405;178405;178285;178360;104;1421;5
2026.07.20;18:10:00;178360;178405;178360;178405;7;16;5
2026.07.20;18:15:00;178455;178480;178405;178405;8;42;5
2026.07.20;18:20:00;178405;178405;178330;178330;16;136;5
2026.07.21;09:00:00;178990;179050;178355;178580;549;2749;5
2026.07.21;09:05:00;178520;178705;178315;178610;100;330;5
2026.07.21;09:10:00;178750;179090;178745;178805;91;339;5
2026.07.21;09:15:00;178795;178795;178410;178495;70;291;5
2026.07.21;09:20:00;178470;178495;178265;178405;62;207;5
2026.07.21;09:25:00;178430;178450;178190;178390;178;1382;5
2026.07.21;09:30:00;178340;178600;178320;178600;63;148;5
2026.07.21;09:35:00;178595;178705;178520;178695;49;256;5
2026.07.21;09:40:00;178720;178755;178400;178495;53;173;5
2026.07.21;09:45:00;178565;178600;178435;178465;9;20;5
2026.07.21;09:50:00;178485;178500;178320;178365;25;47;5
2026.07.21;09:55:00;178345;178420;178325;178420;10;14;5
2026.07.21;10:00:00;178475;178550;178270;178550;46;96;5
2026.07.21;10:05:00;178505;178555;178385;178465;28;60;5
2026.07.21;10:10:00;178495;178570;178495;178520;12;21;5
2026.07.21;10:15:00;178560;178700;178290;178290;88;316;5
2026.07.21;10:20:00;178275;178365;178110;178245;395;3172;5
2026.07.21;10:25:00;178250;178500;178210;178345;205;661;5
2026.07.21;10:30:00;178385;178825;178365;178390;157;494;5
2026.07.21;10:35:00;178325;178355;177855;177880;663;6486;5
2026.07.21;10:40:00;177880;177895;177620;177780;186;991;5
2026.07.21;10:45:00;177780;178245;177780;178140;100;407;5
2026.07.21;10:50:00;178170;178170;177745;177840;49;111;5
2026.07.21;10:55:00;177855;177875;177780;177815;7;31;5
2026.07.21;11:00:00;177690;178095;177690;178090;38;81;5
2026.07.21;11:05:00;177975;178205;177950;178130;53;233;5
2026.07.21;11:10:00;178055;178250;177995;178250;11;15;5
2026.07.21;11:15:00;178170;178330;178160;178180;41;238;5
2026.07.21;11:20:00;178105;178110;177875;177875;13;26;5
2026.07.21;11:25:00;177835;177835;177750;177810;44;129;5
2026.07.21;11:30:00;177845;178000;177845;177905;28;73;5
2026.07.21;11:35:00;177835;177835;177460;177530;398;5646;5
2026.07.21;11:40:00;177555;177615;177515;177600;33;143;5
2026.07.21;11:45:00;177600;177605;177500;177545;43;141;5
2026.07.21;11:50:00;177440;177450;177375;177440;43;84;5
2026.07.21;11:55:00;177470;177470;177250;177315;66;114;5
2026.07.21;12:00:00;177315;177365;177230;177275;75;588;5
2026.07.21;12:05:00;177295;177340;177290;177340;13;25;5
2026.07.21;12:10:00;177355;177445;177325;177400;26;69;5
2026.07.21;12:15:00;177400;177515;177395;177515;30;65;5
2026.07.21;12:20:00;177500;177540;177440;177455;18;36;5
2026.07.21;12:25:00;177570;177730;177570;177685;63;500;5
2026.07.21;12:30:00;177675;177785;177675;177775;29;67;5
2026.07.21;12:35:00;177775;177845;177735;177770;84;880;5
2026.07.21;12:40:00;177795;177860;177765;177805;25;59;5
2026.07.21;12:45:00;177760;177760;177720;177720;6;9;5
2026.07.21;12:50:00;177695;177750;177675;177705;10;21;5
2026.07.21;12:55:00;177755;177800;177665;177665;36;121;5
2026.07.21;13:00:00;177700;177795;177700;177795;12;24;5
2026.07.21;13:05:00;177800;177820;177705;177705;8;28;5
2026.07.21;13:10:00;177750;177750;177750;177750;1;1;5
2026.07.21;13:15:00;177765;177825;177765;177825;6;21;5
2026.07.21;13:20:00;177790;177920;177790;177910;74;556;5
2026.07.21;13:25:00;177950;177990;177905;177930;18;73;5
2026.07.21;13:30:00;177930;177930;177880;177880;5;5;5
2026.07.21;13:35:00;177925;177995;177925;177995;5;23;5
2026.07.21;13:40:00;177965;177965;177955;177955;6;20;5
2026.07.21;13:45:00;177915;178025;177915;178025;11;13;5
2026.07.21;13:50:00;178045;178125;178035;178075;36;84;5
2026.07.21;13:55:00;178050;178075;178030;178045;11;20;5
2026.07.21;14:00:00;178075;178170;178075;178120;14;17;5
2026.07.21;14:05:00;178080;178080;178035;178035;6;14;5
2026.07.21;14:10:00;178070;178100;178070;178075;6;13;5
2026.07.21;14:15:00;178045;178045;178000;178010;6;6;5
2026.07.21;14:20:00;178000;178000;177970;177995;8;8;5
2026.07.21;14:25:00;177990;178030;177990;178025;4;25;5
2026.07.21;14:30:00;178060;178125;178060;178125;10;34;5
2026.07.21;14:35:00;178145;178230;178100;178175;60;226;5
2026.07.21;14:40:00;178245;178325;178140;178175;75;196;5
2026.07.21;14:45:00;178175;178175;178005;178030;16;54;5
2026.07.21;14:50:00;178095;178235;178095;178170;33;53;5
2026.07.21;14:55:00;178250;178400;178235;178390;35;77;5
2026.07.21;15:00:00;178385;178405;178320;178380;23;88;5
2026.07.21;15:05:00;178305;178350;178245;178270;16;22;5
2026.07.21;15:10:00;178330;178365;178330;178345;8;23;5
2026.07.21;15:15:00;178325;178365;178325;178330;7;7;5
2026.07.21;15:20:00;178350;178385;178325;178385;6;6;5
2026.07.21;15:25:00;178395;178420;178375;178375;19;33;5
2026.07.21;15:30:00;178420;178455;178370;178400;15;23;5
2026.07.21;15:35:00;178385;178430;178370;178415;10;18;5
2026.07.21;15:40:00;178405;178455;178405;178455;6;6;5
2026.07.21;15:45:00;178455;178490;178410;178450;16;22;5
2026.07.21;15:50:00;178430;178465;178410;178465;5;8;5
2026.07.21;15:55:00;178435;178435;178400;178400;2;2;5
2026.07.21;16:00:00;178485;178515;178450;178450;27;53;5
2026.07.21;16:05:00;178455;178550;178455;178545;18;35;5
2026.07.21;16:10:00;178555;178555;178440;178465;19;48;5
2026.07.21;16:15:00;178415;178475;178410;178410;7;26;5
2026.07.21;16:20:00;178400;178475;178390;178475;24;35;5
2026.07.21;16:25:00;178465;178490;178420;178460;19;48;5
2026.07.21;16:30:00;178350;178420;178350;178420;6;6;5
2026.07.21;16:35:00;178440;178480;178420;178420;7;8;5
2026.07.21;16:40:00;178440;178450;178370;178450;24;35;5
2026.07.21;16:45:00;178455;178455;178435;178435;16;36;5
2026.07.21;16:50:00;178450;178490;178445;178480;30;111;5
2026.07.21;16:55:00;178395;178425;178320;178425;11;29;5
2026.07.21;17:00:00;178380;178380;178330;178355;12;13;5
2026.07.21;17:05:00;178300;178310;178265;178305;7;25;5
2026.07.21;17:10:00;178290;178290;178250;178275;5;5;5
2026.07.21;17:15:00;178320;178320;178265;178290;3;3;5
2026.07.21;17:20:00;178245;178265;178215;178260;8;8;5
2026.07.21;17:25:00;178205;178220;178205;178220;30;56;5
2026.07.21;17:30:00;178220;178275;178210;178220;39;325;5
2026.07.21;17:35:00;178260;178260;178210;178210;9;9;5
2026.07.21;17:40:00;178240;178245;178240;178245;2;3;5
2026.07.21;17:45:00;178210;178280;178210;178280;4;13;5
2026.07.21;17:50:00;178265;178290;178265;178290;4;8;5
2026.07.21;17:55:00;178295;178345;178290;178345;18;59;5
2026.07.21;18:00:00;178350;178410;178350;178410;14;52;5
2026.07.21;18:10:00;178380;178400;178380;178400;8;22;5
2026.07.21;18:15:00;178390;178400;178310;178400;148;1718;5
2026.07.21;18:20:00;178395;178450;178330;178450;34;277;5
2026.07.22;09:00:00;178000;178900;177965;178900;441;1943;5
2026.07.22;09:05:00;178795;179190;178690;179100;121;339;5
2026.07.22;09:10:00;179065;179310;178970;179300;82;239;5
2026.07.22;09:15:00;179205;179270;178965;179030;81;341;5
2026.07.22;09:20:00;179005;179250;178995;179110;53;83;5
2026.07.22;09:25:00;179045;179100;178935;179070;41;195;5
2026.07.22;09:30:00;178950;179265;178950;179115;44;75;5
2026.07.22;09:35:00;179200;179420;179155;179260;78;149;5
2026.07.22;09:40:00;179215;179240;178860;179150;63;85;5
2026.07.22;09:45:00;179115;179180;178970;179090;27;31;5
2026.07.22;09:50:00;179015;179175;178910;179150;29;41;5
2026.07.22;09:55:00;179175;179480;179000;179385;117;281;5
2026.07.22;10:00:00;179480;179700;179375;179470;155;560;5
2026.07.22;10:05:00;179540;179600;179325;179400;72;239;5
2026.07.22;10:10:00;179345;179710;179300;179650;114;444;5
2026.07.22;10:15:00;179700;179840;179455;179530;125;335;5
2026.07.22;10:20:00;179625;179950;179485;179910;92;249;5
2026.07.22;10:25:00;179895;179990;179790;179955;38;120;5
2026.07.22;10:30:00;179990;180605;179990;180470;208;668;5
2026.07.22;10:35:00;180435;180760;180425;180700;171;695;5
2026.07.22;10:40:00;180700;181645;180670;181385;760;3016;5
2026.07.22;10:45:00;181405;181990;181405;181850;271;1207;5
2026.07.22;10:50:00;181680;181930;181500;181500;218;946;5
2026.07.22;10:55:00;181500;181805;181500;181610;51;190;5
2026.07.22;11:00:00;181570;181660;181360;181360;142;601;5
2026.07.22;11:05:00;181390;181390;180965;180995;302;1079;5
2026.07.22;11:10:00;181040;181045;180860;180950;78;198;5
2026.07.22;11:15:00;180980;181285;180900;181210;75;216;5
2026.07.22;11:20:00;181045;181115;180885;180950;20;37;5
2026.07.22;11:25:00;180930;180930;180840;180855;18;19;5
2026.07.22;11:30:00;180840;180840;180620;180650;43;117;5
2026.07.22;11:35:00;180650;180720;180545;180605;56;87;5
2026.07.22;11:40:00;180560;180745;180500;180660;92;320;5
2026.07.22;11:45:00;180600;180600;180315;180405;56;70;5
2026.07.22;11:50:00;180410;180525;180365;180510;41;111;5
2026.07.22;11:55:00;180400;180615;180400;180580;24;42;5
2026.07.22;12:00:00;180505;180610;180455;180485;22;48;5
2026.07.22;12:05:00;180600;180820;180600;180820;24;43;5
2026.07.22;12:10:00;180765;180800;180675;180690;27;42;5
2026.07.22;12:15:00;180680;180680;180610;180610;7;13;5
2026.07.22;12:20:00;180535;180820;180530;180820;45;155;5
2026.07.22;12:25:00;180860;180860;180760;180770;11;11;5
2026.07.22;12:30:00;180705;181150;180705;180995;66;323;5
2026.07.22;12:35:00;181140;181140;181015;181015;18;31;5
2026.07.22;12:40:00;180980;181285;180970;181200;44;171;5
2026.07.22;12:45:00;181210;181225;181175;181220;5;5;5
2026.07.22;12:50:00;181170;181240;181110;181110;13;29;5
2026.07.22;12:55:00;181105;181210;181080;181175;14;21;5
2026.07.22;13:00:00;181250;181325;181230;181325;30;221;5
2026.07.22;13:05:00;181275;181385;181275;181280;20;30;5
2026.07.22;13:10:00;181200;181235;181200;181235;4;13;5
2026.07.22;13:15:00;181260;181295;181160;181160;21;46;5
2026.07.22;13:20:00;181170;181250;181170;181190;11;22;5
2026.07.22;13:25:00;181250;181295;181215;181270;9;34;5
2026.07.22;13:30:00;181295;181520;181295;181490;54;120;5
2026.07.22;13:35:00;181515;181515;181455;181455;3;3;5
2026.07.22;13:40:00;181455;181550;181455;181550;14;40;5
2026.07.22;13:45:00;181510;181510;181400;181415;11;27;5
2026.07.22;13:50:00;181455;181580;181455;181575;23;22;5
2026.07.22;13:55:00;181590;181605;181540;181540;33;41;5
2026.07.22;14:00:00;181550;181750;181550;181750;65;132;5
2026.07.22;14:05:00;181755;181855;181755;181790;121;348;5
2026.07.22;14:10:00;181785;181910;181735;181840;55;150;5
2026.07.22;14:15:00;181840;182010;181840;181865;131;360;5
2026.07.22;14:20:00;181890;181975;181890;181900;43;80;5
2026.07.22;14:25:00;181945;182045;181945;182030;59;116;5
2026.07.22;14:30:00;181980;182255;181980;182155;180;372;5
2026.07.22;14:35:00;182165;182185;182080;182080;33;67;5
2026.07.22;14:40:00;182120;182230;182120;182210;38;100;5
2026.07.22;14:45:00;182175;182410;182175;182360;79;243;5
2026.07.22;14:50:00;182380;182420;182360;182360;13;13;5
2026.07.22;14:55:00;182365;182510;182365;182410;69;114;5
2026.07.22;15:00:00;182440;182585;182385;182445;121;344;5
2026.07.22;15:05:00;182470;182505;182310;182310;32;57;5
2026.07.22;15:10:00;182320;182405;182320;182405;49;187;5
2026.07.22;15:15:00;182390;182460;182385;182415;9;21;5
2026.07.22;15:20:00;182350;182445;182350;182425;32;212;5
2026.07.22;15:25:00;182340;182510;182340;182460;48;200;5
2026.07.22;15:30:00;182410;182430;182410;182430;4;4;5
2026.07.22;15:35:00;182350;182525;182345;182525;39;58;5
2026.07.22;15:40:00;182515;182565;182470;182540;22;46;5
2026.07.22;15:45:00;182485;182555;182485;182555;4;11;5
2026.07.22;15:50:00;182570;182655;182570;182610;70;224;5
2026.07.22;15:55:00;182550;182735;182550;182705;34;52;5
2026.07.22;16:00:00;182705;182710;182500;182555;38;119;5
2026.07.22;16:05:00;182595;182595;182595;182595;1;1;5
2026.07.22;16:10:00;182520;182590;182520;182560;4;4;5
2026.07.22;16:15:00;182520;182595;182480;182555;23;42;5
2026.07.22;16:20:00;182535;182535;182465;182510;28;42;5
2026.07.22;16:25:00;182525;182635;182525;182585;15;22;5
2026.07.22;16:30:00;182585;182590;182540;182585;14;78;5
2026.07.22;16:35:00;182565;182580;182515;182565;38;273;5
2026.07.22;16:40:00;182500;182545;182445;182520;13;22;5
2026.07.22;16:45:00;182535;182625;182535;182625;8;14;5
2026.07.22;16:50:00;182590;182640;182560;182560;7;13;5
2026.07.22;16:55:00;182640;182740;182640;182705;43;175;5
2026.07.22;17:00:00;182705;182750;182640;182650;30;79;5
2026.07.22;17:05:00;182680;182695;182680;182695;9;25;5
2026.07.22;17:10:00;182670;182840;182670;182805;57;187;5
2026.07.22;17:15:00;182805;182935;182745;182935;72;307;5
2026.07.22;17:20:00;182885;182950;182865;182920;26;101;5
2026.07.22;17:25:00;182915;182915;182865;182865;10;45;5
2026.07.22;17:30:00;182865;182920;182865;182885;36;135;5
2026.07.22;17:35:00;182870;182925;182870;182925;7;30;5
2026.07.22;17:40:00;182800;182820;182770;182775;14;51;5
2026.07.22;17:45:00;182790;182800;182715;182715;39;186;5
2026.07.22;17:50:00;182750;182805;182750;182800;21;69;5
2026.07.22;17:55:00;182815;182815;182745;182810;9;25;5
2026.07.22;18:00:00;182745;182900;182745;182850;72;541;5
2026.07.22;18:05:00;182820;182845;182785;182825;106;985;5
2026.07.22;18:10:00;182810;182810;182765;182765;15;82;5
2026.07.22;18:15:00;182765;182850;182715;182750;29;81;5
2026.07.22;18:20:00;182735;182735;182605;182605;45;292;5
2026.07.23;09:00:00;182190;182255;181545;182060;618;2734;5
2026.07.23;09:05:00;182045;182515;181910;182215;505;1769;5
2026.07.23;09:10:00;182160;182255;182100;182205;177;344;5
2026.07.23;09:15:00;182235;182235;181870;181965;140;348;5
2026.07.23;09:20:00;181890;182180;181890;182095;24;73;5
2026.07.23;09:25:00;182095;182165;182095;182150;13;22;5
2026.07.23;09:30:00;182200;182375;182180;182340;85;378;5
2026.07.23;09:35:00;182365;182440;182240;182275;55;129;5
2026.07.23;09:40:00;182255;182350;181910;181960;132;330;5
2026.07.23;09:45:00;181985;182155;181985;182140;21;241;5
2026.07.23;09:50:00;182150;182195;182010;182010;31;75;5
2026.07.23;09:55:00;182025;182055;182010;182010;13;39;5
2026.07.23;10:00:00;182080;182225;181700;182175;178;514;5
2026.07.23;10:05:00;182015;182100;181715;181715;47;105;5
2026.07.23;10:10:00;181715;181855;181375;181515;167;453;5
2026.07.23;10:15:00;181505;181540;181225;181355;77;273;5
2026.07.23;10:20:00;181365;181400;181190;181310;32;99;5
2026.07.23;10:25:00;181355;181965;181315;181900;47;94;5
2026.07.23;10:30:00;181975;182345;181790;182275;90;229;5
2026.07.23;10:35:00;182315;182345;181850;181850;22;29;5
2026.07.23;10:40:00;182010;182370;182000;182200;71;139;5
2026.07.23;10:45:00;182200;182575;182160;182530;170;664;5
2026.07.23;10:50:00;182560;182865;182560;182790;317;1681;5
2026.07.23;10:55:00;182850;182880;182000;182000;105;286;5
2026.07.23;11:00:00;182010;182145;181935;182035;83;268;5
2026.07.23;11:05:00;182050;182050;181760;181890;53;699;5
2026.07.23;11:10:00;181900;182350;181870;182235;332;2873;5
2026.07.23;11:15:00;182250;182270;182005;182025;40;158;5
2026.07.23;11:20:00;181985;182345;181985;182345;50;135;5
2026.07.23;11:25:00;182260;182495;182260;182495;47;200;5
2026.07.23;11:30:00;182500;182580;182265;182265;46;205;5
2026.07.23;11:35:00;182320;182550;182295;182495;23;104;5
2026.07.23;11:40:00;182465;182500;182355;182440;9;44;5
2026.07.23;11:45:00;182315;182440;182120;182140;16;46;5
2026.07.23;11:50:00;182100;182140;182000;182075;43;164;5
2026.07.23;11:55:00;182180;182395;182180;182325;92;490;5
2026.07.23;12:00:00;182305;182390;182225;182390;12;54;5
2026.07.23;12:05:00;182395;182395;182185;182300;31;120;5
2026.07.23;12:10:00;182155;182155;181910;182090;48;222;5
2026.07.23;12:15:00;182090;182195;181940;182005;35;153;5
2026.07.23;12:20:00;182005;182005;181730;181780;435;4412;5
2026.07.23;12:25:00;181755;181770;181350;181350;98;458;5
2026.07.23;12:30:00;181335;181650;181310;181640;213;3107;5
2026.07.23;12:35:00;181675;181705;181455;181590;121;690;5
2026.07.23;12:40:00;181630;181670;181450;181500;22;49;5
2026.07.23;12:45:00;181410;181425;181390;181425;7;24;5
2026.07.23;12:50:00;181505;181565;181455;181540;49;308;5
2026.07.23;12:55:00;181505;181525;181450;181515;9;26;5
2026.07.23;13:00:00;181515;181515;181480;181485;4;4;5
2026.07.23;13:05:00;181510;181510;181510;181510;1;1;5
2026.07.23;13:10:00;181565;181565;181490;181495;4;12;5
2026.07.23;13:15:00;181595;181690;181505;181620;23;164;5
2026.07.23;13:25:00;181540;181630;181540;181630;8;23;5
2026.07.23;13:30:00;181545;181545;181440;181440;8;12;5
2026.07.23;13:35:00;181510;181510;181430;181430;3;3;5
2026.07.23;13:40:00;181450;181450;181450;181450;1;3;5
2026.07.23;13:45:00;181510;181555;181510;181545;4;12;5
2026.07.23;14:00:00;181580;181675;181580;181580;11;29;5
2026.07.23;14:05:00;181490;181515;181365;181510;15;30;5
2026.07.23;14:10:00;181465;181465;181250;181400;29;71;5
2026.07.23;14:15:00;181370;181455;181345;181435;21;27;5
2026.07.23;14:20:00;181440;181485;181440;181480;13;41;5
2026.07.23;14:25:00;181350;181395;181320;181395;16;27;5
2026.07.23;14:30:00;181345;181440;181340;181345;7;7;5
2026.07.23;14:35:00;181330;181330;181240;181245;59;343;5
2026.07.23;14:40:00;181235;181340;181205;181340;32;71;5
2026.07.23;14:45:00;181390;181500;181390;181500;19;33;5
2026.07.23;14:50:00;181505;181520;181340;181340;17;36;5
2026.07.23;14:55:00;181285;181355;181280;181330;10;78;5
2026.07.23;15:00:00;181440;181440;181440;181440;1;1;5
2026.07.23;15:05:00;181400;181475;181395;181395;10;14;5
2026.07.23;15:10:00;181360;181410;181345;181400;14;18;5
2026.07.23;15:15:00;181330;181460;181330;181460;6;31;5
2026.07.23;15:20:00;181460;181530;181440;181510;13;18;5
2026.07.23;15:25:00;181470;181565;181470;181525;12;33;5
2026.07.23;15:30:00;181515;181760;181515;181760;28;372;5
2026.07.23;15:35:00;181725;181750;181675;181690;25;170;5
2026.07.23;15:40:00;181660;181660;181565;181620;39;553;5
2026.07.23;15:45:00;181655;181740;181635;181675;39;123;5
2026.07.23;15:50:00;181680;181690;181665;181690;4;13;5
2026.07.23;15:55:00;181625;181705;181625;181700;8;66;5
2026.07.23;16:00:00;181725;181865;181725;181810;42;556;5
2026.07.23;16:05:00;181785;181830;181725;181725;10;50;5
2026.07.23;16:10:00;181725;181740;181720;181740;7;32;5
2026.07.23;16:15:00;181730;181760;181480;181485;18;58;5
2026.07.23;16:20:00;181450;181545;181420;181545;35;642;5
2026.07.23;16:25:00;181555;181600;181535;181565;27;165;5
2026.07.23;16:30:00;181650;181825;181565;181575;32;59;5
2026.07.23;16:35:00;181635;181635;181510;181535;20;56;5
2026.07.23;16:40:00;181545;181555;181445;181485;19;46;5
2026.07.23;16:45:00;181500;181500;181450;181460;7;15;5
2026.07.23;16:50:00;181515;181535;181440;181440;9;22;5
2026.07.23;16:55:00;181505;181555;181485;181555;15;50;5
2026.07.23;17:00:00;181530;181620;181530;181615;34;414;5
2026.07.23;17:05:00;181620;181665;181555;181585;131;983;5
2026.07.23;17:10:00;181570;181640;181510;181510;73;322;5
2026.07.23;17:15:00;181485;181535;181480;181480;17;49;5
2026.07.23;17:20:00;181515;181545;181490;181545;8;8;5
2026.07.23;17:25:00;181515;181545;181515;181545;2;2;5
2026.07.23;17:30:00;181550;181555;181500;181500;7;7;5
2026.07.23;17:35:00;181565;181565;181545;181545;2;2;5
2026.07.23;17:40:00;181575;181580;181575;181580;5;5;5
2026.07.23;17:45:00;181565;181565;181525;181525;12;20;5
2026.07.23;17:50:00;181535;181615;181535;181585;19;35;5
2026.07.23;17:55:00;181585;181595;181585;181595;2;4;5
2026.07.23;18:00:00;181600;181610;181560;181610;7;32;5
2026.07.23;18:05:00;181625;181655;181625;181655;13;39;5
2026.07.23;18:10:00;181660;181680;181615;181630;18;81;5
2026.07.23;18:15:00;181635;181665;181590;181650;86;1518;5
2026.07.23;18:20:00;181635;181750;181560;181750;20;220;5
2026.07.24;09:00:00;181510;181870;180810;180810;321;1883;5
2026.07.24;09:05:00;180810;180810;180300;180575;515;2833;5
2026.07.24;09:10:00;180585;180585;180200;180325;139;411;5
2026.07.24;09:15:00;180320;180550;180260;180435;113;237;5
2026.07.24;09:20:00;180385;180465;180285;180360;73;175;5
2026.07.24;09:25:00;180235;180295;180125;180210;129;439;5
2026.07.24;09:30:00;180180;180475;180135;180155;72;186;5
2026.07.24;09:35:00;180120;180235;180100;180180;65;153;5
2026.07.24;09:40:00;180195;180235;180010;180130;73;147;5
2026.07.24;09:45:00;180145;180250;180090;180155;56;158;5
2026.07.24;09:50:00;180195;180210;180050;180150;30;93;5
2026.07.24;09:55:00;180145;180145;179930;180060;46;84;5
2026.07.24;10:00:00;180070;180170;179780;180000;64;151;5
2026.07.24;10:05:00;180005;180220;179955;180100;86;141;5
2026.07.24;10:10:00;180010;180130;179800;180130;95;201;5
2026.07.24;10:15:00;180090;180090;179735;179870;74;157;5
2026.07.24;10:20:00;179860;180135;179860;180035;54;122;5
2026.07.24;10:25:00;180100;180100;179875;179960;50;84;5
2026.07.24;10:30:00;179895;180160;179600;179730;166;586;5
2026.07.24;10:35:00;179730;179785;179510;179580;54;97;5
2026.07.24;10:40:00;179580;179805;179475;179705;69;241;5
2026.07.24;10:45:00;179645;180015;179645;179780;89;364;5
2026.07.24;10:50:00;179780;179925;179680;179815;32;70;5
2026.07.24;10:55:00;179705;179945;179705;179850;25;48;5
2026.07.24;11:00:00;179925;180225;179905;180155;50;166;5
2026.07.24;11:05:00;180145;180250;179955;180080;56;151;5
2026.07.24;11:10:00;180065;180150;179970;180010;48;90;5
2026.07.24;11:15:00;180035;180070;179885;179920;22;66;5
2026.07.24;11:20:00;179915;180225;179910;180100;31;81;5
2026.07.24;11:25:00;180165;180350;180165;180265;36;118;5
2026.07.24;11:30:00;180300;180300;180000;180005;27;57;5
2026.07.24;11:35:00;179985;180025;179900;180020;30;61;5
2026.07.24;11:40:00;179920;179955;179870;179875;19;29;5
2026.07.24;11:45:00;179945;180025;179845;180025;41;134;5
2026.07.24;11:50:00;180035;180100;179980;180015;32;141;5
2026.07.24;11:55:00;180125;180190;180125;180160;17;25;5
2026.07.24;12:00:00;180150;180165;179790;179810;124;540;5
2026.07.24;12:05:00;179795;179795;179600;179705;126;614;5
2026.07.24;12:10:00;179640;180005;179605;180005;98;305;5
2026.07.24;12:15:00;179975;180170;179955;180020;128;416;5
2026.07.24;12:20:00;179995;180090;179990;180015;22;47;5
2026.07.24;12:25:00;180075;180075;179815;179885;27;52;5
2026.07.24;12:30:00;179865;179885;179750;179840;40;77;5
2026.07.24;12:35:00;179820;179860;179735;179860;29;64;5
2026.07.24;12:40:00;179860;179895;179695;179775;72;174;5
2026.07.24;12:45:00;179755;179805;179735;179755;15;35;5
2026.07.24;12:50:00;179755;179795;179670;179670;12;16;5
2026.07.24;12:55:00;179705;179800;179705;179785;28;66;5
2026.07.24;13:00:00;179800;179815;179715;179735;13;39;5
2026.07.24;13:05:00;179720;179770;179690;179690;17;37;5
2026.07.24;13:10:00;179695;179750;179655;179710;22;43;5
2026.07.24;13:15:00;179710;179740;179560;179645;44;199;5
2026.07.24;13:20:00;179650;179660;179525;179565;50;286;5
2026.07.24;13:25:00;179590;179660;179590;179625;20;31;5
2026.07.24;13:30:00;179625;179625;179490;179530;70;150;5
2026.07.24;13:35:00;179510;179510;179255;179290;112;303;5
2026.07.24;13:40:00;179320;179320;179240;179240;38;134;5
2026.07.24;13:45:00;179230;179265;179115;179130;63;227;5
2026.07.24;13:50:00;179135;179135;179030;179120;45;74;5
2026.07.24;13:55:00;179125;179190;179120;179190;20;37;5
2026.07.24;14:00:00;179125;179200;179095;179135;16;23;5
2026.07.24;14:05:00;179145;179175;179085;179125;29;83;5
2026.07.24;14:10:00;179105;179135;179080;179095;10;26;5
2026.07.24;14:15:00;179135;179135;179135;179135;1;1;5
2026.07.24;14:20:00;179100;179170;179100;179130;8;9;5
2026.07.24;14:25:00;179130;179210;179115;179200;26;42;5
2026.07.24;14:30:00;179220;179220;179100;179220;50;71;5
2026.07.24;14:35:00;179195;179195;179125;179155;17;29;5
2026.07.24;14:40:00;179150;179160;179080;179125;39;91;5
2026.07.24;14:45:00;179170;179190;179140;179180;20;32;5
2026.07.24;14:50:00;179180;179180;178980;178980;68;318;5
2026.07.24;14:55:00;179020;179050;178980;179050;19;28;5
2026.07.24;15:00:00;179060;179110;179050;179110;21;35;5
2026.07.24;15:05:00;179120;179130;179055;179080;15;38;5
2026.07.24;15:10:00;179080;179140;179080;179110;16;115;5
2026.07.24;15:15:00;179115;179120;179010;179010;37;64;5
2026.07.24;15:20:00;179010;179070;178995;179065;39;157;5
2026.07.24;15:25:00;179025;179050;178980;179000;28;63;5
2026.07.24;15:30:00;178985;179060;178985;179005;28;54;5
2026.07.24;15:35:00;179040;179120;179010;179100;61;191;5
2026.07.24;15:40:00;179080;179085;179040;179040;40;53;5
2026.07.24;15:45:00;179060;179110;179060;179080;54;146;5
2026.07.24;15:50:00;179095;179120;179075;179115;49;58;5
2026.07.24;15:55:00;179090;179155;179080;179115;64;85;5
2026.07.24;16:00:00;179135;179135;179035;179115;62;83;5
2026.07.24;16:05:00;179140;179160;179085;179125;27;34;5
2026.07.24;16:10:00;179125;179155;179030;179030;32;38;5
2026.07.24;16:15:00;179070;179070;179010;179030;159;873;5
2026.07.24;16:20:00;179045;179090;178985;178985;64;120;5
2026.07.24;16:25:00;178995;179020;178965;179000;34;49;5
2026.07.24;16:30:00;179005;179040;178995;179010;24;38;5
2026.07.24;16:35:00;179010;179030;178985;178990;42;61;5
2026.07.24;16:40:00;178990;179015;178970;178995;38;53;5
2026.07.24;16:45:00;178985;178990;178840;178875;150;396;5
2026.07.24;16:50:00;178920;178920;178810;178850;37;73;5
2026.07.24;16:55:00;178835;178835;178685;178770;140;554;5
2026.07.24;17:00:00;178750;178825;178750;178825;51;177;5
2026.07.24;17:05:00;178750;178755;178660;178675;31;91;5
2026.07.24;17:10:00;178670;178685;178635;178635;4;8;5
2026.07.24;17:15:00;178680;178725;178680;178725;13;15;5
2026.07.24;17:20:00;178675;178720;178655;178655;5;23;5
2026.07.24;17:25:00;178650;178690;178650;178655;9;11;5
2026.07.24;17:30:00;178630;178670;178590;178590;94;1503;5
2026.07.24;17:35:00;178625;178640;178580;178640;25;103;5
2026.07.24;17:40:00;178640;178645;178610;178630;4;24;5
2026.07.24;17:45:00;178650;178660;178600;178615;24;57;5
2026.07.24;17:50:00;178575;178600;178570;178600;25;141;5
2026.07.24;17:55:00;178600;178615;178595;178610;62;381;5
2026.07.24;18:00:00;178625;178625;178500;178520;25;159;5
2026.07.24;18:05:00;178525;178545;178525;178525;4;11;5
2026.07.24;18:10:00;178545;178555;178540;178550;9;43;5
2026.07.24;18:15:00;178500;178550;178495;178550;18;87;5
2026.07.24;18:20:00;178550;178590;178425;178425;35;278;5
2026.07.27;09:00:00;179215;179820;178875;179720;470;2336;5
2026.07.27;09:05:00;179705;179705;179200;179260;142;331;5
2026.07.27;09:10:00;179240;179500;179220;179445;70;145;5
2026.07.27;09:15:00;179440;179570;179440;179500;46;97;5
2026.07.27;09:20:00;179460;179520;179405;179425;25;85;5
2026.07.27;09:25:00;179420;179500;179400;179440;18;32;5
2026.07.27;09:30:00;179435;179435;179285;179425;35;50;5
2026.07.27;09:35:00;179365;179385;179275;179275;23;26;5
2026.07.27;09:40:00;179300;179340;179250;179320;19;41;5
2026.07.27;09:45:00;179330;179585;179325;179565;55;154;5
2026.07.27;09:50:00;179500;179660;179480;179610;70;271;5
2026.07.27;09:55:00;179550;179580;179465;179530;13;31;5
2026.07.27;10:00:00;179595;179605;179015;179015;132;215;5
2026.07.27;10:05:00;179100;179150;178880;179000;41;85;5
2026.07.27;10:10:00;179005;179240;178925;179090;58;122;5
2026.07.27;10:15:00;179165;179180;179030;179180;23;32;5
2026.07.27;10:20:00;179190;179270;179010;179010;44;92;5
2026.07.27;10:25:00;179075;179365;179050;179315;79;143;5
2026.07.27;10:30:00;179330;179480;179145;179365;83;172;5
2026.07.27;10:35:00;179440;179440;179215;179260;30;58;5
2026.07.27;10:40:00;179395;179650;179395;179475;60;132;5
2026.07.27;10:45:00;179520;179595;179385;179415;33;100;5
2026.07.27;10:50:00;179435;179440;179065;179070;40;69;5
2026.07.27;10:55:00;179015;179280;179000;179280;60;90;5
2026.07.27;11:00:00;179220;179345;178925;179110;532;6308;5
2026.07.27;11:05:00;179100;179125;178780;179110;306;3119;5
2026.07.27;11:10:00;179145;179220;178985;179115;221;2028;5
2026.07.27;11:15:00;179190;179220;179070;179120;106;928;5
2026.07.27;11:20:00;179105;179330;179040;179170;102;791;5
2026.07.27;11:25:00;179220;179265;179150;179150;36;125;5
2026.07.27;11:30:00;179050;179200;179035;179100;52;102;5
2026.07.27;11:35:00;179115;179220;179090;179220;13;29;5
2026.07.27;11:40:00;179290;179500;179265;179365;128;2083;5
2026.07.27;11:45:00;179460;179570;179415;179520;95;635;5
2026.07.27;11:50:00;179475;179645;179435;179620;60;133;5
2026.07.27;11:55:00;179630;179980;179630;179950;210;2221;5
2026.07.27;12:00:00;179985;180090;179890;179990;98;436;5
2026.07.27;12:05:00;179870;179910;179730;179730;38;147;5
2026.07.27;12:10:00;179705;179800;179560;179680;58;249;5
2026.07.27;12:15:00;179695;179745;179585;179585;23;64;5
2026.07.27;12:20:00;179695;179740;179695;179740;13;24;5
2026.07.27;12:25:00;179740;179755;179685;179710;7;9;5
2026.07.27;12:30:00;179600;179600;179500;179500;27;162;5
2026.07.27;12:35:00;179500;179520;179310;179425;81;289;5
2026.07.27;12:40:00;179420;179465;179420;179465;6;8;5
2026.07.27;12:45:00;179480;179550;179470;179495;15;31;5
2026.07.27;12:50:00;179540;179675;179535;179675;18;54;5
2026.07.27;12:55:00;179615;179615;179570;179570;3;5;5
2026.07.27;13:00:00;179635;179635;179635;179635;2;12;5
2026.07.27;13:05:00;179660;179660;179660;179660;2;6;5
2026.07.27;13:10:00;179660;179695;179650;179650;8;18;5
2026.07.27;13:15:00;179540;179600;179540;179600;2;11;5
2026.07.27;13:20:00;179525;179525;179515;179515;2;3;5
2026.07.27;13:25:00;179595;179800;179595;179645;73;363;5
2026.07.27;13:30:00;179660;179840;179660;179770;19;45;5
2026.07.27;13:35:00;179740;179740;179740;179740;2;5;5
2026.07.27;13:40:00;179795;179795;179740;179740;3;3;5
2026.07.27;13:45:00;179795;179820;179755;179755;10;19;5
2026.07.27;13:50:00;179670;179705;179550;179630;17;38;5
2026.07.27;13:55:00;179545;179550;179500;179540;5;16;5
2026.07.27;14:00:00;179555;179555;179435;179435;18;35;5
2026.07.27;14:05:00;179425;179470;179360;179470;10;39;5
2026.07.27;14:10:00;179465;179560;179465;179560;28;39;5
2026.07.27;14:15:00;179555;179555;179450;179485;17;31;5
2026.07.27;14:20:00;179510;179600;179510;179600;12;33;5
2026.07.27;14:25:00;179510;179655;179510;179655;8;37;5
2026.07.27;14:30:00;179600;179660;179600;179660;5;5;5
2026.07.27;14:35:00;179675;179720;179675;179720;7;23;5
2026.07.27;14:45:00;179650;179670;179555;179555;11;31;5
2026.07.27;14:50:00;179570;179705;179570;179705;11;23;5
2026.07.27;14:55:00;179700;179785;179700;179730;14;27;5
2026.07.27;15:00:00;179765;179765;179700;179720;13;32;5
2026.07.27;15:05:00;179685;179685;179625;179635;7;17;5
2026.07.27;15:10:00;179650;179660;179570;179660;21;21;5
2026.07.27;15:15:00;179565;179590;179565;179590;6;6;5
2026.07.27;15:20:00;179500;179570;179500;179570;3;12;5
2026.07.27;15:25:00;179595;179675;179595;179675;21;62;5
2026.07.27;15:30:00;179620;179620;179535;179535;17;18;5
2026.07.27;15:35:00;179535;179625;179465;179530;32;61;5
2026.07.27;15:40:00;179490;179640;179490;179570;60;182;5
2026.07.27;15:45:00;179555;179655;179555;179610;18;32;5
2026.07.27;15:50:00;179615;179765;179610;179750;52;89;5
2026.07.27;15:55:00;179740;179875;179740;179820;55;126;5
2026.07.27;16:00:00;179870;179885;179805;179820;24;39;5
2026.07.27;16:05:00;179805;179910;179750;179865;49;81;5
2026.07.27;16:10:00;179920;179955;179870;179890;19;28;5
2026.07.27;16:15:00;179890;179935;179885;179935;15;20;5
2026.07.27;16:20:00;179960;180060;179940;180010;145;2399;5
2026.07.27;16:25:00;179980;179995;179975;179985;13;16;5
2026.07.27;16:30:00;180045;180115;180035;180065;26;153;5
2026.07.27;16:35:00;180040;180170;180040;180170;23;62;5
2026.07.27;16:40:00;180160;180320;180160;180295;63;104;5
2026.07.27;16:45:00;180255;180280;180180;180245;156;2552;5
2026.07.27;16:50:00;180265;180320;180250;180315;106;409;5
2026.07.27;16:55:00;180315;180355;180280;180280;61;227;5
2026.07.27;17:00:00;180290;180320;180130;180145;24;60;5
2026.07.27;17:05:00;180165;180290;180165;180290;11;50;5
2026.07.27;17:10:00;180290;180405;180290;180380;36;63;5
2026.07.27;17:15:00;180400;180440;180380;180400;17;30;5
2026.07.27;17:20:00;180395;180400;180390;180390;3;3;5
2026.07.27;17:25:00;180395;180400;180395;180400;5;6;5
2026.07.27;17:30:00;180390;180485;180390;180465;17;40;5
2026.07.27;17:35:00;180485;180580;180465;180575;22;49;5
2026.07.27;17:40:00;180560;180560;180515;180545;6;10;5
2026.07.27;17:45:00;180530;180570;180475;180475;17;42;5
2026.07.27;17:50:00;180485;180485;180485;180485;2;2;5
2026.07.27;17:55:00;180480;180505;180465;180500;11;20;5
2026.07.27;18:05:00;180560;180560;180475;180475;11;47;5
2026.07.27;18:10:00;180460;180500;180425;180465;57;1380;5
2026.07.27;18:15:00;180490;180565;180445;180465;26;65;5
2026.07.27;18:20:00;180505;180520;180390;180390;24;91;5
2026.07.28;09:00:00;180860;182270;180810;182090;571;1626;5
2026.07.28;09:05:00;182140;182530;182030;182200;315;1276;5
2026.07.28;09:10:00;182215;182605;182205;182500;270;578;5
2026.07.28;09:15:00;182555;182835;182320;182830;350;1234;5
2026.07.28;09:20:00;182795;182860;182720;182815;109;254;5
2026.07.28;09:25:00;182835;183240;182650;183025;246;710;5
2026.07.28;09:30:00;183000;183085;182850;182970;110;258;5
2026.07.28;09:35:00;182995;183100;182660;182665;88;264;5
2026.07.28;09:40:00;182705;182775;182350;182385;126;477;5
2026.07.28;09:45:00;182365;182885;182365;182805;72;165;5
2026.07.28;09:50:00;182815;182995;182810;182920;46;126;5
2026.07.28;09:55:00;182995;183015;182780;182875;81;192;5
2026.07.28;10:00:00;182835;183260;182610;183260;151;343;5
2026.07.28;10:05:00;183260;183355;183100;183155;132;329;5
2026.07.28;10:10:00;183100;183175;182380;182445;181;578;5
2026.07.28;10:15:00;182445;182505;182250;182345;41;118;5
2026.07.28;10:20:00;182370;182585;182080;182160;111;349;5
2026.07.28;10:25:00;182110;182195;181675;181715;258;802;5
2026.07.28;10:30:00;181700;182065;181460;181855;260;1137;5
2026.07.28;10:35:00;181990;182160;181600;181605;105;199;5
2026.07.28;10:40:00;181640;181700;181310;181515;212;752;5
2026.07.28;10:45:00;181515;181570;181275;181490;79;139;5
2026.07.28;10:50:00;181500;181500;181225;181350;71;117;5
2026.07.28;10:55:00;181280;181470;181280;181440;36;336;5
2026.07.28;11:00:00;181485;181725;181430;181700;146;452;5
2026.07.28;11:05:00;181750;182090;181750;182065;225;1294;5
2026.07.28;11:10:00;182035;182335;182035;182165;162;477;5
2026.07.28;11:15:00;182160;182290;181745;181780;90;212;5
2026.07.28;11:20:00;181745;181890;181585;181890;78;215;5
2026.07.28;11:25:00;181900;182010;181800;182010;55;117;5
2026.07.28;11:30:00;182010;182030;181900;181940;27;46;5
2026.07.28;11:35:00;181865;181960;181810;181900;61;145;5
2026.07.28;11:40:00;181880;182020;181845;182000;68;97;5
2026.07.28;11:45:00;181955;182095;181955;182095;64;138;5
2026.07.28;11:50:00;182050;182090;181965;181965;56;176;5
2026.07.28;11:55:00;181930;182010;181750;181750;51;78;5
2026.07.28;12:00:00;181725;181810;181575;181605;27;58;5
2026.07.28;12:05:00;181585;181690;181565;181690;22;49;5
2026.07.28;12:10:00;181670;181850;181585;181655;116;266;5
2026.07.28;12:15:00;181680;181710;181360;181410;59;171;5
2026.07.28;12:20:00;181445;181505;181350;181505;51;137;5
2026.07.28;12:25:00;181465;181590;181425;181500;38;93;5
2026.07.28;12:30:00;181525;181670;181525;181630;44;165;5
2026.07.28;12:35:00;181600;181600;181535;181600;15;28;5
2026.07.28;12:40:00;181615;181625;181525;181625;24;50;5
2026.07.28;12:45:00;181675;181735;181645;181695;41;77;5
2026.07.28;12:50:00;181730;181880;181660;181865;58;133;5
2026.07.28;12:55:00;181830;181955;181825;181955;68;129;5
2026.07.28;13:00:00;181925;182045;181775;181795;74;117;5
2026.07.28;13:05:00;181795;181800;181625;181625;35;72;5
2026.07.28;13:10:00;181650;181875;181650;181875;40;104;5
2026.07.28;13:15:00;181885;181905;181760;181760;31;79;5
2026.07.28;13:20:00;181755;181775;181655;181655;12;20;5
2026.07.28;13:25:00;181705;181730;181695;181720;12;38;5
2026.07.28;13:30:00;181715;181755;181695;181715;12;12;5
2026.07.28;13:35:00;181795;181890;181785;181785;32;69;5
2026.07.28;13:40:00;181765;181765;181760;181760;5;6;5
2026.07.28;13:45:00;181710;181710;181595;181595;16;24;5
2026.07.28;13:50:00;181665;181720;181665;181715;11;33;5
2026.07.28;13:55:00;181700;181700;181670;181695;4;8;5
2026.07.28;14:00:00;181750;181840;181750;181770;20;36;5
2026.07.28;14:05:00;181770;181790;181730;181730;5;11;5
2026.07.28;14:10:00;181775;181810;181775;181810;5;4;5
2026.07.28;14:15:00;181700;181730;181700;181700;5;22;5
2026.07.28;14:20:00;181660;181815;181660;181700;28;55;5
2026.07.28;14:25:00;181655;181655;181595;181595;4;4;5
2026.07.28;14:30:00;181615;181695;181550;181695;40;52;5
2026.07.28;14:35:00;181700;181700;181400;181465;56;519;5
2026.07.28;14:40:00;181400;181435;181355;181355;27;58;5
2026.07.28;14:45:00;181405;181410;181330;181410;27;54;5
2026.07.28;14:50:00;181445;181485;181390;181410;35;51;5
2026.07.28;14:55:00;181420;181470;181340;181470;19;50;5
2026.07.28;15:00:00;181470;181470;181465;181470;4;4;5
2026.07.28;15:05:00;181400;181415;181400;181410;14;18;5
2026.07.28;15:10:00;181380;181380;181080;181130;202;1153;5
2026.07.28;15:15:00;181180;181275;181150;181240;33;58;5
2026.07.28;15:20:00;181270;181325;181245;181245;11;18;5
2026.07.28;15:25:00;181300;181300;181160;181160;98;1092;5
2026.07.28;15:30:00;181180;181315;181180;181230;28;182;5
2026.07.28;15:35:00;181200;181210;181170;181190;19;53;5
2026.07.28;15:40:00;181145;181145;181140;181140;3;5;5
2026.07.28;15:45:00;181200;181225;181140;181140;17;63;5
2026.07.28;15:50:00;181140;181140;181030;181030;60;338;5
2026.07.28;15:55:00;181010;181085;181000;181075;65;382;5
2026.07.28;16:00:00;181070;181135;181065;181135;17;29;5
2026.07.28;16:05:00;181125;181150;181120;181135;103;459;5
2026.07.28;16:10:00;181130;181235;181115;181150;78;207;5
2026.07.28;16:15:00;181085;181250;181085;181240;58;237;5
2026.07.28;16:20:00;181260;181335;181225;181330;11;16;5
2026.07.28;16:25:00;181295;181300;181190;181190;23;46;5
2026.07.28;16:30:00;181200;181240;181200;181205;8;8;5
2026.07.28;16:35:00;181205;181205;181045;181050;63;279;5
2026.07.28;16:40:00;181065;181110;181055;181080;17;21;5
2026.07.28;16:45:00;181105;181190;181085;181165;25;98;5
2026.07.28;16:50:00;181105;181150;181045;181130;36;73;5
2026.07.28;16:55:00;181175;181230;181165;181175;43;188;5
2026.07.28;17:00:00;181175;181305;181175;181250;16;62;5
2026.07.28;17:05:00;181300;181475;181300;181445;66;713;5
2026.07.28;17:10:00;181450;181505;181450;181485;35;76;5
2026.07.28;17:15:00;181475;181475;181400;181420;27;38;5
2026.07.28;17:20:00;181420;181460;181360;181460;23;67;5
2026.07.28;17:25:00;181400;181480;181400;181480;5;23;5
2026.07.28;17:30:00;181440;181495;181440;181470;16;43;5
2026.07.28;17:35:00;181500;181610;181500;181610;23;63;5
2026.07.28;17:40:00;181595;181640;181575;181640;19;91;5
2026.07.28;17:45:00;181635;181635;181585;181595;11;38;5
2026.07.28;17:50:00;181570;181570;181420;181420;50;132;5
2026.07.28;17:55:00;181405;181435;181380;181385;25;45;5
2026.07.28;18:00:00;181435;181550;181435;181525;23;88;5
2026.07.28;18:05:00;181510;181550;181485;181550;20;86;5
2026.07.28;18:10:00;181520;181525;181410;181470;69;681;5
2026.07.28;18:15:00;181505;181520;181445;181445;29;108;5
2026.07.28;18:20:00;181445;181570;181300;181300;37;276;5
2026.07.29;09:00:00;181640;182205;181095;181515;699;2201;5
2026.07.29;09:05:00;181550;181575;181220;181220;57;124;5
2026.07.29;09:10:00;181300;181480;181220;181445;41;78;5
2026.07.29;09:15:00;181325;181330;181030;181265;75;160;5
2026.07.29;09:20:00;181100;181335;181065;181290;48;105;5
2026.07.29;09:25:00;181230;181475;181215;181385;71;146;5
2026.07.29;09:30:00;181330;181365;181130;181360;47;102;5
2026.07.29;09:35:00;181390;181400;181270;181350;76;114;5
2026.07.29;09:40:00;181325;181455;181305;181440;65;100;5
2026.07.29;09:45:00;181395;181500;181375;181495;44;100;5
2026.07.29;09:50:00;181485;181490;181355;181405;62;126;5
2026.07.29;09:55:00;181455;181590;181420;181590;82;180;5
2026.07.29;10:00:00;181610;181635;181090;181280;129;274;5
2026.07.29;10:05:00;181210;181270;180970;181055;54;165;5
2026.07.29;10:10:00;181025;181120;180700;180755;146;894;5
2026.07.29;10:15:00;180760;180900;180680;180765;25;48;5
2026.07.29;10:20:00;180710;180710;180390;180390;143;233;5
2026.07.29;10:25:00;180475;180670;180470;180510;46;88;5
2026.07.29;10:30:00;180625;180950;180450;180490;163;351;5
2026.07.29;10:35:00;180520;180520;180315;180470;83;209;5
2026.07.29;10:40:00;180450;180450;180175;180175;75;199;5
2026.07.29;10:45:00;180215;180250;179950;179970;83;196;5
2026.07.29;10:50:00;179945;179945;179750;179750;77;279;5
2026.07.29;10:55:00;179740;179750;179525;179695;74;154;5
2026.07.29;11:00:00;179800;180130;179775;179950;136;461;5
2026.07.29;11:05:00;179940;180025;179900;179935;48;93;5
2026.07.29;11:10:00;179925;179950;179700;179790;75;376;5
2026.07.29;11:15:00;179850;179960;179820;179920;39;90;5
2026.07.29;11:20:00;179920;179980;179850;179850;15;60;5
2026.07.29;11:25:00;179930;180000;179895;179975;7;11;5
2026.07.29;11:30:00;179810;179830;179725;179725;24;71;5
2026.07.29;11:35:00;179710;179755;179605;179645;62;721;5
2026.07.29;11:40:00;179615;179615;179350;179500;118;405;5
2026.07.29;11:45:00;179500;179545;179410;179545;22;69;5
2026.07.29;11:50:00;179550;179650;179530;179650;40;141;5
2026.07.29;11:55:00;179560;179600;179445;179600;142;474;5
2026.07.29;12:00:00;179560;179645;179500;179500;20;43;5
2026.07.29;12:05:00;179600;179755;179600;179755;26;38;5
2026.07.29;12:10:00;179705;179750;179660;179670;70;324;5
2026.07.29;12:15:00;179645;179790;179640;179640;27;44;5
2026.07.29;12:20:00;179635;179660;179595;179615;59;253;5
2026.07.29;12:25:00;179605;179605;179560;179560;4;5;5
2026.07.29;12:30:00;179580;179630;179580;179630;18;105;5
2026.07.29;12:35:00;179650;179730;179560;179560;36;53;5
2026.07.29;12:40:00;179530;179535;179440;179490;34;65;5
2026.07.29;12:45:00;179575;179575;179480;179500;5;14;5
2026.07.29;12:50:00;179450;179450;179450;179450;3;14;5
2026.07.29;12:55:00;179500;179550;179485;179550;15;105;5
2026.07.29;13:00:00;179550;179575;179420;179420;23;34;5
2026.07.29;13:05:00;179410;179440;179270;179335;118;558;5
2026.07.29;13:10:00;179285;179285;179160;179160;81;409;5
2026.07.29;13:15:00;179150;179195;179110;179170;27;131;5
2026.07.29;13:20:00;179180;179260;179160;179175;36;88;5
2026.07.29;13:25:00;179195;179330;179190;179315;36;307;5
2026.07.29;13:30:00;179320;179320;179255;179255;6;8;5
2026.07.29;13:35:00;179250;179250;179200;179250;41;300;5
2026.07.29;13:40:00;179250;179275;179205;179245;29;78;5
2026.07.29;13:45:00;179285;179295;179240;179250;44;207;5
2026.07.29;13:50:00;179225;179250;179175;179235;101;573;5
2026.07.29;13:55:00;179275;179340;179215;179255;103;678;5
2026.07.29;14:00:00;179225;179225;179100;179225;157;1053;5
2026.07.29;14:05:00;179210;179210;179040;179085;113;974;5
2026.07.29;14:10:00;179065;179140;179055;179140;87;431;5
2026.07.29;14:15:00;179140;179140;179050;179085;27;29;5
2026.07.29;14:20:00;179130;179215;179100;179120;97;655;5
2026.07.29;14:25:00;179110;179130;179055;179075;74;579;5
2026.07.29;14:30:00;179050;179050;178905;178910;129;763;5
2026.07.29;14:35:00;178900;178975;178860;178950;34;203;5
2026.07.29;14:40:00;178925;178995;178910;178960;43;144;5
2026.07.29;14:45:00;178960;178975;178910;178910;10;10;5
2026.07.29;14:50:00;178900;178950;178845;178900;31;102;5
2026.07.29;14:55:00;178830;178995;178815;178950;28;97;5
2026.07.29;15:00:00;178970;179570;178970;179335;602;2665;5
2026.07.29;15:05:00;179335;179420;179250;179310;90;356;5
2026.07.29;15:10:00;179300;179460;179270;179300;62;249;5
2026.07.29;15:15:00;179405;179405;179065;179085;47;203;5
2026.07.29;15:20:00;179110;179110;178900;178900;72;363;5
2026.07.29;15:25:00;178900;179045;178850;179045;43;165;5
2026.07.29;15:30:00;179050;179170;178750;178950;81;180;5
2026.07.29;15:35:00;178870;179250;178870;179250;70;183;5
2026.07.29;15:40:00;179275;179525;179200;179475;131;422;5
2026.07.29;15:45:00;179470;179700;179435;179680;92;216;5
2026.07.29;15:50:00;179645;179870;179585;179850;120;283;5
2026.07.29;15:55:00;179835;179925;179645;179925;141;323;5
2026.07.29;16:00:00;179950;180170;179645;179680;225;749;5
2026.07.29;16:05:00;179670;179670;179325;179325;58;165;5
2026.07.29;16:10:00;179385;179560;179365;179435;42;205;5
2026.07.29;16:15:00;179550;179645;179460;179460;31;41;5
2026.07.29;16:20:00;179440;179440;178900;178900;185;814;5
2026.07.29;16:25:00;178905;178920;178800;178830;112;816;5
2026.07.29;16:30:00;178855;179100;178620;178770;123;458;5
2026.07.29;16:35:00;178780;178920;178680;178680;99;284;5
2026.07.29;16:40:00;178685;178875;178685;178720;48;148;5
2026.07.29;16:45:00;178745;178795;178685;178750;72;358;5
2026.07.29;16:50:00;178730;178730;178625;178625;35;106;5
2026.07.29;16:55:00;178625;178625;178455;178505;177;566;5
2026.07.29;17:00:00;178455;178520;178310;178310;96;209;5
2026.07.29;17:05:00;178340;178385;178130;178140;57;112;5
2026.07.29;17:10:00;178180;178320;178105;178105;135;745;5
2026.07.29;17:15:00;178100;178100;177950;178020;41;218;5
2026.07.29;17:20:00;178075;178080;177990;178015;19;132;5
2026.07.29;17:25:00;178000;178070;177995;178065;21;93;5
2026.07.29;17:30:00;178025;178045;177915;177995;39;154;5
2026.07.29;17:35:00;178035;178045;177990;178005;17;69;5
2026.07.29;17:40:00;178000;178005;177975;177975;4;4;5
2026.07.29;17:45:00;177990;178000;177875;177900;47;191;5
2026.07.29;17:50:00;177900;177940;177885;177885;6;7;5
2026.07.29;17:55:00;177925;177940;177900;177940;5;12;5
2026.07.29;18:00:00;177890;177940;177870;177915;151;1103;5
2026.07.29;18:05:00;177920;177950;177910;177935;46;261;5
2026.07.29;18:10:00;177865;177870;177810;177820;56;174;5
2026.07.29;18:15:00;177820;177825;177780;177800;27;56;5
2026.07.29;18:20:00;177805;177910;177785;177800;82;1485;5
2026.07.30;09:00:00;178690;179330;178255;178945;554;3457;5
2026.07.30;09:05:00;178995;179200;178815;179035;85;177;5
2026.07.30;09:10:00;179040;179110;178875;179090;40;43;5
2026.07.30;09:15:00;179105;179270;179105;179190;56;103;5
2026.07.30;09:20:00;179065;179340;178975;179265;69;174;5
2026.07.30;09:25:00;179340;179345;179065;179165;47;85;5
2026.07.30;09:30:00;179185;179440;178910;179065;166;246;5
2026.07.30;09:35:00;179040;179105;178940;178995;39;43;5
2026.07.30;09:40:00;179015;179065;178980;179000;14;22;5
2026.07.30;09:45:00;178985;178990;178845;178880;34;48;5
2026.07.30;09:50:00;178885;179025;178760;178965;46;73;5
2026.07.30;09:55:00;178935;178965;178850;178905;12;18;5
2026.07.30;10:00:00;178985;179275;178985;179160;53;97;5
2026.07.30;10:05:00;179280;179400;178930;178960;95;265;5
2026.07.30;10:10:00;178950;179250;178915;179250;24;72;5
2026.07.30;10:15:00;179240;179375;179070;179350;50;132;5
2026.07.30;10:20:00;179325;179550;179190;179475;99;273;5
2026.07.30;10:25:00;179455;179455;179015;179115;84;306;5
2026.07.30;10:30:00;179090;179350;178980;179045;78;180;5
2026.07.30;10:35:00;179030;179045;178660;178950;88;135;5
2026.07.30;10:40:00;178890;179040;178745;178945;63;84;5
2026.07.30;10:45:00;178810;179155;178750;179120;37;86;5
2026.07.30;10:50:00;179085;179200;178920;179085;52;98;5
2026.07.30;10:55:00;179090;179320;179090;179305;62;223;5
2026.07.30;11:00:00;179295;179435;179175;179405;54;94;5
2026.07.30;11:05:00;179315;179650;179210;179430;107;226;5
2026.07.30;11:10:00;179415;179550;179290;179435;65;121;5
2026.07.30;11:15:00;179460;179460;179270;179305;56;101;5
2026.07.30;11:20:00;179435;179725;179435;179610;125;284;5
2026.07.30;11:25:00;179590;179740;179435;179650;68;144;5
2026.07.30;11:30:00;179655;179800;179610;179620;44;69;5
2026.07.30;11:35:00;179645;179900;179645;179790;137;519;5
2026.07.30;11:40:00;179790;179795;179700;179700;20;46;5
2026.07.30;11:45:00;179700;179830;179700;179815;19;47;5
2026.07.30;11:50:00;179765;179850;179710;179825;15;36;5
2026.07.30;11:55:00;179810;179815;179700;179785;23;43;5
2026.07.30;12:00:00;179745;179745;179515;179580;45;118;5
2026.07.30;12:05:00;179600;179745;179435;179745;34;55;5
2026.07.30;12:10:00;179720;179785;179640;179685;31;51;5
2026.07.30;12:15:00;179715;179870;179715;179870;48;93;5
2026.07.30;12:20:00;179885;179950;179770;179770;55;73;5
2026.07.30;12:25:00;179885;179965;179875;179905;16;23;5
2026.07.30;12:30:00;179850;180050;179800;180050;53;150;5
2026.07.30;12:35:00;180050;180135;180010;180040;52;106;5
2026.07.30;12:40:00;180100;180150;180065;180140;28;67;5
2026.07.30;12:45:00;180150;180150;180050;180100;10;19;5
2026.07.30;12:50:00;180080;180120;180080;180120;11;11;5
2026.07.30;12:55:00;180120;180200;180120;180160;33;48;5
2026.07.30;13:00:00;180160;180270;180150;180235;99;814;5
2026.07.30;13:05:00;180180;180290;180180;180235;29;48;5
2026.07.30;13:10:00;180245;180255;180200;180255;13;34;5
2026.07.30;13:15:00;180240;180275;180205;180270;28;235;5
2026.07.30;13:20:00;180225;180300;180190;180300;19;51;5
2026.07.30;13:25:00;180285;180310;180250;180290;45;289;5
2026.07.30;13:30:00;180305;180400;180300;180355;108;638;5
2026.07.30;13:35:00;180380;180470;180375;180430;95;366;5
2026.07.30;13:40:00;180435;180435;180280;180280;43;89;5
2026.07.30;13:45:00;180300;180310;180230;180310;17;39;5
2026.07.30;13:50:00;180300;180355;180270;180355;10;12;5
2026.07.30;13:55:00;180370;180555;180370;180510;79;305;5
2026.07.30;14:00:00;180545;180635;180535;180590;35;66;5
2026.07.30;14:05:00;180550;180625;180525;180525;28;61;5
2026.07.30;14:10:00;180590;180680;180550;180635;60;117;5
2026.07.30;14:15:00;180620;180650;180620;180650;7;7;5
2026.07.30;14:20:00;180650;180650;180490;180525;34;63;5
2026.07.30;14:25:00;180490;180490;180390;180430;105;644;5
2026.07.30;14:30:00;180475;180475;180360;180390;62;302;5
2026.07.30;14:35:00;180415;180520;180400;180460;60;136;5
2026.07.30;14:40:00;180450;180500;180445;180480;14;26;5
2026.07.30;14:45:00;180495;180530;180450;180450;20;36;5
2026.07.30;14:50:00;180490;180520;180435;180485;24;78;5
2026.07.30;14:55:00;180500;180530;180405;180405;57;199;5
2026.07.30;15:00:00;180425;180450;180375;180385;33;68;5
2026.07.30;15:05:00;180395;180470;180395;180455;18;69;5
2026.07.30;15:10:00;180435;180455;180425;180455;24;81;5
2026.07.30;15:15:00;180465;180465;180370;180370;19;36;5
2026.07.30;15:20:00;180455;180460;180440;180440;8;16;5
2026.07.30;15:25:00;180470;180515;180470;180515;28;94;5
2026.07.30;15:30:00;180505;180675;180505;180575;73;221;5
2026.07.30;15:35:00;180615;180630;180570;180570;9;17;5
2026.07.30;15:40:00;180575;180780;180575;180780;75;118;5
2026.07.30;15:45:00;180765;180855;180765;180830;102;932;5
2026.07.30;15:50:00;180820;180900;180820;180835;99;429;5
2026.07.30;15:55:00;180835;180870;180825;180825;23;45;5
2026.07.30;16:00:00;180840;180930;180825;180885;41;108;5
2026.07.30;16:05:00;180915;181020;180880;181010;82;351;5
2026.07.30;16:10:00;181040;181055;180980;181000;36;124;5
2026.07.30;16:15:00;180985;181180;180945;181165;61;337;5
2026.07.30;16:20:00;181140;181320;181140;181320;70;473;5
2026.07.30;16:25:00;181330;181560;181330;181360;97;385;5
2026.07.30;16:30:00;181325;181405;181290;181370;34;91;5
2026.07.30;16:35:00;181320;181390;181320;181350;6;16;5
2026.07.30;16:40:00;181365;181490;181350;181490;104;747;5
2026.07.30;16:45:00;181500;181590;181470;181520;119;696;5
2026.07.30;16:50:00;181500;181500;181380;181465;61;106;5
2026.07.30;16:55:00;181490;181640;181465;181575;79;237;5
2026.07.30;17:00:00;181575;181665;181575;181610;54;143;5
2026.07.30;17:05:00;181635;181830;181610;181785;66;181;5
2026.07.30;17:10:00;181755;181775;181720;181730;48;138;5
2026.07.30;17:15:00;181760;181835;181730;181805;34;93;5
2026.07.30;17:20:00;181840;181840;181790;181805;13;48;5
2026.07.30;17:25:00;181840;181870;181810;181810;7;17;5
2026.07.30;17:30:00;181800;181840;181690;181840;44;128;5
2026.07.30;17:35:00;181740;181790;181705;181745;33;88;5
2026.07.30;17:40:00;181760;181760;181650;181725;45;195;5
2026.07.30;17:45:00;181740;181800;181740;181760;25;67;5
2026.07.30;17:50:00;181800;181800;181735;181735;42;231;5
2026.07.30;17:55:00;181775;181780;181730;181730;11;88;5
2026.07.30;18:00:00;181700;181750;181675;181725;8;12;5
2026.07.30;18:05:00;181670;181690;181615;181660;27;65;5
2026.07.30;18:10:00;181630;181630;181470;181560;30;114;5
2026.07.30;18:15:00;181525;181595;181400;181400;35;90;5
2026.07.30;18:20:00;181410;181410;181260;181260;33;384;5
2026.07.31;12:30:00;181220;181435;180835;181290;55;144;5
2026.07.31;12:35:00;181430;182300;181430;182120;154;476;5
2026.07.31;12:40:00;182000;182500;182000;182485;59;147;5
2026.07.31;12:45:00;182455;182630;182355;182590;75;214;5
2026.07.31;12:50:00;182590;182770;182235;182720;170;599;5
2026.07.31;12:55:00;182770;182790;182310;182320;75;166;5
2026.07.31;13:00:00;182265;182385;182070;182160;86;184;5
2026.07.31;13:05:00;182155;182240;182100;182205;25;77;5
2026.07.31;13:10:00;182125;182205;182115;182150;9;21;5
2026.07.31;13:15:00;182290;182310;181905;182030;49;126;5
2026.07.31;13:20:00;182100;182300;182100;182285;45;115;5
2026.07.31;13:25:00;182345;182500;182315;182445;36;48;5
2026.07.31;13:30:00;182545;182625;182500;182565;39;161;5
2026.07.31;13:35:00;182590;182770;182470;182670;51;84;5
2026.07.31;13:40:00;182730;182800;182510;182510;41;94;5
2026.07.31;13:45:00;182510;182510;182340;182340;60;194;5
2026.07.31;13:50:00;182360;182455;182350;182415;30;53;5
2026.07.31;13:55:00;182410;182410;182255;182345;29;81;5
2026.07.31;14:00:00;182275;182345;182210;182210;50;68;5
2026.07.31;14:05:00;182210;182245;182130;182240;52;117;5
2026.07.31;14:10:00;182150;182545;182150;182545;139;203;5
2026.07.31;14:15:00;182545;182675;182380;182435;123;174;5
2026.07.31;14:20:00;182390;182645;182380;182645;81;131;5
2026.07.31;14:25:00;182655;182665;182560;182650;61;111;5
2026.07.31;14:30:00;182670;182750;182615;182650;61;169;5
2026.07.31;14:35:00;182650;182770;182560;182635;96;206;5
2026.07.31;14:40:00;182720;182880;182700;182815;87;226;5
2026.07.31;14:45:00;182855;182930;182650;182650;110;743;5
2026.07.31;14:50:00;182685;182725;182660;182675;17;147;5
2026.07.31;14:55:00;182750;182780;182680;182740;18;28;5
2026.07.31;15:00:00;182670;182750;182615;182635;52;116;5
2026.07.31;15:05:00;182625;182730;182585;182730;26;59;5
2026.07.31;15:10:00;182730;182825;182665;182720;60;224;5
2026.07.31;15:15:00;182665;182740;182630;182740;31;59;5
2026.07.31;15:20:00;182785;182940;182785;182880;44;121;5
2026.07.31;15:25:00;182880;182880;182765;182830;28;61;5
2026.07.31;15:30:00;182765;182990;182765;182930;48;116;5
2026.07.31;15:35:00;182970;183050;182890;183050;62;131;5
2026.07.31;15:40:00;183000;183095;182975;183075;27;73;5
2026.07.31;15:45:00;183035;183090;182880;182970;41;75;5
2026.07.31;15:50:00;183040;183160;183040;183160;53;286;5
2026.07.31;15:55:00;183145;183160;183025;183085;62;170;5
2026.07.31;16:00:00;183090;183200;182955;183055;91;236;5
2026.07.31;16:05:00;182990;183085;182990;183085;8;19;5
2026.07.31;16:10:00;182985;182995;182925;182950;31;53;5
2026.07.31;16:15:00;182965;182965;182750;182750;74;133;5
2026.07.31;16:20:00;182735;182785;182700;182700;31;63;5
2026.07.31;16:25:00;182695;182695;182510;182510;30;56;5
2026.07.31;16:30:00;182605;182610;182455;182455;39;60;5
2026.07.31;16:35:00;182445;182570;182345;182345;44;80;5
2026.07.31;16:40:00;182350;182610;182350;182610;41;131;5
2026.07.31;16:45:00;182595;182740;182580;182660;67;148;5
2026.07.31;16:50:00;182695;182770;182615;182690;66;131;5
2026.07.31;16:55:00;182635;182760;182635;182700;23;47;5
2026.07.31;17:00:00;182765;182800;182440;182440;45;84;5
2026.07.31;17:05:00;182455;182550;182450;182495;26;65;5
2026.07.31;17:10:00;182450;182475;182430;182455;19;27;5
2026.07.31;17:15:00;182450;182590;182450;182575;23;102;5
2026.07.31;17:20:00;182570;182595;182465;182490;123;387;5
2026.07.31;17:25:00;182500;182510;182500;182510;12;26;5
2026.07.31;17:30:00;182490;182490;182380;182395;23;36;5
2026.07.31;17:35:00;182420;182475;182410;182440;8;13;5
2026.07.31;17:40:00;182450;182490;182450;182460;19;33;5
2026.07.31;17:45:00;182520;182565;182440;182440;12;17;5
2026.07.31;17:50:00;182445;182445;182280;182330;59;92;5
2026.07.31;17:55:00;182355;182355;182190;182275;40;69;5
2026.07.31;18:00:00;182265;182365;182265;182320;19;36;5
2026.07.31;18:05:00;182320;182455;182320;182325;26;91;5
2026.07.31;18:10:00;182330;182380;182280;182345;19;42;5
2026.07.31;18:15:00;182365;182410;182340;182340;15;40;5
2026.07.31;18:20:00;182385;182415;182265;182415;39;381;5
2026.08.03;09:00:00;182810;183295;182700;182750;238;765;5
2026.08.03;09:05:00;182635;182650;182130;182340;334;1829;5
2026.08.03;09:10:00;182310;182450;182150;182390;114;264;5
2026.08.03;09:15:00;182400;182690;182370;182560;132;265;5
2026.08.03;09:20:00;182585;182645;182435;182545;71;134;5
2026.08.03;09:25:00;182565;182695;182500;182650;46;76;5
2026.08.03;09:30:00;182620;182905;182590;182700;103;251;5
2026.08.03;09:35:00;182790;183000;182730;182905;55;103;5
2026.08.03;09:40:00;182880;182920;182680;182870;57;110;5
2026.08.03;09:45:00;182845;183060;182830;182960;47;100;5
2026.08.03;09:50:00;182955;183140;182925;183080;69;129;5
2026.08.03;09:55:00;183075;183400;183055;183205;80;183;5
2026.08.03;10:00:00;183195;183355;182860;183070;73;120;5
2026.08.03;10:05:00;182990;183095;182870;182945;39;289;5
2026.08.03;10:10:00;182890;182890;182580;182585;117;345;5
2026.08.03;10:15:00;182515;182560;182060;182105;184;389;5
2026.08.03;10:20:00;182135;182300;181995;182085;47;63;5
2026.08.03;10:25:00;182085;182195;181945;182000;63;121;5
2026.08.03;10:30:00;182000;182355;181725;181725;96;200;5
2026.08.03;10:35:00;181765;181820;181370;181395;155;266;5
2026.08.03;10:40:00;181420;181695;181410;181505;111;260;5
2026.08.03;10:45:00;181430;181760;181350;181500;132;486;5
2026.08.03;10:50:00;181460;181625;181255;181300;74;109;5
2026.08.03;10:55:00;181335;181475;181250;181430;95;413;5
2026.08.03;11:00:00;181380;181445;181160;181245;124;408;5
2026.08.03;11:05:00;181200;181300;181145;181240;68;364;5
2026.08.03;11:10:00;181270;181440;181220;181425;39;58;5
2026.08.03;11:15:00;181380;181400;181260;181270;20;56;5
2026.08.03;11:20:00;181280;181510;181280;181470;43;64;5
2026.08.03;11:25:00;181390;181555;181390;181550;32;134;5
2026.08.03;11:30:00;181575;181715;181495;181715;89;311;5
2026.08.03;11:35:00;181720;181885;181560;181560;86;153;5
2026.08.03;11:40:00;181570;181625;181380;181435;43;80;5
2026.08.03;11:45:00;181400;181590;181400;181590;18;23;5
2026.08.03;11:50:00;181610;181680;181475;181640;28;41;5
2026.08.03;11:55:00;181620;181675;181580;181615;12;13;5
2026.08.03;12:00:00;181555;181625;181485;181625;5;9;5
2026.08.03;12:05:00;181625;181625;181430;181580;18;26;5
2026.08.03;12:10:00;181545;181655;181545;181610;35;46;5
2026.08.03;12:15:00;181625;181735;181600;181735;27;43;5
2026.08.03;12:20:00;181750;181750;181630;181640;10;15;5
2026.08.03;12:25:00;181750;181780;181550;181630;48;121;5
2026.08.03;12:30:00;181630;181630;181470;181490;20;22;5
2026.08.03;12:35:00;181510;181630;181460;181630;12;18;5
2026.08.03;12:40:00;181650;181665;181580;181580;13;15;5
2026.08.03;12:45:00;181605;181710;181605;181705;121;1354;5
2026.08.03;12:50:00;181670;181710;181640;181700;262;1202;5
2026.08.03;12:55:00;181705;181705;181610;181630;15;26;5
2026.08.03;13:00:00;181625;181625;181555;181555;14;14;5
2026.08.03;13:05:00;181540;181565;181540;181565;6;6;5
2026.08.03;13:10:00;181660;181685;181575;181660;12;17;5
2026.08.03;13:15:00;181575;181695;181560;181695;14;30;5
2026.08.03;13:20:00;181700;181725;181655;181680;17;28;5
2026.08.03;13:25:00;181665;181665;181590;181600;12;16;5
2026.08.03;13:35:00;181595;181695;181580;181690;14;28;5
2026.08.03;13:40:00;181670;181670;181610;181610;4;5;5
2026.08.03;13:45:00;181575;181585;181535;181565;17;31;5
2026.08.03;13:50:00;181515;181550;181485;181550;38;163;5
2026.08.03;13:55:00;181575;181610;181575;181610;10;14;5
2026.08.03;14:00:00;181580;181630;181550;181575;12;12;5
2026.08.03;14:05:00;181650;181720;181630;181720;26;74;5
2026.08.03;14:10:00;181725;181905;181725;181880;54;103;5
2026.08.03;14:15:00;181910;181915;181830;181845;18;31;5
2026.08.03;14:20:00;181815;181815;181700;181800;32;44;5
2026.08.03;14:25:00;181800;181840;181800;181840;11;20;5
2026.08.03;14:30:00;181840;181850;181750;181785;25;42;5
2026.08.03;14:35:00;181800;181820;181735;181735;45;112;5
2026.08.03;14:40:00;181735;181890;181710;181885;42;64;5
2026.08.03;14:45:00;181885;181985;181870;181940;80;312;5
2026.08.03;14:50:00;181965;181980;181810;181810;61;243;5
2026.08.03;14:55:00;181860;181895;181770;181770;14;35;5
2026.08.03;15:00:00;181770;181900;181770;181900;27;34;5
2026.08.03;15:05:00;181900;181900;181840;181855;10;18;5
2026.08.03;15:10:00;181900;181995;181875;181960;35;51;5
2026.08.03;15:15:00;181955;182010;181955;182005;32;86;5
2026.08.03;15:20:00;181935;181980;181930;181980;8;12;5
2026.08.03;15:25:00;181990;182060;181985;181985;19;36;5
2026.08.03;15:30:00;181950;181950;181860;181870;12;36;5
2026.08.03;15:35:00;181895;181925;181885;181920;7;24;5
2026.08.03;15:40:00;181910;181910;181790;181845;48;240;5
2026.08.03;15:45:00;181855;181855;181810;181835;12;22;5
2026.08.03;15:50:00;181840;181865;181805;181810;13;22;5
2026.08.03;15:55:00;181840;181890;181830;181830;6;29;5
2026.08.03;16:00:00;181810;181925;181810;181925;20;124;5
2026.08.03;16:05:00;181950;182035;181950;182035;34;98;5
2026.08.03;16:10:00;182050;182100;182040;182090;34;84;5
2026.08.03;16:15:00;182110;182195;182110;182175;54;183;5
2026.08.03;16:20:00;182200;182300;182155;182155;92;217;5
2026.08.03;16:25:00;182165;182220;182150;182190;28;55;5
2026.08.03;16:30:00;182200;182390;182165;182375;79;204;5
2026.08.03;16:35:00;182370;182390;182275;182325;43;155;5
2026.08.03;16:40:00;182340;182340;182205;182210;55;74;5
2026.08.03;16:45:00;182220;182350;182180;182330;42;102;5
2026.08.03;16:50:00;182340;182380;182300;182330;18;68;5
2026.08.03;16:55:00;182340;182340;182255;182255;14;38;5
2026.08.03;17:00:00;182225;182380;182205;182380;40;155;5
2026.08.03;17:05:00;182395;182420;182245;182275;39;148;5
2026.08.03;17:10:00;182205;182295;182205;182290;8;38;5
2026.08.03;17:15:00;182320;182370;182320;182370;9;17;5
2026.08.03;17:20:00;182370;182370;182295;182295;13;22;5
2026.08.03;17:25:00;182330;182350;182325;182340;14;25;5
2026.08.03;17:30:00;182355;182410;182355;182370;24;58;5
2026.08.03;17:35:00;182380;182425;182360;182425;24;46;5
2026.08.03;17:40:00;182400;182510;182375;182500;26;51;5
2026.08.03;17:45:00;182490;182490;182435;182445;8;12;5
2026.08.03;17:50:00;182480;182480;182340;182375;13;23;5
2026.08.03;17:55:00;182385;182390;182250;182300;36;95;5
2026.08.03;18:00:00;182280;182450;182260;182425;13;33;5
2026.08.03;18:05:00;182415;182460;182415;182460;13;34;5
2026.08.03;18:10:00;182460;182460;182425;182425;6;18;5
2026.08.03;18:15:00;182425;182475;182380;182450;14;43;5
2026.08.03;18:20:00;182450;182480;182315;182400;28;131;5
2026.08.04;09:00:00;183025;183430;182450;183330;248;582;5
2026.08.04;09:05:00;183465;184100;183465;183845;319;1007;5
2026.08.04;09:10:00;183835;184100;183750;184000;61;108;5
2026.08.04;09:15:00;184025;184390;184025;184300;124;341;5
2026.08.04;09:20:00;184345;184345;184140;184180;52;114;5
2026.08.04;09:25:00;184220;184360;183880;184285;109;202;5
2026.08.04;09:30:00;184260;184510;184170;184460;78;170;5
2026.08.04;09:35:00;184455;184560;184430;184555;63;125;5
2026.08.04;09:40:00;184500;184650;184425;184560;55;82;5
2026.08.04;09:45:00;184650;184700;184565;184690;47;77;5
2026.08.04;09:50:00;184725;184810;184595;184665;79;116;5
2026.08.04;09:55:00;184695;184725;184400;184425;101;184;5
2026.08.04;10:00:00;184400;185670;184250;184745;662;1954;5
2026.08.04;10:05:00;184750;184875;184670;184720;73;125;5
2026.08.04;10:10:00;184700;185115;184655;184875;153;569;5
2026.08.04;10:15:00;184960;185040;184310;184350;208;657;5
2026.08.04;10:20:00;184345;184445;184085;184085;300;1071;5
2026.08.04;10:25:00;184105;184105;183600;183600;176;311;5
2026.08.04;10:30:00;183650;183840;183205;183230;278;1085;5
2026.08.04;10:35:00;183245;183400;183095;183400;268;994;5
2026.08.04;10:40:00;183400;183575;183130;183255;152;629;5
2026.08.04;10:45:00;183175;183230;182900;183010;78;180;5
2026.08.04;10:50:00;183040;183040;182785;182975;216;839;5
2026.08.04;10:55:00;182930;182930;182555;182720;209;1001;5
2026.08.04;11:00:00;182740;182975;182575;182945;430;1341;5
2026.08.04;11:05:00;182915;182950;182705;182750;162;663;5
2026.08.04;11:10:00;182740;182875;182695;182860;43;91;5
2026.08.04;11:15:00;182800;182855;182715;182760;61;440;5
2026.08.04;11:20:00;182740;182830;182650;182785;87;95;5
2026.08.04;11:25:00;182810;182815;182675;182750;121;643;5
2026.08.04;11:30:00;182770;182890;182770;182850;339;898;5
2026.08.04;11:35:00;182810;183025;182810;182950;196;834;5
2026.08.04;11:40:00;182955;183060;182880;183050;167;674;5
2026.08.04;11:45:00;183060;183100;182965;183070;97;230;5
2026.08.04;11:50:00;183045;183080;182955;183080;51;64;5
2026.08.04;11:55:00;183080;183120;183005;183080;54;128;5
2026.08.04;12:00:00;183060;183275;183020;183270;117;327;5
2026.08.04;12:05:00;183275;183275;183095;183125;74;213;5
2026.08.04;12:10:00;183085;183085;182850;182915;143;745;5
2026.08.04;12:15:00;182900;182955;182810;182810;68;237;5
2026.08.04;12:20:00;182840;182860;182660;182720;128;901;5
2026.08.04;12:25:00;182760;182845;182735;182840;166;774;5
2026.08.04;12:30:00;182860;182890;182705;182710;58;119;5
2026.08.04;12:35:00;182770;182855;182695;182775;124;758;5
2026.08.04;12:40:00;182685;182795;182685;182700;98;617;5
2026.08.04;12:45:00;182695;182775;182695;182775;29;78;5
2026.08.04;12:50:00;182780;182840;182750;182805;61;340;5
2026.08.04;12:55:00;182840;182840;182745;182750;22;118;5
2026.08.04;13:00:00;182760;182790;182700;182765;17;29;5
2026.08.04;13:05:00;182750;182750;182735;182735;8;20;5
2026.08.04;13:10:00;182710;182740;182515;182545;205;870;5
2026.08.04;13:15:00;182540;182625;182540;182590;208;935;5
2026.08.04;13:20:00;182580;182710;182580;182695;112;919;5
2026.08.04;13:25:00;182690;182690;182400;182400;126;457;5
2026.08.04;13:30:00;182400;182430;182075;182165;452;2154;5
2026.08.04;13:35:00;182135;182360;182135;182360;47;105;5
2026.08.04;13:40:00;182335;182465;182290;182465;157;1105;5
2026.08.04;13:45:00;182445;182550;182410;182550;158;814;5
2026.08.04;13:50:00;182565;182705;182535;182690;79;139;5
2026.08.04;13:55:00;182665;182665;182555;182625;20;26;5
2026.08.04;14:00:00;182600;182690;182525;182690;49;152;5
2026.08.04;14:05:00;182695;182735;182625;182625;79;211;5
2026.08.04;14:10:00;182595;182670;182580;182670;53;96;5
2026.08.04;14:15:00;182650;182710;182590;182690;28;40;5
2026.08.04;14:20:00;182695;182695;182650;182650;18;119;5
2026.08.04;14:25:00;182635;182655;182555;182610;47;100;5
2026.08.04;14:30:00;182585;182650;182575;182580;46;209;5
2026.08.04;14:35:00;182630;182725;182625;182645;49;184;5
2026.08.04;14:40:00;182680;182695;182640;182665;20;62;5
2026.08.04;14:45:00;182630;182735;182630;182630;21;30;5
2026.08.04;14:50:00;182660;182670;182215;182245;316;1369;5
2026.08.04;14:55:00;182250;182345;182170;182250;185;908;5
2026.08.04;15:00:00;182210;182210;181880;181890;451;2515;5
2026.08.04;15:05:00;181925;182030;181900;181990;163;1108;5
2026.08.04;15:10:00;181990;182165;181880;182035;378;2037;5
2026.08.04;15:15:00;182050;182065;181820;181890;222;1190;5
2026.08.04;15:20:00;181815;181915;181775;181900;107;303;5
2026.08.04;15:25:00;181900;181945;181810;181915;112;372;5
2026.08.04;15:30:00;181950;182150;181950;182040;287;1523;5
2026.08.04;15:35:00;182065;182070;181940;182015;257;1079;5
2026.08.04;15:40:00;182010;182085;181975;182035;123;800;5
2026.08.04;15:45:00;182100;182110;182010;182025;81;467;5
2026.08.04;15:50:00;182020;182220;182020;182160;127;750;5
2026.08.04;15:55:00;182205;182260;182090;182120;161;619;5
2026.08.04;16:00:00;182175;182190;182105;182155;54;97;5
2026.08.04;16:05:00;182205;182205;182030;182170;30;45;5
2026.08.04;16:10:00;182160;182160;182035;182035;15;18;5
2026.08.04;16:15:00;182050;182160;182050;182160;36;59;5
2026.08.04;16:20:00;182175;182185;182110;182115;23;44;5
2026.08.04;16:25:00;182125;182175;182025;182175;38;71;5
2026.08.04;16:30:00;182180;182180;182025;182035;33;86;5
2026.08.04;16:35:00;182055;182090;182025;182070;21;66;5
2026.08.04;16:40:00;182095;182125;182060;182125;33;80;5
2026.08.04;16:45:00;182080;182100;182050;182085;11;11;5
2026.08.04;16:50:00;182100;182100;182005;182030;71;299;5
2026.08.04;16:55:00;182015;182050;181935;181985;114;245;5
2026.08.04;17:00:00;181980;182230;181935;182160;114;536;5
2026.08.04;17:05:00;182160;182235;182135;182150;159;495;5
2026.08.04;17:10:00;182135;182135;182030;182065;185;973;5
2026.08.04;17:15:00;182035;182075;182000;182035;65;276;5
2026.08.04;17:20:00;182050;182075;181965;182000;57;221;5
2026.08.04;17:25:00;182040;182080;182040;182055;11;44;5
2026.08.04;17:30:00;182080;182080;182025;182035;119;612;5
2026.08.04;17:35:00;182000;182065;182000;182025;27;48;5
2026.08.04;17:40:00;181970;182035;181970;181990;13;58;5
2026.08.04;17:45:00;181995;182030;181970;182030;12;26;5
2026.08.04;17:50:00;182015;182035;181980;182035;6;18;5
2026.08.04;17:55:00;182035;182080;182015;182075;19;46;5
2026.08.04;18:00:00;182065;182070;182025;182040;5;6;5
2026.08.04;18:05:00;182035;182075;182000;182035;20;31;5
2026.08.04;18:10:00;182010;182040;182005;182015;15;32;5
2026.08.04;18:15:00;182020;182050;182005;182050;27;42;5
2026.08.04;18:20:00;182060;182095;181955;181955;56;295;5
2026.08.05;09:00:00;182530;183175;182455;182975;521;1599;5
2026.08.05;09:05:00;183000;183050;182480;182740;321;920;5
2026.08.05;09:10:00;182760;182900;182610;182795;105;201;5
2026.08.05;09:15:00;182855;183135;182795;183100;216;383;5
2026.08.05;09:20:00;183075;183265;182900;183265;212;291;5
2026.08.05;09:25:00;183230;183250;182990;183250;61;70;5
2026.08.05;09:30:00;183250;183380;182970;183230;150;239;5
2026.08.05;09:35:00;183225;183315;183180;183225;94;290;5
2026.08.05;09:40:00;183295;183295;183100;183250;15;23;5
2026.08.05;09:45:00;183230;183405;183230;183360;133;319;5
2026.08.05;09:50:00;183370;183505;183345;183455;89;292;5
2026.08.05;09:55:00;183470;183565;183350;183405;98;311;5
2026.08.05;10:00:00;183345;183365;182900;183050;465;1839;5
2026.08.05;10:05:00;182995;183120;182755;182940;95;180;5
2026.08.05;10:10:00;182940;183365;182915;183265;97;206;5
2026.08.05;10:15:00;183240;183595;183165;183490;136;250;5
2026.08.05;10:20:00;183475;183780;183475;183675;159;330;5
2026.08.05;10:25:00;183785;183885;183425;183425;190;401;5
2026.08.05;10:30:00;183415;183740;183130;183200;229;339;5
2026.08.05;10:35:00;183175;183750;183145;183700;197;435;5
2026.08.05;10:40:00;183605;183720;183315;183315;110;173;5
2026.08.05;10:45:00;183300;183300;183070;183175;138;246;5
2026.08.05;10:50:00;183170;183540;183015;183490;174;323;5
2026.08.05;10:55:00;183490;183700;183475;183545;89;150;5
2026.08.05;11:00:00;183525;183840;183310;183810;264;674;5
2026.08.05;11:05:00;183845;184220;183845;184180;229;955;5
2026.08.05;11:10:00;184235;184460;184170;184170;221;572;5
2026.08.05;11:15:00;184125;184125;183840;184050;216;546;5
2026.08.05;11:20:00;184050;184090;183520;183530;159;333;5
2026.08.05;11:25:00;183510;183510;182885;182910;276;862;5
2026.08.05;11:30:00;182935;183110;182860;182980;112;188;5
2026.08.05;11:35:00;183010;183340;183010;183190;147;693;5
2026.08.05;11:40:00;183140;183200;183025;183070;47;67;5
2026.08.05;11:45:00;183140;183315;183100;183250;51;71;5
2026.08.05;11:50:00;183265;183340;182880;183040;67;88;5
2026.08.05;11:55:00;182965;183090;182860;183020;39;57;5
2026.08.05;12:00:00;182955;183250;182950;183160;71;136;5
2026.08.05;12:05:00;183160;183230;183065;183065;16;31;5
2026.08.05;12:10:00;183165;183210;183075;183125;10;11;5
2026.08.05;12:15:00;183110;183110;182905;183030;60;122;5
2026.08.05;12:20:00;183040;183145;182995;183025;23;36;5
2026.08.05;12:25:00;182970;183000;182900;182945;24;42;5
2026.08.05;12:30:00;182980;183020;182800;182805;42;47;5
2026.08.05;12:35:00;182790;182870;182750;182830;53;122;5
2026.08.05;12:40:00;182805;182825;182600;182600;152;774;5
2026.08.05;12:45:00;182580;182585;182485;182560;119;450;5
2026.08.05;12:50:00;182620;182770;182610;182770;76;177;5
2026.08.05;12:55:00;182730;182760;182655;182735;92;238;5
2026.08.05;13:00:00;182710;182780;182570;182585;447;113;5
2026.08.05;13:05:00;182570;182650;182520;182555;62;91;5
2026.08.05;13:10:00;182510;182635;182490;182570;83;227;5
2026.08.05;13:15:00;182560;182625;182510;182560;22;26;5
2026.08.05;13:20:00;182650;182735;182630;182630;25;46;5
2026.08.05;13:25:00;182595;182710;182595;182670;16;22;5
2026.08.05;13:30:00;182640;182685;182595;182630;49;160;5
2026.08.05;13:35:00;182620;182655;182580;182615;88;140;5
2026.08.05;13:40:00;182620;182645;182575;182580;34;53;5
2026.08.05;13:45:00;182595;182610;182540;182575;30;55;5
2026.08.05;13:50:00;182590;182650;182560;182625;34;33;5
2026.08.05;13:55:00;182620;182620;182380;182480;112;164;5
2026.08.05;14:00:00;182490;182585;182440;182475;81;186;5
2026.08.05;14:05:00;182510;182575;182430;182430;33;67;5
2026.08.05;14:10:00;182410;182520;182400;182440;59;149;5
2026.08.05;14:15:00;182495;182500;182220;182260;128;179;5
2026.08.05;14:20:00;182235;182325;182150;182180;147;581;5
2026.08.05;14:25:00;182220;182335;182145;182315;64;119;5
2026.08.05;14:30:00;182305;182470;182295;182445;143;203;5
2026.08.05;14:35:00;182470;182565;182435;182505;113;235;5
2026.08.05;14:40:00;182550;182585;182460;182530;48;98;5
2026.08.05;14:45:00;182545;182575;182400;182435;38;85;5
2026.08.05;14:50:00;182440;182530;182435;182500;30;56;5
2026.08.05;14:55:00;182480;182480;182350;182350;38;82;5
2026.08.05;15:00:00;182335;182430;182300;182430;27;53;5
2026.08.05;15:05:00;182450;182470;182385;182385;17;19;5
2026.08.05;15:10:00;182425;182520;182425;182470;37;82;5
2026.08.05;15:15:00;182470;182510;182440;182480;19;41;5
2026.08.05;15:20:00;182465;182540;182465;182540;30;58;5
2026.08.05;15:25:00;182550;182560;182495;182540;38;57;5
2026.08.05;15:30:00;182500;182500;182310;182325;67;108;5
2026.08.05;15:35:00;182340;182390;182300;182300;16;16;5
2026.08.05;15:40:00;182350;182370;182295;182310;43;76;5
2026.08.05;15:45:00;182385;182415;182350;182400;21;24;5
2026.08.05;15:50:00;182420;182445;182300;182300;43;55;5
2026.08.05;15:55:00;182300;182370;182205;182220;79;141;5
2026.08.05;16:00:00;182205;182235;182005;182165;210;319;5
2026.08.05;16:05:00;182155;182195;182100;182140;61;82;5
2026.08.05;16:10:00;182125;182170;182065;182130;46;59;5
2026.08.05;16:15:00;182125;182240;182125;182180;41;126;5
2026.08.05;16:20:00;182200;182210;182125;182170;21;30;5
2026.08.05;16:25:00;182170;182220;182110;182110;20;48;5
2026.08.05;16:30:00;182110;182110;181965;182020;129;222;5
2026.08.05;16:35:00;182005;182040;181980;181980;80;14;5
2026.08.05;16:40:00;181960;182020;181920;181930;102;320;5
2026.08.05;16:45:00;181920;181920;181830;181880;81;129;5
2026.08.05;16:50:00;181870;181915;181820;181915;31;54;5
2026.08.05;16:55:00;181935;181950;181790;181790;79;151;5
2026.08.05;17:00:00;181780;181960;181780;181930;59;83;5
2026.08.05;17:05:00;181905;181990;181875;181960;59;181;5
2026.08.05;17:10:00;181975;182055;181965;182030;117;570;5
2026.08.05;17:15:00;182030;182030;181900;181900;30;52;5
2026.08.05;17:20:00;181925;181925;181825;181875;43;70;5
2026.08.05;17:25:00;181885;181900;181845;181880;24;32;5
2026.08.05;17:30:00;181900;181940;181900;181900;32;69;5
2026.08.05;17:40:00;181895;181895;181855;181870;11;16;5
2026.08.05;17:45:00;181870;181880;181845;181880;25;67;5
2026.08.05;17:50:00;181890;181900;181865;181865;8;8;5
2026.08.05;17:55:00;181870;181895;181870;181875;22;51;5
2026.08.05;18:00:00;181865;181880;181815;181825;321;264;5
2026.08.05;18:05:00;181825;181840;181820;181820;6;16;5
2026.08.05;18:10:00;181840;181840;181790;181790;20;65;5
2026.08.05;18:15:00;181780;181900;181780;181895;59;439;5
2026.08.05;18:20:00;181900;181945;181865;181945;50;461;5
2026.08.06;09:00:00;182170;182400;181170;181260;646;2242;5
2026.08.06;09:05:00;181150;181310;180590;180860;524;1419;5
2026.08.06;09:10:00;180725;180920;180560;180910;113;365;5
2026.08.06;09:15:00;180785;180835;180375;180450;248;844;5
2026.08.06;09:20:00;180420;180585;180340;180495;179;1386;5
2026.08.06;09:25:00;180505;180830;180420;180580;271;1056;5
2026.08.06;09:30:00;180545;180665;180195;180555;214;769;5
2026.08.06;09:35:00;180585;180585;180400;180520;60;141;5
2026.08.06;09:40:00;180555;180630;180490;180535;73;139;5
2026.08.06;09:45:00;180535;180700;180455;180545;119;298;5
2026.08.06;09:50:00;180515;180625;180500;180605;45;69;5
2026.08.06;09:55:00;180630;180730;180535;180690;76;142;5
2026.08.06;10:00:00;180700;180750;180285;180520;499;1566;5
2026.08.06;10:05:00;180480;180865;180470;180820;327;968;5
2026.08.06;10:10:00;180790;181120;180785;180865;220;464;5
2026.08.06;10:15:00;181000;181400;180890;181375;269;870;5
2026.08.06;10:20:00;181310;181580;181280;181425;176;482;5
2026.08.06;10:25:00;181440;181475;181045;181275;240;823;5
2026.08.06;10:30:00;181215;181235;180750;180935;437;1724;5
2026.08.06;10:35:00;180920;181180;180650;180910;434;1175;5
2026.08.06;10:40:00;180905;181080;180685;180685;192;503;5
2026.08.06;10:45:00;180685;180800;180520;180750;281;519;5
2026.08.06;10:50:00;180765;180990;180660;180725;276;595;5
2026.08.06;10:55:00;180685;180815;180500;180700;186;414;5
2026.08.06;11:00:00;180685;180715;180425;180605;567;727;5
2026.08.06;11:05:00;180625;180800;180425;180470;170;251;5
2026.08.06;11:10:00;180495;180650;180450;180475;176;251;5
2026.08.06;11:15:00;180460;180540;180360;180470;232;360;5
2026.08.06;11:20:00;180470;180635;180370;180630;237;324;5
2026.08.06;11:25:00;180610;180640;180490;180605;140;157;5
2026.08.06;11:30:00;180610;180890;180530;180890;227;482;5
2026.08.06;11:35:00;180875;181090;180800;180915;322;906;5
2026.08.06;11:40:00;180915;181180;180905;181095;138;157;5
2026.08.06;11:45:00;181090;181225;181030;181125;134;211;5
2026.08.06;11:50:00;181115;181265;181115;181195;96;134;5
2026.08.06;11:55:00;181190;181215;180835;180835;193;286;5
2026.08.06;12:00:00;180870;181010;180780;180980;141;204;5
2026.08.06;12:05:00;181020;181080;180810;180815;121;169;5
2026.08.06;12:10:00;180835;180880;180650;180700;123;185;5
2026.08.06;12:15:00;180700;180735;180535;180720;215;528;5
2026.08.06;12:20:00;180735;180750;180540;180750;97;138;5
2026.08.06;12:25:00;180725;180730;180635;180670;56;76;5
2026.08.06;12:30:00;180710;180720;180505;180505;81;92;5
2026.08.06;12:35:00;180500;180535;180450;180470;82;110;5
2026.08.06;12:40:00;180445;180445;180295;180325;167;575;5
2026.08.06;12:45:00;180350;180430;180340;180375;132;150;5
2026.08.06;12:50:00;180380;180565;180300;180300;193;342;5
2026.08.06;12:55:00;180315;180370;180210;180260;180;354;5
2026.08.06;13:00:00;180265;180335;180190;180245;218;629;5
2026.08.06;13:05:00;180245;180270;180125;180175;162;456;5
2026.08.06;13:10:00;180160;180175;179955;180000;222;619;5
2026.08.06;13:15:00;180005;180065;179965;180065;120;167;5
2026.08.06;13:20:00;180000;180070;179950;179975;261;226;5
2026.08.06;13:25:00;179985;180050;179960;180025;196;497;5
2026.08.06;13:30:00;180010;180180;180010;180115;171;643;5
2026.08.06;13:35:00;180130;180160;180010;180070;131;410;5
2026.08.06;13:40:00;180065;180065;179980;180015;81;194;5
2026.08.06;13:45:00;180015;180030;179920;179945;388;465;5
2026.08.06;13:50:00;179935;179970;179870;179955;256;434;5
2026.08.06;13:55:00;179970;179995;179935;179955;88;272;5
2026.08.06;14:00:00;179950;179980;179900;179905;134;326;5
2026.08.06;14:05:00;179915;179925;179825;179855;272;862;5
2026.08.06;14:10:00;179865;179950;179865;179940;174;673;5
2026.08.06;14:15:00;179945;179955;179835;179865;162;359;5
2026.08.06;14:20:00;179865;179950;179850;179935;134;371;5
2026.08.06;14:25:00;179940;179975;179845;179900;205;642;5
2026.08.06;14:30:00;179910;179940;179875;179930;123;418;5
2026.08.06;14:35:00;179930;180085;179920;180070;294;716;5
2026.08.06;14:40:00;180075;180115;180020;180060;159;356;5
2026.08.06;14:45:00;180060;180140;180055;180105;184;378;5
2026.08.06;14:50:00;180115;180210;180095;180145;112;264;5
2026.08.06;14:55:00;180150;180220;180115;180155;142;322;5
2026.08.06;15:00:00;180155;180155;180020;180020;152;351;5
2026.08.06;15:05:00;180010;180050;179935;180005;149;352;5
2026.08.06;15:10:00;180015;180075;179940;179980;114;212;5
2026.08.06;15:15:00;179970;180050;179915;180025;162;461;5
2026.08.06;15:20:00;180025;180055;179995;180030;70;91;5
2026.08.06;15:25:00;180000;180075;179990;180065;96;139;5
2026.08.06;15:30:00;180080;180125;180015;180050;112;185;5
2026.08.06;15:35:00;180060;180190;180035;180180;127;199;5
2026.08.06;15:40:00;180190;180190;180085;180130;80;119;5
2026.08.06;15:45:00;180135;180165;180120;180120;69;96;5
2026.08.06;15:50:00;180105;180140;180035;180050;91;106;5
2026.08.06;15:55:00;180060;180080;180000;180000;58;89;5
2026.08.06;16:00:00;180005;180060;179900;180045;146;312;5
2026.08.06;16:05:00;180035;180100;180005;180060;81;110;5
2026.08.06;16:10:00;180055;180055;179920;179920;118;207;5
2026.08.06;16:15:00;179940;179965;179910;179950;102;174;5
2026.08.06;16:20:00;179955;179955;179795;179810;160;315;5
2026.08.06;16:25:00;179810;179815;179685;179720;217;446;5
2026.08.06;16:30:00;179725;179800;179650;179685;141;227;5
2026.08.06;16:35:00;179690;179720;179620;179660;126;189;5
2026.08.06;16:40:00;179650;179650;179505;179525;121;203;5
2026.08.06;16:45:00;179530;179555;179460;179520;214;347;5
2026.08.06;16:50:00;179515;179665;179450;179615;232;425;5
2026.08.06;16:55:00;179610;179645;179595;179595;84;110;5
2026.08.06;17:00:00;179595;179595;179515;179585;127;376;5
2026.08.06;17:05:00;179575;179600;179525;179540;25;39;5
2026.08.06;17:10:00;179565;179565;179400;179475;140;392;5
2026.08.06;17:15:00;179435;179440;179350;179365;104;260;5
2026.08.06;17:20:00;179355;179355;179250;179250;106;184;5
2026.08.06;17:25:00;179275;179330;179250;179330;50;122;5
2026.08.06;17:30:00;179310;179315;179225;179225;105;550;5
2026.08.06;17:35:00;179220;179285;179215;179235;24;60;5
2026.08.06;17:40:00;179250;179345;179250;179315;242;853;5
2026.08.06;17:45:00;179305;179335;179275;179290;35;77;5
2026.08.06;17:50:00;179300;179375;179270;179345;41;96;5
2026.08.06;17:55:00;179320;179355;179310;179340;34;136;5
2026.08.06;18:00:00;179315;179365;179275;179330;21;34;5
2026.08.06;18:05:00;179300;179355;179280;179340;19;65;5
2026.08.06;18:10:00;179320;179330;179285;179315;19;49;5
2026.08.06;18:15:00;179305;179400;179285;179400;46;167;5
2026.08.06;18:20:00;179400;179455;179395;179450;52;153;5
2026.08.07;09:00:00;180070;180485;179685;179935;1972;4898;5
2026.08.07;09:05:00;179925;179940;179495;179545;1542;3470;5
2026.08.07;09:10:00;179555;179615;179460;179495;726;1293;5
2026.08.07;09:15:00;179505;179505;179165;179220;1158;2043;5
2026.08.07;09:20:00;179220;179325;179100;179185;664;1059;5
2026.08.07;09:25:00;179180;179290;179035;179085;575;886;5
2026.08.07;09:30:00;179115;179805;178945;179630;762;1661;5
2026.08.07;09:35:00;179645;179755;179475;179710;612;1044;5
2026.08.07;09:40:00;179675;179845;179615;179770;709;772;5
2026.08.07;09:45:00;179765;179885;179710;179815;390;550;5
2026.08.07;09:50:00;179800;179950;179735;179920;494;734;5
2026.08.07;09:55:00;179935;180065;179800;179800;300;363;5
2026.08.07;10:00:00;179820;179965;179655;179845;822;1075;5
2026.08.07;10:05:00;179845;179945;179455;179640;793;1337;5
2026.08.07;10:10:00;179615;179650;179450;179630;615;960;5
2026.08.07;10:15:00;179595;179705;179530;179580;560;732;5
2026.08.07;10:20:00;179565;179940;179565;179640;907;1335;5
2026.08.07;10:25:00;179650;179660;179470;179520;597;910;5
2026.08.07;10:30:00;179525;179530;178935;179185;1439;2373;5
2026.08.07;10:35:00;179155;179225;178775;178985;1144;1764;5
2026.08.07;10:40:00;178970;179075;178820;178910;767;935;5
2026.08.07;10:45:00;178895;178975;178675;178730;1368;2726;5
2026.08.07;10:50:00;178755;178780;178470;178550;968;1560;5
2026.08.07;10:55:00;178555;178570;178370;178450;591;1036;5
2026.08.07;11:00:00;178460;178485;177950;177980;929;1768;5
2026.08.07;11:05:00;177990;178010;177685;177735;870;1606;5
2026.08.07;11:10:00;177715;177910;177650;177770;731;1433;5
2026.08.07;11:15:00;177755;177850;177710;177740;750;920;5
2026.08.07;11:20:00;177730;177755;177465;177555;1319;2271;5
2026.08.07;11:25:00;177570;177580;177395;177425;481;743;5
2026.08.07;11:30:00;177410;177450;177220;177405;532;642;5
2026.08.07;11:35:00;177395;177460;177235;177290;492;1003;5
2026.08.07;11:40:00;177290;177315;177120;177155;636;1015;5
2026.08.07;11:45:00;177155;177190;176995;177020;507;676;5
2026.08.07;11:50:00;177000;177035;176835;176990;402;681;5
2026.08.07;11:55:00;177000;177000;176765;176830;490;398;5
2026.08.07;12:00:00;176835;176920;176705;176720;441;318;5
2026.08.07;12:05:00;176705;176710;176365;176400;1689;6062;5
2026.08.07;12:10:00;176405;176640;176305;176635;652;1609;5
2026.08.07;12:15:00;176630;176720;176420;176645;473;661;5
2026.08.07;12:20:00;176650;176820;176640;176800;831;1688;5
2026.08.07;12:25:00;176800;176940;176770;176885;288;264;5
2026.08.07;12:30:00;176885;176900;176735;176815;444;840;5
2026.08.07;12:35:00;176860;176945;176825;176850;373;468;5
2026.08.07;12:40:00;176855;176905;176760;176865;375;291;5
2026.08.07;12:45:00;176855;176910;176625;176680;421;441;5
2026.08.07;12:50:00;176665;176670;176560;176565;349;354;5
2026.08.07;12:55:00;176565;176660;176505;176575;379;342;5
2026.08.07;13:00:00;176580;176715;176550;176680;173;260;5
2026.08.07;13:05:00;176690;176690;176570;176580;161;152;5
2026.08.07;13:10:00;176585;176725;176570;176670;464;626;5
2026.08.07;13:15:00;176675;176740;176620;176725;300;618;5
2026.08.07;13:20:00;176730;176770;176490;176510;544;1300;5
2026.08.07;13:25:00;176505;176540;176425;176475;464;841;5
2026.08.07;13:30:00;176475;176475;176190;176270;701;1655;5
2026.08.07;13:35:00;176275;176400;176220;176395;353;1052;5
2026.08.07;13:40:00;176395;176460;176305;176340;299;346;5
2026.08.07;13:45:00;176330;176410;176300;176355;205;199;5
2026.08.07;13:50:00;176350;176400;176320;176365;125;97;5
2026.08.07;13:55:00;176360;176425;176340;176400;156;217;5
2026.08.07;14:00:00;176415;176495;176325;176345;314;1021;5
2026.08.07;14:05:00;176355;176430;176355;176405;246;557;5
2026.08.07;14:10:00;176420;176450;176355;176410;265;679;5
2026.08.07;14:15:00;176390;176430;176340;176395;112;82;5
2026.08.07;14:20:00;176420;176420;176360;176365;133;98;5
2026.08.07;14:25:00;176365;176435;176350;176425;152;282;5
2026.08.07;14:30:00;176425;176465;176300;176315;176;325;5
2026.08.07;14:35:00;176320;176365;176240;176350;477;1005;5
2026.08.07;14:40:00;176350;176460;176340;176380;461;878;5
2026.08.07;14:45:00;176400;176400;176350;176355;146;111;5
2026.08.07;14:50:00;176375;176450;176355;176450;164;437;5
2026.08.07;14:55:00;176445;176450;176350;176425;148;207;5
2026.08.07;15:00:00;176430;176430;176320;176335;273;531;5
2026.08.07;15:05:00;176330;176380;176325;176350;119;144;5
2026.08.07;15:10:00;176355;176365;176260;176285;408;840;5
2026.08.07;15:15:00;176270;176290;176200;176265;541;657;5
2026.08.07;15:20:00;176265;176330;176235;176320;434;756;5
2026.08.07;15:25:00;176325;176420;176285;176340;568;1175;5
2026.08.07;15:30:00;176355;176400;176325;176345;448;661;5
2026.08.07;15:35:00;176335;176370;176230;176345;538;711;5
2026.08.07;15:40:00;176345;176345;176200;176205;238;276;5
2026.08.07;15:45:00;176210;176250;176070;176170;480;679;5
2026.08.07;15:50:00;176165;176210;175895;175985;578;1576;5
2026.08.07;15:55:00;175980;175985;175855;175975;306;371;5
2026.08.07;16:00:00;175985;176130;175955;176090;420;1136;5
2026.08.07;16:05:00;176100;176225;176100;176190;297;1033;5
2026.08.07;16:10:00;176190;176190;176130;176130;174;263;5
2026.08.07;16:15:00;176120;176250;176100;176190;314;387;5
2026.08.07;16:20:00;176210;176270;176140;176160;322;503;5
2026.08.07;16:25:00;176175;176180;176045;176135;133;144;5
2026.08.07;16:30:00;176130;176390;176130;176350;723;1113;5
2026.08.07;16:35:00;176350;176350;176260;176285;386;551;5
2026.08.07;16:40:00;176290;176310;176240;176245;254;325;5
2026.08.07;16:45:00;176245;176305;176195;176260;971;1322;5
2026.08.07;16:50:00;176275;176325;176215;176260;290;311;5
2026.08.07;16:55:00;176270;176275;176210;176225;332;352;5
2026.08.07;17:00:00;176230;176245;176120;176170;850;698;5
2026.08.07;17:05:00;176160;176200;176075;176085;575;655;5
2026.08.07;17:10:00;176085;176115;176050;176105;469;517;5
2026.08.07;17:15:00;176105;176155;176055;176090;264;333;5
2026.08.07;17:20:00;176090;176090;175990;176015;234;532;5
2026.08.07;17:25:00;176020;176035;175980;175990;146;260;5
2026.08.07;17:30:00;175980;176020;175945;176000;205;403;5
2026.08.07;17:35:00;176005;176045;176000;176005;275;542;5
2026.08.07;17:40:00;176025;176035;175955;175955;235;1135;5
2026.08.07;17:45:00;175960;176040;175950;176025;39;46;5
2026.08.07;17:50:00;176015;176100;176005;176040;98;283;5
2026.08.07;17:55:00;176030;176110;176020;176080;60;158;5
2026.08.07;18:00:00;176085;176085;176015;176055;69;118;5
2026.08.07;18:05:00;176075;176080;175890;175980;126;1274;5
2026.08.07;18:10:00;175980;176015;175950;176005;170;280;5
2026.08.07;18:15:00;176035;176075;175980;176035;52;107;5
2026.08.07;18:20:00;176060;176195;176050;176195;140;587;5
2026.08.10;09:00:00;176595;177260;176325;176905;2338;5575;5
2026.08.10;09:05:00;176910;177140;176670;176745;2858;5821;5
2026.08.10;09:10:00;176755;176755;176545;176585;1324;2798;5
2026.08.10;09:15:00;176570;176610;176245;176275;1557;4154;5
2026.08.10;09:20:00;176285;176685;176275;176450;1662;4930;5
2026.08.10;09:25:00;176460;176525;176365;176480;909;1621;5
2026.08.10;09:30:00;176510;176770;176505;176570;1195;2223;5
2026.08.10;09:35:00;176560;176730;176460;176575;1127;2627;5
2026.08.10;09:40:00;176580;176620;176500;176550;505;931;5
2026.08.10;09:45:00;176555;176625;176430;176475;703;1150;5
2026.08.10;09:50:00;176465;176525;176445;176485;574;1172;5
2026.08.10;09:55:00;176475;176605;176415;176455;882;2079;5
2026.08.10;10:00:00;176470;176470;176145;176290;1606;3769;5
2026.08.10;10:05:00;176270;176520;176160;176320;1516;2802;5
2026.08.10;10:10:00;176325;176455;176240;176330;945;1695;5
2026.08.10;10:15:00;176335;176455;176270;176345;864;1460;5
2026.08.10;10:20:00;176335;176695;176300;176405;1519;2911;5
2026.08.10;10:25:00;176390;176440;176275;176360;896;904;5
2026.08.10;10:30:00;176330;176375;175980;176320;2487;5257;5
2026.08.10;10:35:00;176325;176615;176225;176445;1818;2461;5
2026.08.10;10:40:00;176445;176595;176170;176185;1903;3345;5
2026.08.10;10:45:00;176195;176210;175970;175990;1621;2477;5
2026.08.10;10:50:00;175995;176100;175850;175990;2076;3971;5
2026.08.10;10:55:00;175995;175995;175355;175485;1792;3910;5
2026.08.10;11:00:00;175490;175580;175215;175275;1613;3056;5
2026.08.10;11:05:00;175275;175560;175225;175435;1376;2578;5
2026.08.10;11:10:00;175425;175715;175400;175680;1456;2653;5
2026.08.10;11:15:00;175680;175760;175435;175565;1426;2960;5
2026.08.10;11:20:00;175560;175645;175390;175505;1410;2816;5
2026.08.10;11:25:00;175515;175585;175430;175500;1022;1355;5
2026.08.10;11:30:00;175495;175815;175400;175790;1565;2382;5
2026.08.10;11:35:00;175775;175950;175775;175830;1331;1960;5
2026.08.10;11:40:00;175865;176025;175760;176010;1517;2579;5
2026.08.10;11:45:00;176000;176260;175965;176135;1527;3733;5
2026.08.10;11:50:00;176140;176170;175860;175895;1520;3389;5
2026.08.10;11:55:00;175880;176100;175780;175980;1185;2096;5
2026.08.10;12:00:00;175985;176025;175855;175915;981;656;5
2026.08.10;12:05:00;175920;176005;175775;175835;966;652;5
2026.08.10;12:10:00;175845;176010;175735;176000;1402;3353;5
2026.08.10;12:15:00;176000;176055;175900;176030;1351;1551;5
2026.08.10;12:20:00;176025;176150;176005;176005;1334;1766;5
2026.08.10;12:25:00;176020;176375;176020;176215;1565;3056;5
2026.08.10;12:30:00;176230;176230;175865;175895;1034;2184;5
2026.08.10;12:35:00;175890;175960;175860;175905;602;685;5
2026.08.10;12:40:00;175900;175930;175790;175870;710;1513;5
2026.08.10;12:45:00;175865;175920;175805;175900;521;804;5
2026.08.10;12:50:00;175915;175940;175850;175905;792;1055;5
2026.08.10;12:55:00;175915;175930;175815;175815;568;546;5
2026.08.10;13:00:00;175815;175835;175740;175760;765;1035;5
2026.08.10;13:05:00;175755;175950;175715;175915;706;1486;5
2026.08.10;13:10:00;175920;175935;175845;175865;548;600;5
2026.08.10;13:15:00;175865;176005;175815;176000;970;1711;5
2026.08.10;13:20:00;175990;176035;175840;175880;886;1319;5
2026.08.10;13:25:00;175880;175900;175780;175895;731;846;5
2026.08.10;13:30:00;175895;175915;175735;175870;1027;1744;5
2026.08.10;13:35:00;175875;175955;175855;175900;842;914;5
2026.08.10;13:40:00;175900;175905;175770;175805;836;687;5
2026.08.10;13:45:00;175800;176100;175790;176090;821;2546;5
2026.08.10;13:50:00;176085;176130;176025;176045;1178;2342;5
2026.08.10;13:55:00;176040;176110;176015;176040;708;787;5
2026.08.10;14:00:00;176040;176060;175905;175910;592;1138;5
2026.08.10;14:05:00;175915;175940;175790;175810;898;1639;5
2026.08.10;14:10:00;175805;175850;175655;175805;1080;2433;5
2026.08.10;14:15:00;175810;175855;175755;175830;775;2159;5
2026.08.10;14:20:00;175835;175860;175760;175805;639;1165;5
2026.08.10;14:25:00;175815;175815;175700;175780;751;1160;5
2026.08.10;14:30:00;175780;175995;175780;175865;949;1895;5
2026.08.10;14:35:00;175870;175945;175800;175820;703;872;5
2026.08.10;14:40:00;175835;175905;175795;175860;583;680;5
2026.08.10;14:45:00;175840;175865;175785;175840;720;894;5
2026.08.10;14:50:00;175835;175915;175825;175845;601;818;5
2026.08.10;14:55:00;175855;176115;175850;176025;800;1439;5
2026.08.10;15:00:00;176030;176110;175950;176085;640;671;5
2026.08.10;15:05:00;176075;176160;176040;176100;764;1735;5
2026.08.10;15:10:00;176100;176155;176040;176070;648;933;5
2026.08.10;15:15:00;176055;176085;175985;176010;536;1037;5
2026.08.10;15:20:00;176030;176060;175965;176015;613;583;5
2026.08.10;15:25:00;176010;176045;175930;175980;659;752;5
2026.08.10;15:30:00;175960;176020;175910;175950;663;1054;5
2026.08.10;15:35:00;175935;176045;175915;175930;550;448;5
2026.08.10;15:40:00;175950;176025;175950;176005;435;341;5
2026.08.10;15:45:00;176015;176030;175945;175960;438;208;5
2026.08.10;15:50:00;175945;176065;175925;176065;603;1266;5
2026.08.10;15:55:00;176050;176080;175985;176040;587;1020;5
2026.08.10;16:00:00;176035;176050;175830;175840;776;2189;5
2026.08.10;16:05:00;175845;175925;175830;175890;647;1585;5
2026.08.10;16:10:00;175900;176040;175900;176040;699;837;5
2026.08.10;16:15:00;176035;176180;176030;176125;812;1530;5
2026.08.10;16:20:00;176125;176205;176105;176190;657;1049;5
2026.08.10;16:25:00;176190;176195;176100;176120;546;737;5
2026.08.10;16:30:00;176115;176145;176035;176100;511;685;5
2026.08.10;16:35:00;176095;176120;176065;176075;534;1070;5
2026.08.10;16:40:00;176080;176320;176070;176130;827;2004;5
2026.08.10;16:45:00;176125;176150;176005;176020;663;954;5
2026.08.10;16:50:00;176020;176060;175950;176050;522;1064;5
2026.08.10;16:55:00;176040;176050;175925;175945;406;971;5
2026.08.10;17:00:00;175945;175965;175890;175930;731;1151;5
2026.08.10;17:05:00;175930;176040;175860;176000;861;1481;5
2026.08.10;17:10:00;175990;176045;175970;175995;1058;2291;5
2026.08.10;17:15:00;176000;176000;175935;175945;141;2548;5
2026.08.10;17:20:00;175945;175955;175885;175915;290;531;5
2026.08.10;17:25:00;175905;175935;175895;175930;73;146;5
2026.08.10;17:30:00;175925;175935;175810;175825;200;491;5
2026.08.10;17:35:00;175820;175855;175810;175850;91;263;5
2026.08.10;17:40:00;175845;175885;175840;175865;138;384;5
2026.08.10;17:45:00;175865;175905;175855;175875;102;268;5
2026.08.10;17:50:00;175875;175895;175805;175810;158;303;5
2026.08.10;17:55:00;175825;175845;175795;175845;181;639;5
2026.08.10;18:00:00;175800;175925;175760;175875;51;106;5
2026.08.10;18:05:00;175900;175905;175830;175850;35;76;5
2026.08.10;18:10:00;175855;175895;175815;175845;86;307;5
2026.08.10;18:15:00;175845;175900;175800;175895;75;271;5
2026.08.10;18:20:00;175860;175910;175725;175910;150;1115;5
2026.08.11;09:00:00;175800;176200;175065;175355;5278;8747;5
2026.08.11;09:05:00;175365;176020;175300;175730;6717;14039;5
2026.08.11;09:10:00;175725;175785;175445;175565;2235;4617;5
2026.08.11;09:15:00;175550;175565;175410;175520;1982;4068;5
2026.08.11;09:20:00;175515;175600;175340;175410;2535;7163;5
2026.08.11;09:25:00;175405;175535;175310;175515;1616;3682;5
2026.08.11;09:30:00;175515;175705;175405;175430;2449;5177;5
2026.08.11;09:35:00;175430;175450;175315;175345;1801;4301;5
2026.08.11;09:40:00;175340;175560;175335;175460;1915;3810;5
2026.08.11;09:45:00;175465;175520;175455;175500;1197;1585;5
2026.08.11;09:50:00;175510;175625;175420;175450;2088;4663;5
2026.08.11;09:55:00;175455;175530;175375;175520;1295;3291;5
2026.08.11;10:00:00;175525;175800;175445;175725;4569;12564;5
2026.08.11;10:05:00;175735;175825;175625;175730;2771;7654;5
2026.08.11;10:10:00;175725;175800;175600;175645;2100;5135;5
2026.08.11;10:15:00;175640;175655;175350;175465;2962;6811;5
2026.08.11;10:20:00;175465;175495;175205;175425;3652;10289;5
2026.08.11;10:25:00;175415;175420;175080;175210;2472;6776;5
2026.08.11;10:30:00;175195;175235;174850;175015;5234;26616;5
2026.08.11;10:35:00;175015;175380;175000;175310;3439;8762;5
2026.08.11;10:40:00;175315;175530;175165;175355;3611;9263;5
2026.08.11;10:45:00;175360;175575;175195;175250;3340;9652;5
2026.08.11;10:50:00;175255;175255;174780;174820;3317;9246;5
2026.08.11;10:55:00;174825;175030;174770;174885;2534;7644;5
2026.08.11;11:00:00;174880;174940;174635;174730;3481;8381;5
2026.08.11;11:05:00;174735;174800;174610;174695;2167;5142;5
2026.08.11;11:10:00;174700;174840;174485;174520;2726;7851;5
2026.08.11;11:15:00;174520;174520;174135;174215;2545;6611;5
2026.08.11;11:20:00;174215;174300;174080;174240;2685;6703;5
2026.08.11;11:25:00;174235;174285;174110;174195;1801;4384;5
2026.08.11;11:30:00;174190;174270;174095;174180;1946;4846;5
2026.08.11;11:35:00;174180;174235;173930;173930;2173;5407;5
2026.08.11;11:40:00;173930;174000;173890;173950;2298;5112;5
2026.08.11;11:45:00;173965;173975;173715;173785;2904;6533;5
2026.08.11;11:50:00;173785;173805;173610;173645;2616;7899;5
2026.08.11;11:55:00;173635;173785;173570;173735;2779;6522;5
2026.08.11;12:00:00;173730;173850;173500;173505;3193;9511;5
2026.08.11;12:05:00;173505;173510;173115;173190;3566;12036;5
2026.08.11;12:10:00;173180;173195;172980;173040;2751;7238;5
2026.08.11;12:15:00;173045;173100;172940;173040;3041;7047;5
2026.08.11;12:20:00;173045;173165;172990;173015;2661;6702;5
2026.08.11;12:25:00;173030;173050;172810;172865;2430;6227;5
2026.08.11;12:30:00;172860;172905;172650;172690;3057;9352;5
2026.08.11;12:35:00;172685;172730;172400;172430;3509;12226;5
2026.08.11;12:40:00;172425;172500;172330;172425;2477;7467;5
2026.08.11;12:45:00;172430;172575;172380;172520;2267;9592;5
2026.08.11;12:50:00;172515;172535;172245;172325;2548;7451;5
2026.08.11;12:55:00;172335;172370;172280;172345;1411;4686;5
2026.08.11;13:00:00;172350;172385;172220;172265;1749;7401;5
2026.08.11;13:05:00;172270;172520;172235;172500;2259;10952;5
2026.08.11;13:10:00;172490;172660;172455;172600;2197;8219;5
2026.08.11;13:15:00;172595;172620;172395;172415;1801;6280;5
2026.08.11;13:20:00;172420;172440;172310;172335;1390;3920;5
2026.08.11;13:25:00;172335;172335;172130;172235;2357;6954;5
2026.08.11;13:30:00;172240;172265;172170;172200;1748;4278;5
2026.08.11;13:35:00;172200;172250;172145;172215;1220;3726;5
2026.08.11;13:40:00;172215;172315;172190;172240;1399;4028;5
2026.08.11;13:45:00;172240;172245;172150;172150;1029;2229;5
2026.08.11;13:50:00;172145;172145;171990;172000;1751;6551;5
2026.08.11;13:55:00;171995;172030;171800;171800;1890;6002;5
2026.08.11;14:00:00;171795;171865;171710;171830;1771;5540;5
2026.08.11;14:05:00;171830;171895;171625;171670;2495;8557;5
2026.08.11;14:10:00;171675;171730;171500;171500;2378;10543;5
2026.08.11;14:15:00;171500;171645;171415;171605;3007;10410;5
2026.08.11;14:20:00;171605;171605;171460;171485;2265;6721;5
2026.08.11;14:25:00;171475;171555;171385;171530;1647;4037;5
2026.08.11;14:30:00;171530;171530;171410;171425;1412;3014;5
2026.08.11;14:35:00;171425;171510;171405;171485;1786;5330;5
2026.08.11;14:40:00;171485;171575;171465;171510;2015;4365;5
2026.08.11;14:45:00;171505;171660;171450;171610;2009;5156;5
2026.08.11;14:50:00;171605;171670;171520;171530;1395;3312;5
2026.08.11;14:55:00;171535;171535;171380;171415;2185;6296;5
2026.08.11;15:00:00;171415;171530;171220;171225;3582;12595;5
2026.08.11;15:05:00;171230;171265;171170;171215;1774;4588;5
2026.08.11;15:10:00;171205;171275;171115;171190;2594;7197;5
2026.08.11;15:15:00;171185;171190;171055;171135;2505;6784;5
2026.08.11;15:20:00;171120;171210;171000;171195;3482;9776;5
2026.08.11;15:25:00;171190;171275;171060;171210;2619;7973;5
2026.08.11;15:30:00;171210;171405;171200;171330;2821;8004;5
2026.08.11;15:35:00;171335;171380;171285;171310;2017;3885;5
2026.08.11;15:40:00;171315;171315;171140;171145;1527;3812;5
2026.08.11;15:45:00;171150;171200;171075;171080;1865;4822;5
2026.08.11;15:50:00;171080;171185;171075;171125;1492;3124;5
2026.08.11;15:55:00;171130;171220;171085;171180;1356;2750;5
2026.08.11;16:00:00;171180;171540;171140;171480;3953;10074;5
2026.08.11;16:05:00;171485;171675;171460;171600;3016;6839;5
2026.08.11;16:10:00;171600;171600;171395;171405;2729;5983;5
2026.08.11;16:15:00;171400;171455;171270;171275;2422;4366;5
2026.08.11;16:20:00;171275;171400;171210;171365;2724;6658;5
2026.08.11;16:25:00;171360;171405;171270;171295;1987;3808;5
2026.08.11;16:30:00;171295;171435;171270;171325;2327;4417;5
2026.08.11;16:35:00;171320;171325;171120;171150;2635;5181;5
2026.08.11;16:40:00;171155;171230;171150;171190;2272;4323;5
2026.08.11;16:45:00;171195;171345;171190;171300;2663;5725;5
2026.08.11;16:50:00;171305;171325;171205;171245;2486;4679;5
2026.08.11;16:55:00;171245;171375;171230;171310;3186;6103;5
2026.08.11;17:00:00;171315;171475;171310;171445;2737;7223;5
2026.08.11;17:05:00;171445;171545;171410;171485;2334;4723;5
2026.08.11;17:10:00;171485;171560;171390;171420;2556;6223;5
2026.08.11;17:15:00;171420;171500;171410;171450;1955;4204;5
2026.08.11;17:20:00;171455;171520;171430;171455;1221;2787;5
2026.08.11;17:25:00;171445;171465;171410;171450;1096;4689;5
2026.08.11;17:30:00;171450;171475;171415;171460;481;1542;5
2026.08.11;17:35:00;171460;171500;171435;171465;592;1317;5
2026.08.11;17:40:00;171470;171470;171410;171445;883;2119;5
2026.08.11;17:45:00;171445;171545;171430;171505;1071;2621;5
2026.08.11;17:50:00;171515;171535;171450;171480;646;1433;5
2026.08.11;17:55:00;171475;171500;171450;171480;322;1050;5
2026.08.11;18:00:00;171475;171525;171450;171475;147;471;5
2026.08.11;18:05:00;171480;171550;171470;171500;364;1478;5
2026.08.11;18:10:00;171500;171515;171470;171505;283;2496;5
2026.08.11;18:15:00;171510;171590;171275;171585;730;3785;5
2026.08.11;18:20:00;171595;171750;171550;171750;520;2549;5
2026.08.12;09:00:00;172260;172260;171180;171455;183198;408586;5
2026.08.12;09:05:00;171460;171660;171185;171430;95645;224028;5
2026.08.12;09:10:00;171430;171695;171240;171655;71255;180406;5
2026.08.12;09:15:00;171655;171725;171425;171505;58429;155799;5
2026.08.12;09:20:00;171505;171595;171305;171395;46573;132629;5
2026.08.12;09:25:00;171395;171665;171315;171525;56519;162713;5
2026.08.12;09:30:00;171530;171630;171045;171445;91970;244450;5
2026.08.12;09:35:00;171450;171590;171330;171520;45742;128993;5
2026.08.12;09:40:00;171515;171585;171400;171480;36040;105121;5
2026.08.12;09:45:00;171475;171900;171365;171825;65648;198318;5
2026.08.12;09:50:00;171820;171925;171665;171730;56601;168313;5
2026.08.12;09:55:00;171725;171895;171680;171855;44769;130187;5
2026.08.12;10:00:00;171855;172045;171550;171730;115786;353734;5
2026.08.12;10:05:00;171730;171760;171270;171450;91823;286615;5
2026.08.12;10:10:00;171445;171485;171110;171175;90276;298525;5
2026.08.12;10:15:00;171170;171305;170735;170825;116201;375719;5
2026.08.12;10:20:00;170825;170920;170545;170710;98125;334394;5
2026.08.12;10:25:00;170710;171225;170615;171030;104357;351861;5
2026.08.12;10:30:00;171025;171815;170715;171595;187055;595255;5
2026.08.12;10:35:00;171595;171875;170950;171055;129622;412215;5
2026.08.12;10:40:00;171055;171430;170930;171115;126271;396599;5
2026.08.12;10:45:00;171120;171305;170825;171045;104918;338533;5
2026.08.12;10:50:00;171050;171235;170805;170980;75999;250160;5
2026.08.12;10:55:00;170980;171150;170865;171000;54934;185521;5
2026.08.12;11:00:00;171000;171375;170940;171325;56109;180345;5
2026.08.12;11:05:00;171325;171510;171250;171355;78987;276141;5
2026.08.12;11:10:00;171350;171460;170985;171125;64841;217865;5
2026.08.12;11:15:00;171125;171445;170900;171430;73632;247403;5
2026.08.12;11:20:00;171430;171720;171305;171570;81295;287793;5
2026.08.12;11:25:00;171570;171755;171365;171500;83137;302391;5
2026.08.12;11:30:00;171500;171800;171405;171455;91115;322851;5
2026.08.12;11:35:00;171450;171480;171280;171360;51558;184355;5
2026.08.12;11:40:00;171360;171400;171210;171255;37697;133012;5
2026.08.12;11:45:00;171250;171415;171150;171205;49914;171568;5
2026.08.12;11:50:00;171200;171290;170860;170985;74607;267987;5
2026.08.12;11:55:00;170990;171345;170970;171260;49485;179195;5
2026.08.12;12:00:00;171260;171265;171090;171220;36988;129580;5
2026.08.12;12:05:00;171220;171295;171050;171070;33231;117770;5
2026.08.12;12:10:00;171070;171205;170995;171095;33784;119846;5
2026.08.12;12:15:00;171090;171440;171090;171360;34527;128301;5
2026.08.12;12:20:00;171365;171465;171255;171330;31206;113753;5
2026.08.12;12:25:00;171325;171440;171290;171415;21244;73460;5
2026.08.12;12:30:00;171420;171420;171135;171180;33528;115928;5
2026.08.12;12:35:00;171180;171225;171065;171165;23035;81279;5
2026.08.12;12:40:00;171165;171175;171080;171155;13033;46076;5
2026.08.12;12:45:00;171160;171190;171040;171110;18619;67214;5
2026.08.12;12:50:00;171105;171115;171000;171040;13691;53048;5
2026.08.12;12:55:00;171040;171145;171030;171110;17121;58280;5
2026.08.12;13:00:00;171110;171340;171110;171265;29149;105405;5
2026.08.12;13:05:00;171260;171290;171115;171235;20565;74471;5
2026.08.12;13:10:00;171230;171345;171210;171285;17542;64766;5
2026.08.12;13:15:00;171285;171425;171265;171425;19871;68500;5
2026.08.12;13:20:00;171425;171640;171420;171545;35636;120350;5
2026.08.12;13:25:00;171545;171550;171435;171440;15983;54153;5
2026.08.12;13:30:00;171440;171540;171360;171445;25843;90689;5
2026.08.12;13:35:00;171445;171490;171370;171435;13719;48298;5
2026.08.12;13:40:00;171435;171475;171350;171425;17540;71594;5
2026.08.12;13:45:00;171425;171485;171255;171270;25734;96984;5
2026.08.12;13:50:00;171270;171555;171235;171515;30034;113059;5
2026.08.12;13:55:00;171520;171520;171390;171455;23994;89754;5
2026.08.12;14:00:00;171450;171460;171295;171325;20296;82570;5
2026.08.12;14:05:00;171325;171390;171275;171340;17211;68478;5
2026.08.12;14:10:00;171335;171665;171330;171535;44733;169643;5
2026.08.12;14:15:00;171535;171545;171355;171390;22705;82108;5
2026.08.12;14:20:00;171390;171515;171350;171435;21208;75808;5
2026.08.12;14:25:00;171430;171475;171335;171365;16062;60232;5
2026.08.12;14:30:00;171360;171365;171165;171270;32696;124150;5
2026.08.12;14:35:00;171270;171345;171235;171255;14834;56512;5
2026.08.12;14:40:00;171255;171290;171180;171260;13298;52664;5
2026.08.12;14:45:00;171255;171440;171250;171430;24565;92332;5
2026.08.12;14:50:00;171435;171545;171405;171450;23293;87966;5
2026.08.12;14:55:00;171450;171520;171415;171485;14890;57755;5
2026.08.12;15:00:00;171485;171490;171300;171340;22421;81686;5
2026.08.12;15:05:00;171340;171400;171275;171295;19459;78276;5
2026.08.12;15:10:00;171290;171310;171140;171180;24892;97157;5
2026.08.12;15:15:00;171180;171185;171095;171160;17707;68849;5
2026.08.12;15:20:00;171160;171225;171125;171190;13518;50246;5
2026.08.12;15:25:00;171185;171200;171120;171160;12492;45678;5
2026.08.12;15:30:00;171160;171160;170940;171035;33041;126314;5
2026.08.12;15:35:00;171035;171035;170810;170875;28702;116653;5
2026.08.12;15:40:00;170875;171020;170820;171015;22128;80700;5
2026.08.12;15:45:00;171010;171125;170975;171055;26937;108525;5
2026.08.12;15:50:00;171055;171085;170970;170995;13146;50062;5
2026.08.12;15:55:00;170995;171110;170975;171070;17174;67819;5
2026.08.12;16:00:00;171070;171230;171050;171210;23471;88300;5
2026.08.12;16:05:00;171210;171420;171205;171310;30934;118316;5
2026.08.12;16:10:00;171310;171375;171250;171290;22695;89524;5
2026.08.12;16:15:00;171295;171390;171255;171320;16054;61249;5
2026.08.12;16:20:00;171320;171360;171225;171255;18265;71542;5
2026.08.12;16:25:00;171255;171280;171190;171230;17512;74081;5
2026.08.12;16:30:00;171225;171230;171120;171185;19702;79378;5
2026.08.12;16:35:00;171180;171195;171105;171165;15005;61071;5
2026.08.12;16:40:00;171165;171170;171055;171140;18590;76664;5
2026.08.12;16:45:00;171135;171140;170990;171015;15843;62319;5
2026.08.12;16:50:00;171015;171020;170825;170915;25869;105445;5
2026.08.12;16:55:00;170920;170955;170805;170840;18942;72429;5
2026.08.12;17:00:00;170835;170870;170765;170835;16683;66658;5
2026.08.12;17:05:00;170840;171010;170835;170915;23058;98517;5
2026.08.12;17:10:00;170920;170930;170715;170765;21816;91051;5
2026.08.12;17:15:00;170765;170770;170685;170720;9077;33336;5
2026.08.12;17:20:00;170725;170790;170595;170625;16892;66954;5
2026.08.12;17:25:00;170620;170650;170570;170575;11084;46499;5
2026.08.12;17:30:00;170575;170700;170530;170610;16352;67180;5
2026.08.12;17:35:00;170610;170630;170565;170590;6272;26952;5
2026.08.12;17:40:00;170585;170595;170430;170450;13329;49861;5
2026.08.12;17:45:00;170455;170520;170435;170470;9100;31642;5
2026.08.12;17:50:00;170470;170475;170305;170325;14203;53326;5
2026.08.12;17:55:00;170330;170390;170270;170345;11892;40432;5
2026.08.12;18:00:00;170340;170420;170280;170335;12017;28409;5
2026.08.12;18:05:00;170330;170375;170300;170325;5996;13606;5
2026.08.12;18:10:00;170330;170365;170225;170310;11357;28296;5
2026.08.12;18:15:00;170310;170435;170290;170415;10064;34171;5
2026.08.12;18:20:00;170415;170430;170270;170430;4166;24747;5
2026.08.13;09:00:00;170665;170810;169640;169795;123857;331342;5
2026.08.13;09:05:00;169805;169880;169555;169755;111137;289730;5
2026.08.13;09:10:00;169750;170010;169615;169760;103088;289493;5
2026.08.13;09:15:00;169760;169805;169370;169490;110145;308685;5
2026.08.13;09:20:00;169490;169650;169415;169500;75370;212309;5
2026.08.13;09:25:00;169500;169845;169460;169705;56023;157646;5
2026.08.13;09:30:00;169700;169985;169635;169945;80342;236660;5
2026.08.13;09:35:00;169945;170245;169940;170095;76416;236388;5
2026.08.13;09:40:00;170090;170200;170040;170115;40574;128272;5
2026.08.13;09:45:00;170115;170135;169910;169965;60525;186066;5
2026.08.13;09:50:00;169970;170100;169895;170055;43054;136180;5
2026.08.13;09:55:00;170055;170295;169990;170205;53532;166556;5
2026.08.13;10:00:00;170210;170515;170070;170440;113229;358572;5
2026.08.13;10:05:00;170425;170870;170215;170755;117988;381396;5
2026.08.13;10:10:00;170755;170890;170565;170820;87963;281748;5
2026.08.13;10:15:00;170815;170945;170540;170820;101743;316806;5
2026.08.13;10:20:00;170820;171165;170795;171035;100562;332270;5
2026.08.13;10:25:00;171040;171195;170920;171115;88480;308506;5
2026.08.13;10:30:00;171120;171610;170950;171295;147948;520818;5
2026.08.13;10:35:00;171290;171790;171285;171750;96597;328493;5
2026.08.13;10:40:00;171755;171865;171615;171710;86511;305010;5
2026.08.13;10:45:00;171715;171790;171365;171400;81458;278703;5
2026.08.13;10:50:00;171400;171495;171100;171120;69572;246139;5
2026.08.13;10:55:00;171125;171140;170750;170785;78854;287552;5
2026.08.13;11:00:00;170785;170985;170680;170940;75220;269291;5
2026.08.13;11:05:00;170940;171070;170780;170835;58157;207907;5
2026.08.13;11:10:00;170830;170920;170760;170840;43168;156293;5
2026.08.13;11:15:00;170845;170930;170580;170680;62078;218735;5
2026.08.13;11:20:00;170675;170740;170475;170715;68456;253900;5
2026.08.13;11:25:00;170710;170785;170550;170645;52511;192838;5
2026.08.13;11:30:00;170645;170765;170500;170710;53359;192674;5
2026.08.13;11:35:00;170715;170790;170595;170625;36617;139214;5
2026.08.13;11:40:00;170625;170675;170460;170505;33950;124500;5
2026.08.13;11:45:00;170510;170530;170300;170320;56871;213618;5
2026.08.13;11:50:00;170320;170570;170240;170500;54079;194500;5
2026.08.13;11:55:00;170495;170550;170360;170375;42241;154599;5
2026.08.13;12:00:00;170370;170385;170285;170305;29511;110432;5
2026.08.13;12:05:00;170310;170335;170085;170210;48039;176240;5
2026.08.13;12:10:00;170210;170230;170040;170105;33567;129304;5
2026.08.13;12:15:00;170105;170120;169875;169945;42822;158039;5
2026.08.13;12:20:00;169945;169995;169820;169865;34874;130014;5
2026.08.13;12:25:00;169865;170035;169825;169980;40575;151293;5
2026.08.13;12:30:00;169980;170010;169825;169895;32362;121841;5
2026.08.13;12:35:00;169890;170000;169885;169945;20586;73409;5
2026.08.13;12:40:00;169945;170055;169915;169935;29837;109581;5
2026.08.13;12:45:00;169935;169980;169870;169970;21963;81545;5
2026.08.13;12:50:00;169970;170025;169780;169810;33656;124859;5
2026.08.13;12:55:00;169805;169845;169725;169770;23971;88505;5
2026.08.13;13:00:00;169765;169775;169450;169650;53592;197811;5
2026.08.13;13:05:00;169655;169810;169575;169675;42550;162841;5
2026.08.13;13:10:00;169670;169885;169580;169875;32990;126914;5
2026.08.13;13:15:00;169880;169970;169835;169880;29547;114481;5
2026.08.13;13:20:00;169875;169895;169730;169865;29389;108134;5
2026.08.13;13:25:00;169865;169950;169825;169915;24549;88097;5
2026.08.13;13:30:00;169915;170075;169830;170055;35296;136037;5
2026.08.13;13:35:00;170050;170170;170000;170135;28601;111397;5
2026.08.13;13:40:00;170135;170265;170125;170140;30853;120786;5
2026.08.13;13:45:00;170145;170235;170080;170195;27773;109158;5
2026.08.13;13:50:00;170195;170265;170150;170220;16735;61659;5
2026.08.13;13:55:00;170215;170460;170190;170455;31316;118490;5
2026.08.13;14:00:00;170455;170550;170270;170330;49027;196674;5
2026.08.13;14:05:00;170325;170450;170305;170400;27692;101561;5
2026.08.13;14:10:00;170405;170510;170385;170450;19711;78286;5
2026.08.13;14:15:00;170445;170535;170365;170485;28746;106670;5
2026.08.13;14:20:00;170485;170620;170470;170545;28258;110184;5
2026.08.13;14:25:00;170545;170605;170520;170565;15048;62834;5
2026.08.13;14:30:00;170570;170590;170510;170570;17889;69140;5
2026.08.13;14:35:00;170575;170615;170460;170515;27275;109469;5
2026.08.13;14:40:00;170515;170635;170455;170600;30149;116449;5
2026.08.13;14:45:00;170600;170700;170470;170485;37110;138319;5
2026.08.13;14:50:00;170480;170525;170340;170415;33462;127510;5
2026.08.13;14:55:00;170415;170520;170345;170495;26487;101919;5
2026.08.13;15:00:00;170495;170625;170380;170400;40324;149354;5
2026.08.13;15:05:00;170400;170530;170395;170485;23777;88189;5
2026.08.13;15:10:00;170490;170685;170445;170655;32149;118822;5
2026.08.13;15:15:00;170655;170670;170560;170645;20842;75312;5
2026.08.13;15:20:00;170640;170645;170505;170540;21351;83433;5
2026.08.13;15:25:00;170540;170545;170450;170490;18209;71934;5
2026.08.13;15:30:00;170485;170585;170455;170495;23795;95157;5
2026.08.13;15:35:00;170490;170515;170395;170410;21177;80583;5
2026.08.13;15:40:00;170410;170420;170280;170370;31891;122353;5
2026.08.13;15:45:00;170365;170395;170310;170370;15676;61143;5
2026.08.13;15:50:00;170370;170430;170335;170375;14896;59296;5
2026.08.13;15:55:00;170375;170395;170165;170200;31769;121351;5
2026.08.13;16:00:00;170200;170210;170115;170140;20004;73462;5
2026.08.13;16:05:00;170135;170195;170100;170140;18029;72019;5
2026.08.13;16:10:00;170140;170150;170065;170075;15625;58485;5
2026.08.13;16:15:00;170080;170250;170045;170200;32014;121856;5
2026.08.13;16:20:00;170200;170305;170200;170240;20130;79426;5
2026.08.13;16:25:00;170240;170335;170195;170270;21258;78713;5
2026.08.13;16:30:00;170270;170285;170205;170255;16102;64445;5
2026.08.13;16:35:00;170260;170265;170195;170240;12064;47266;5
2026.08.13;16:40:00;170235;170350;170235;170325;20548;77725;5
2026.08.13;16:45:00;170325;170345;170265;170310;14565;57470;5
2026.08.13;16:50:00;170310;170325;170210;170210;15317;61321;5
2026.08.13;16:55:00;170210;170215;170100;170165;26819;102030;5
2026.08.13;17:00:00;170160;170400;170135;170380;28012;109028;5
2026.08.13;17:05:00;170385;170400;170290;170290;12071;52063;5
2026.08.13;17:10:00;170290;170370;170285;170335;7862;27852;5
2026.08.13;17:15:00;170330;170340;170185;170205;14840;60070;5
2026.08.13;17:20:00;170200;170250;170195;170240;6201;23109;5
2026.08.13;17:25:00;170240;170275;170170;170185;9474;34704;5
2026.08.13;17:30:00;170180;170215;170165;170175;5635;21066;5
2026.08.13;17:35:00;170175;170295;170165;170285;8290;33661;5
2026.08.13;17:40:00;170280;170295;170235;170265;7902;28403;5
2026.08.13;17:45:00;170270;170280;170225;170250;4930;16177;5
2026.08.13;17:50:00;170250;170370;170210;170350;13517;59073;5
2026.08.13;17:55:00;170350;170440;170310;170405;11767;41824;5
2026.08.13;18:00:00;170410;170545;170355;170530;15030;41109;5
2026.08.13;18:05:00;170535;170680;170515;170650;17873;51352;5
2026.08.13;18:10:00;170655;170900;170600;170815;26362;66939;5
2026.08.13;18:15:00;170815;170970;170725;170805;16045;47316;5
2026.08.13;18:20:00;170805;170870;170740;170775;5482;34782;5
2026.08.14;09:00:00;171100;171240;170035;170400;175160;409219;5
2026.08.14;09:05:00;170400;170455;169900;170005;93723;256289;5
2026.08.14;09:10:00;170005;170140;169940;169990;63737;175415;5
2026.08.14;09:15:00;169985;170270;169950;170210;64058;179977;5
2026.08.14;09:20:00;170210;170390;170130;170285;61340;174704;5
2026.08.14;09:25:00;170280;170290;169745;169755;76471;225551;5
2026.08.14;09:30:00;169755;169985;169670;169725;80459;253337;5
2026.08.14;09:35:00;169725;169735;169345;169380;80553;260690;5
2026.08.14;09:40:00;169380;169385;169045;169055;74170;259647;5
2026.08.14;09:45:00;169055;169500;169035;169475;90052;311225;5
2026.08.14;09:50:00;169475;169550;169340;169485;56855;192017;5
2026.08.14;09:55:00;169485;169580;169400;169425;36221;116282;5
2026.08.14;10:00:00;169430;169680;169205;169560;134643;432700;5
2026.08.14;10:05:00;169560;170055;169495;169960;111950;378919;5
2026.08.14;10:10:00;169955;170100;169565;169755;115625;374261;5
2026.08.14;10:15:00;169750;169855;169525;169745;105195;346251;5
2026.08.14;10:20:00;169740;169800;169620;169770;52316;172523;5
2026.08.14;10:25:00;169770;169850;169450;169530;71182;239618;5
2026.08.14;10:30:00;169525;169530;168840;168925;161900;559476;5
2026.08.14;10:35:00;168920;169285;168875;169140;110400;373514;5
2026.08.14;10:40:00;169145;169230;168800;169135;117078;399144;5
2026.08.14;10:45:00;169130;169425;169075;169325;78962;276455;5
2026.08.14;10:50:00;169320;169640;169135;169220;96472;335772;5
2026.08.14;10:55:00;169220;169290;169120;169235;38569;137887;5
2026.08.14;11:00:00;169235;169365;168880;168950;85214;293324;5
2026.08.14;11:05:00;168945;168980;168640;168885;79856;287599;5
2026.08.14;11:10:00;168885;169075;168530;168585;82562;297517;5
2026.08.14;11:15:00;168585;168640;168310;168390;67928;237751;5
2026.08.14;11:20:00;168390;168745;168365;168645;64601;223963;5
2026.08.14;11:25:00;168645;168830;168610;168775;43920;157516;5
2026.08.14;11:30:00;168780;168950;168635;168750;62698;221951;5
2026.08.14;11:35:00;168745;168785;168580;168760;43045;145576;5
2026.08.14;11:40:00;168760;168840;168680;168780;33040;117676;5
2026.08.14;11:45:00;168775;168795;168555;168735;43317;148004;5
2026.08.14;11:50:00;168735;168810;168655;168695;31036;109045;5
2026.08.14;11:55:00;168700;168740;168470;168505;41265;148816;5
2026.08.14;12:00:00;168505;168805;168405;168730;52460;179204;5
2026.08.14;12:05:00;168725;168805;168565;168770;41584;153058;5
2026.08.14;12:10:00;168770;168795;168640;168670;30255;112942;5
2026.08.14;12:15:00;168670;168715;168625;168715;21530;82063;5
2026.08.14;12:20:00;168710;168865;168635;168730;36794;135345;5
2026.08.14;12:25:00;168725;168750;168630;168725;29945;111083;5
2026.08.14;12:30:00;168730;168785;168610;168735;28679;107981;5
2026.08.14;12:35:00;168740;168895;168695;168825;25609;88257;5
2026.08.14;12:40:00;168830;168860;168720;168770;27933;100200;5
2026.08.14;12:45:00;168765;168780;168690;168695;20883;82635;5
2026.08.14;12:50:00;168695;168790;168655;168720;19672;71232;5
2026.08.14;12:55:00;168720;168775;168655;168695;18260;70880;5
2026.08.14;13:00:00;168695;168705;168525;168555;27889;97979;5
2026.08.14;13:05:00;168555;168625;168505;168615;18167;62219;5
2026.08.14;13:10:00;168610;168635;168490;168510;23785;87291;5
2026.08.14;13:15:00;168510;168700;168490;168630;23580;82454;5
2026.08.14;13:20:00;168630;168645;168430;168525;30845;109111;5
2026.08.14;13:25:00;168530;168580;168470;168555;13287;47911;5
2026.08.14;13:30:00;168560;168730;168480;168665;31063;117318;5
2026.08.14;13:35:00;168665;168750;168645;168690;17024;63987;5
2026.08.14;13:40:00;168690;168780;168635;168690;22435;83539;5
2026.08.14;13:45:00;168695;168740;168615;168655;19670;72406;5
2026.08.14;13:50:00;168655;168655;168450;168460;25160;95675;5
2026.08.14;13:55:00;168465;168465;168245;168350;38232;149826;5
2026.08.14;14:00:00;168350;168375;168210;168245;30890;115640;5
2026.08.14;14:05:00;168245;168300;168180;168235;17401;63226;5
2026.08.14;14:10:00;168235;168285;168160;168255;21151;80516;5
2026.08.14;14:15:00;168250;168275;168205;168255;12727;47372;5
2026.08.14;14:20:00;168255;168315;168175;168190;19056;67072;5
2026.08.14;14:25:00;168185;168190;168105;168150;21974;82461;5
2026.08.14;14:30:00;168155;168190;168080;168125;22029;83429;5
2026.08.14;14:35:00;168125;168260;168050;168075;28792;116845;5
2026.08.14;14:40:00;168075;168135;168050;168065;15251;55430;5
2026.08.14;14:45:00;168065;168085;167975;168045;22396;80830;5
2026.08.14;14:50:00;168045;168100;168005;168075;19146;68456;5
2026.08.14;14:55:00;168075;168150;168050;168100;16445;70139;5
2026.08.14;15:00:00;168100;168195;168065;168195;21216;82161;5
2026.08.14;15:05:00;168195;168340;168160;168330;30617;129837;5
2026.08.14;15:10:00;168330;168390;168295;168360;23375;87503;5
2026.08.14;15:15:00;168360;168500;168320;168430;42024;168594;5
2026.08.14;15:20:00;168435;168470;168330;168445;21282;86368;5
2026.08.14;15:25:00;168445;168555;168415;168545;23208;92262;5
2026.08.14;15:30:00;168540;168575;168495;168535;19969;82722;5
2026.08.14;15:35:00;168535;168635;168500;168600;22895;87910;5
2026.08.14;15:40:00;168600;168610;168460;168485;21995;83944;5
2026.08.14;15:45:00;168490;168775;168435;168765;44785;180470;5
2026.08.14;15:50:00;168770;168925;168740;168850;37057;152681;5
2026.08.14;15:55:00;168850;168910;168835;168845;18894;73924;5
2026.08.14;16:00:00;168850;168880;168695;168745;29752;117432;5
2026.08.14;16:05:00;168745;168860;168740;168845;18814;72240;5
2026.08.14;16:10:00;168845;168980;168845;168860;30925;125500;5
2026.08.14;16:15:00;168855;168950;168750;168930;29544;120362;5
2026.08.14;16:20:00;168925;169105;168915;169090;25558;99517;5
2026.08.14;16:25:00;169090;169480;169080;169400;51619;208068;5
2026.08.14;16:30:00;169405;169665;169385;169570;46467;188325;5
2026.08.14;16:35:00;169565;169600;169370;169415;29188;109506;5
2026.08.14;16:40:00;169410;169635;169250;169525;50879;207692;5
2026.08.14;16:45:00;169520;169885;169425;169795;43917;174511;5
2026.08.14;16:50:00;169800;170180;169780;170035;52324;231717;5
2026.08.14;16:55:00;170030;170035;169705;169810;39047;165287;5
2026.08.14;17:00:00;169810;170090;169760;170045;36846;156094;5
2026.08.14;17:05:00;170045;170170;169900;169915;29121;116222;5
2026.08.14;17:10:00;169910;169955;169755;169790;21534;82374;5
2026.08.14;17:15:00;169785;169940;169785;169905;13847;50761;5
2026.08.14;17:20:00;169905;169905;169835;169860;7104;24847;5
2026.08.14;17:25:00;169865;169950;169810;169860;12589;48536;5
2026.08.14;17:30:00;169855;170095;169830;170055;20573;83863;5
2026.08.14;17:35:00;170055;170060;169905;169920;9273;35880;5
2026.08.14;17:40:00;169925;170040;169915;170030;10601;34856;5
2026.08.14;17:45:00;170030;170040;169925;169970;9896;33071;5
2026.08.14;17:50:00;169965;170015;169930;169995;8557;25002;5
2026.08.14;17:55:00;169995;170090;169980;170020;10498;34256;5
2026.08.14;18:00:00;170020;170130;169830;170080;22813;58423;5
2026.08.14;18:05:00;170080;170280;170075;170230;21320;53083;5
2026.08.14;18:10:00;170230;170265;170140;170240;8746;24513;5
2026.08.14;18:15:00;170245;170245;169960;170010;11980;33330;5
2026.08.14;18:20:00;170005;170015;169875;169975;4975;33194;5
2026.08.17;09:00:00;170245;171160;170115;170130;149229;378948;5
2026.08.17;09:05:00;170130;170425;169840;169870;120937;300249;5
2026.08.17;09:10:00;169865;169880;169610;169660;67567;190477;5
2026.08.17;09:15:00;169665;169740;169560;169665;42567;128008;5
2026.08.17;09:20:00;169670;169875;169655;169715;52806;153838;5
2026.08.17;09:25:00;169715;169730;169530;169590;63202;181962;5
2026.08.17;09:30:00;169585;169660;169400;169530;82060;245815;5
2026.08.17;09:35:00;169535;169595;169385;169480;60763;189557;5
2026.08.17;09:40:00;169480;169710;169475;169635;59126;184256;5
2026.08.17;09:45:00;169640;169795;169610;169680;48615;150407;5
2026.08.17;09:50:00;169685;169725;169575;169625;35710;113232;5
2026.08.17;09:55:00;169620;169740;169580;169655;32944;102925;5
2026.08.17;10:00:00;169660;170040;169515;169915;119262;360693;5
2026.08.17;10:05:00;169910;170410;169805;170385;114803;364862;5
2026.08.17;10:10:00;170390;170445;169950;170310;125674;390284;5
2026.08.17;10:15:00;170305;170910;170245;170800;140786;470945;5
2026.08.17;10:20:00;170800;171170;170775;171090;87484;303850;5
2026.08.17;10:25:00;171095;171170;170665;170820;84125;271135;5
2026.08.17;10:30:00;170820;170895;169905;169965;163755;554079;5
2026.08.17;10:35:00;169965;170075;169755;169915;107147;363033;5
2026.08.17;10:40:00;169915;169925;169565;169660;95489;319113;5
2026.08.17;10:45:00;169665;169960;169580;169690;85731;283969;5
2026.08.17;10:50:00;169685;169870;169660;169795;57543;185824;5
2026.08.17;10:55:00;169800;169895;169690;169730;43594;145682;5
2026.08.17;11:00:00;169730;170395;169705;170255;119556;399786;5
2026.08.17;11:05:00;170250;170355;170010;170075;61417;200654;5
2026.08.17;11:10:00;170075;170195;169925;170165;60096;198007;5
2026.08.17;11:15:00;170170;170280;169855;170230;87240;297944;5
2026.08.17;11:20:00;170225;170465;170130;170275;78443;273158;5
2026.08.17;11:25:00;170270;170375;170185;170315;43458;146936;5
2026.08.17;11:30:00;170315;170365;169870;169890;66814;232892;5
2026.08.17;11:35:00;169890;169915;169525;169590;60288;215064;5
2026.08.17;11:40:00;169585;169900;169545;169660;64675;220602;5
2026.08.17;11:45:00;169660;169820;169590;169775;39252;134090;5
2026.08.17;11:50:00;169775;169850;169565;169675;41975;140829;5
2026.08.17;11:55:00;169675;169745;169575;169645;31216;108144;5
2026.08.17;12:00:00;169640;169750;169560;169720;28418;101749;5
2026.08.17;12:05:00;169720;169800;169575;169765;33352;117839;5
2026.08.17;12:10:00;169770;169955;169740;169940;41666;144246;5
2026.08.17;12:15:00;169935;170035;169720;169755;44891;155024;5
2026.08.17;12:20:00;169755;169810;169680;169730;31266;111052;5
2026.08.17;12:25:00;169730;170130;169695;170050;54543;207818;5
2026.08.17;12:30:00;170055;170130;169955;170055;30930;106950;5
2026.08.17;12:35:00;170055;170155;169965;170075;31795;108027;5
2026.08.17;12:40:00;170075;170080;169945;170040;20115;68228;5
2026.08.17;12:45:00;170040;170095;169800;169850;42080;153111;5
2026.08.17;12:50:00;169850;169890;169750;169850;28194;101737;5
2026.08.17;12:55:00;169850;169855;169780;169840;15597;59688;5
2026.08.17;13:00:00;169840;169935;169785;169815;24847;89537;5
2026.08.17;13:05:00;169815;169915;169815;169905;14132;56253;5
2026.08.17;13:10:00;169905;170080;169890;169930;30719;111466;5
2026.08.17;13:15:00;169925;170045;169920;170035;18110;68505;5
2026.08.17;13:20:00;170030;170035;169795;169895;32846;122161;5
2026.08.17;13:25:00;169900;170020;169890;169975;22066;84350;5
2026.08.17;13:30:00;169980;169985;169840;169860;20264;71913;5
2026.08.17;13:35:00;169860;169865;169760;169820;21988;79184;5
2026.08.17;13:40:00;169825;169825;169640;169690;27005;99469;5
2026.08.17;13:45:00;169690;169705;169560;169640;28342;108145;5
2026.08.17;13:50:00;169635;169760;169570;169730;26703;100416;5
2026.08.17;13:55:00;169730;169795;169645;169705;30694;116110;5
2026.08.17;14:00:00;169710;169845;169630;169635;32687;121072;5
2026.08.17;14:05:00;169635;169850;169565;169835;38865;151415;5
2026.08.17;14:10:00;169830;169935;169795;169890;32495;122693;5
2026.08.17;14:15:00;169890;170040;169875;170000;30996;108971;5
2026.08.17;14:20:00;170000;170110;169940;169970;35885;128117;5
2026.08.17;14:25:00;169965;170035;169885;169905;33370;117176;5
2026.08.17;14:30:00;169905;169945;169785;169815;29178;106251;5
2026.08.17;14:35:00;169815;169840;169715;169725;28583;115948;5
2026.08.17;14:40:00;169730;169835;169715;169815;20784;74640;5
2026.08.17;14:45:00;169815;169875;169785;169795;19402;70687;5
2026.08.17;14:50:00;169795;169895;169790;169860;17682;66186;5
2026.08.17;14:55:00;169860;169935;169760;169775;29092;108462;5
2026.08.17;15:00:00;169780;169825;169730;169765;23203;90104;5
2026.08.17;15:05:00;169770;169770;169575;169600;31401;121184;5
2026.08.17;15:10:00;169595;169725;169540;169720;31638;114258;5
2026.08.17;15:15:00;169715;169910;169675;169800;33429;130231;5
2026.08.17;15:20:00;169800;169860;169760;169845;18171;65334;5
2026.08.17;15:25:00;169845;169855;169725;169820;22765;87865;5
2026.08.17;15:30:00;169820;169920;169755;169875;24106;90245;5
2026.08.17;15:35:00;169880;169950;169845;169880;17656;64931;5
2026.08.17;15:40:00;169880;169960;169825;169920;19000;69865;5
2026.08.17;15:45:00;169920;170040;169885;170005;19812;70622;5
2026.08.17;15:50:00;170005;170010;169920;169945;14118;51327;5
2026.08.17;15:55:00;169940;169945;169835;169920;21206;78964;5
2026.08.17;16:00:00;169925;170015;169865;169890;25672;96800;5
2026.08.17;16:05:00;169895;169995;169875;169950;13308;53410;5
2026.08.17;16:10:00;169950;169965;169865;169900;17578;68897;5
2026.08.17;16:15:00;169900;169935;169890;169925;7533;30024;5
2026.08.17;16:20:00;169925;169930;169850;169860;11547;43869;5
2026.08.17;16:25:00;169860;169965;169855;169885;15789;58234;5
2026.08.17;16:30:00;169890;169915;169810;169910;18729;69289;5
2026.08.17;16:35:00;169910;170045;169900;170000;22298;81445;5
2026.08.17;16:40:00;170000;170220;169990;170160;30582;112860;5
2026.08.17;16:45:00;170160;170235;170110;170130;21314;82046;5
2026.08.17;16:50:00;170125;170145;170010;170035;23155;87277;5
2026.08.17;16:55:00;170040;170090;169980;170040;20958;85128;5
2026.08.17;17:00:00;170040;170040;169850;169930;30328;118612;5
2026.08.17;17:05:00;169935;169940;169700;169740;22070;86582;5
2026.08.17;17:10:00;169740;169810;169700;169715;16478;71964;5
2026.08.17;17:15:00;169720;169845;169675;169815;17569;65783;5
2026.08.17;17:20:00;169815;169815;169720;169745;9841;36832;5
2026.08.17;17:25:00;169745;169790;169715;169780;7627;30976;5
2026.08.17;17:30:00;169780;169800;169740;169795;6474;28885;5
2026.08.17;17:35:00;169795;169840;169750;169760;12596;42372;5
2026.08.17;17:40:00;169760;169810;169730;169790;7816;25985;5
2026.08.17;17:45:00;169795;169830;169750;169775;7094;22473;5
2026.08.17;17:50:00;169780;169810;169745;169800;4233;13202;5
2026.08.17;17:55:00;169800;169885;169795;169850;10087;34548;5
2026.08.17;18:00:00;169855;169955;169845;169920;12220;29549;5
2026.08.17;18:05:00;169920;169975;169860;169940;17738;37740;5
2026.08.17;18:10:00;169940;170130;169910;170100;16856;46529;5
2026.08.17;18:15:00;170100;170180;170025;170160;9834;31311;5
2026.08.17;18:20:00;170155;170190;169975;169975;5088;29879;5
2026.08.18;09:00:00;169640;169720;168555;169690;137120;366155;5
2026.08.18;09:05:00;169690;170115;169685;169790;118192;322372;5
2026.08.18;09:10:00;169790;169835;169570;169720;88005;245571;5
2026.08.18;09:15:00;169720;170095;169680;169960;80941;229584;5
2026.08.18;09:20:00;169965;170070;169770;169830;60230;169348;5
2026.08.18;09:25:00;169835;169960;169745;169845;50126;144207;5
2026.08.18;09:30:00;169840;169915;169700;169825;47085;148082;5
2026.08.18;09:35:00;169820;169945;169780;169840;41076;129730;5
2026.08.18;09:40:00;169845;169860;169705;169815;38433;118610;5
2026.08.18;09:45:00;169815;170005;169795;169965;42580;133277;5
2026.08.18;09:50:00;169960;170075;169910;170055;49272;156981;5
2026.08.18;09:55:00;170060;170180;170005;170165;49291;162391;5
2026.08.18;10:00:00;170160;170180;169630;169825;136283;438513;5
2026.08.18;10:05:00;169820;170130;169680;170055;95394;307677;5
2026.08.18;10:10:00;170055;170335;169980;170245;112119;365895;5
2026.08.18;10:15:00;170245;170300;170045;170120;91262;316454;5
2026.08.18;10:20:00;170115;170170;169825;170120;97115;320493;5
2026.08.18;10:25:00;170120;170440;169950;170390;87810;294823;5
2026.08.18;10:30:00;170395;170950;170180;170635;172933;594668;5
2026.08.18;10:35:00;170640;170975;170600;170825;99315;351791;5
2026.08.18;10:40:00;170820;171280;170675;171180;111026;395738;5
2026.08.18;10:45:00;171180;171300;171080;171300;68216;248125;5
2026.08.18;10:50:00;171295;171400;170990;171180;93355;330464;5
2026.08.18;10:55:00;171180;171435;171135;171360;73237;250428;5
2026.08.18;11:00:00;171355;171500;171075;171175;79970;283649;5
2026.08.18;11:05:00;171175;171200;171025;171040;43756;159935;5
2026.08.18;11:10:00;171040;171155;170905;170970;60135;214471;5
2026.08.18;11:15:00;170970;170975;170500;170635;88397;320606;5
2026.08.18;11:20:00;170635;170695;170550;170620;40429;161674;5
2026.08.18;11:25:00;170620;170625;170280;170335;53185;194773;5
2026.08.18;11:30:00;170330;170600;170300;170305;69115;249706;5
2026.08.18;11:35:00;170305;170340;170130;170170;57816;212385;5
2026.08.18;11:40:00;170170;170260;170065;170115;47012;179364;5
2026.08.18;11:45:00;170120;170200;170040;170145;36833;134506;5
2026.08.18;11:50:00;170145;170160;169805;169810;60209;224796;5
2026.08.18;11:55:00;169815;169850;169705;169735;41331;167672;5
2026.08.18;12:00:00;169735;170000;169725;169840;57342;218112;5
2026.08.18;12:05:00;169845;170155;169820;170005;53997;207736;5
2026.08.18;12:10:00;170005;170055;169845;169890;40732;154199;5
2026.08.18;12:15:00;169895;170025;169785;169950;43552;172757;5
2026.08.18;12:20:00;169945;170030;169900;169915;23860;94212;5
2026.08.18;12:25:00;169915;170010;169905;169955;19211;70561;5
2026.08.18;12:30:00;169950;169990;169915;169945;14171;57109;5
2026.08.18;12:35:00;169940;169945;169760;169770;29581;105949;5
2026.08.18;12:40:00;169765;169850;169725;169775;24711;92216;5
2026.08.18;12:45:00;169780;169920;169775;169850;22067;82969;5
2026.08.18;12:50:00;169855;169920;169825;169910;17132;65150;5
2026.08.18;12:55:00;169905;169945;169785;169840;21535;76106;5
2026.08.18;13:00:00;169840;169875;169760;169785;21024;78644;5
2026.08.18;13:05:00;169785;169790;169730;169750;12985;51237;5
2026.08.18;13:10:00;169750;169760;169655;169715;25713;97140;5
2026.08.18;13:15:00;169715;169735;169635;169690;21925;86503;5
2026.08.18;13:20:00;169690;169705;169600;169660;20997;76655;5
2026.08.18;13:25:00;169655;169720;169645;169675;16349;64516;5
2026.08.18;13:30:00;169675;169690;169605;169660;15601;59784;5
2026.08.18;13:35:00;169660;169665;169525;169535;21659;81298;5
2026.08.18;13:40:00;169535;169565;169490;169555;20923;90539;5
2026.08.18;13:45:00;169550;169595;169435;169535;35262;136366;5
2026.08.18;13:50:00;169535;169700;169480;169660;28911;108686;5
2026.08.18;13:55:00;169665;169845;169640;169825;33998;132528;5
2026.08.18;14:00:00;169820;169910;169765;169865;30506;117979;5
2026.08.18;14:05:00;169870;169980;169805;169955;29520;112927;5
2026.08.18;14:10:00;169955;170060;169900;169950;38460;149451;5
2026.08.18;14:15:00;169955;169955;169870;169905;20726;81699;5
2026.08.18;14:20:00;169910;170035;169870;169950;28202;108996;5
2026.08.18;14:25:00;169955;169995;169820;169935;32505;125856;5
2026.08.18;14:30:00;169930;170085;169920;170000;27000;103983;5
2026.08.18;14:35:00;170000;170100;169825;169880;35284;149981;5
2026.08.18;14:40:00;169880;169990;169865;169950;18230;70518;5
2026.08.18;14:45:00;169945;169965;169860;169890;12833;51004;5
2026.08.18;14:50:00;169890;169930;169840;169850;11799;44203;5
2026.08.18;14:55:00;169850;169975;169840;169840;20013;80752;5
2026.08.18;15:00:00;169840;169935;169805;169845;22033;84964;5
2026.08.18;15:05:00;169845;170015;169785;169940;31412;122541;5
2026.08.18;15:10:00;169940;170160;169930;170135;27799;102771;5
2026.08.18;15:15:00;170130;170295;170090;170110;42826;170065;5
2026.08.18;15:20:00;170110;170165;170030;170080;29830;115755;5
2026.08.18;15:25:00;170080;170090;169915;169995;27639;103516;5
2026.08.18;15:30:00;169995;170035;169930;169935;18197;67812;5
2026.08.18;15:35:00;169930;169940;169765;169775;29235;112002;5
2026.08.18;15:40:00;169780;169780;169590;169655;31697;119273;5
2026.08.18;15:45:00;169655;169660;169530;169570;25548;100214;5
2026.08.18;15:50:00;169570;169585;169310;169365;47271;186262;5
2026.08.18;15:55:00;169365;169470;169345;169415;23748;92263;5
2026.08.18;16:00:00;169415;169425;169320;169385;19847;79154;5
2026.08.18;16:05:00;169385;169390;169240;169325;31446;127468;5
2026.08.18;16:10:00;169330;169435;169270;169330;28358;117574;5
2026.08.18;16:15:00;169330;169375;169265;169320;15492;58231;5
2026.08.18;16:20:00;169325;169365;169240;169335;21121;85339;5
2026.08.18;16:25:00;169330;169465;169325;169375;20286;80660;5
2026.08.18;16:30:00;169375;169430;169310;169370;18234;69567;5
2026.08.18;16:35:00;169365;169490;169355;169440;17283;63523;5
2026.08.18;16:40:00;169440;169480;169395;169465;15114;55513;5
2026.08.18;16:45:00;169470;169530;169440;169460;16738;61174;5
2026.08.18;16:50:00;169460;169480;169375;169390;18297;68903;5
2026.08.18;16:55:00;169395;169430;169300;169375;23545;90169;5
2026.08.18;17:00:00;169375;169475;169330;169380;17333;61777;5
2026.08.18;17:05:00;169375;169395;169335;169385;8682;31109;5
2026.08.18;17:10:00;169385;169390;169170;169205;20206;81289;5
2026.08.18;17:15:00;169200;169360;169200;169340;14873;58507;5
2026.08.18;17:20:00;169345;169360;169225;169240;10664;39984;5
2026.08.18;17:25:00;169245;169325;169205;169290;10583;40224;5
2026.08.18;17:30:00;169295;169300;169245;169295;5888;22710;5
2026.08.18;17:35:00;169290;169290;169255;169280;3090;12134;5
2026.08.18;17:40:00;169275;169315;169265;169270;3860;13303;5
2026.08.18;17:45:00;169270;169320;169265;169290;5484;23287;5
2026.08.18;17:50:00;169290;169340;169245;169310;9330;38716;5
2026.08.18;17:55:00;169310;169460;169295;169430;12102;44869;5
2026.08.18;18:00:00;169435;169485;169325;169465;18357;46447;5
2026.08.18;18:05:00;169455;169605;169395;169550;20376;48230;5
2026.08.18;18:10:00;169555;169620;169480;169590;16818;40872;5
2026.08.18;18:15:00;169590;169615;169435;169535;13407;34058;5
2026.08.18;18:20:00;169535;169640;169495;169640;4768;29022;5
2026.08.19;09:00:00;169635;169775;168680;169740;198533;488943;5
2026.08.19;09:05:00;169740;170550;169395;170475;168382;467302;5
2026.08.19;09:10:00;170470;170675;170345;170480;108922;309101;5
2026.08.19;09:15:00;170475;170640;170305;170395;64971;193514;5
2026.08.19;09:20:00;170390;170600;170225;170515;87177;254875;5
2026.08.19;09:25:00;170515;170745;170485;170650;68503;204734;5
2026.08.19;09:30:00;170650;171120;170375;170995;130262;392789;5
2026.08.19;09:35:00;170995;171685;170955;171590;124895;333292;5
2026.08.19;09:40:00;171585;171970;171350;171460;150790;381325;5
2026.08.19;09:45:00;171460;171650;171315;171415;69338;173527;5
2026.08.19;09:50:00;171415;171495;171165;171340;82456;223012;5
2026.08.19;09:55:00;171340;171725;171170;171570;64457;202067;5
2026.08.19;10:00:00;171575;172100;171470;171915;124351;369775;5
2026.08.19;10:05:00;171910;172290;171850;172140;111318;325700;5
2026.08.19;10:10:00;172140;172345;171655;171670;119080;347764;5
2026.08.19;10:15:00;171670;172115;171535;172090;110706;319123;5
2026.08.19;10:20:00;172090;172250;171780;171935;100918;308457;5
2026.08.19;10:25:00;171935;172480;171785;172295;104499;323161;5
2026.08.19;10:30:00;172295;172370;171935;172340;128190;427662;5
2026.08.19;10:35:00;172335;172645;172160;172545;102747;351819;5
2026.08.19;10:40:00;172545;172920;172460;172900;85517;304801;5
2026.08.19;10:45:00;172895;173285;172890;173230;89248;333641;5
2026.08.19;10:50:00;173225;173255;172710;173100;100080;357277;5
2026.08.19;10:55:00;173100;173530;173075;173300;79986;283933;5
2026.08.19;11:00:00;173295;173370;172865;173085;80902;300394;5
2026.08.19;11:05:00;173090;173300;172945;172955;67284;242186;5
2026.08.19;11:10:00;172960;173160;172790;172995;57908;211437;5
2026.08.19;11:15:00;172995;173245;172965;173125;50457;182735;5
2026.08.19;11:20:00;173120;173150;172875;172975;40594;149873;5
2026.08.19;11:25:00;172975;173130;172740;173040;63084;232150;5
2026.08.19;11:30:00;173035;173270;172930;173170;50883;187121;5
2026.08.19;11:35:00;173165;173245;173005;173040;35116;130719;5
2026.08.19;11:40:00;173045;173085;172810;172880;37690;139944;5
2026.08.19;11:45:00;172885;172905;172500;172505;55341;203245;5
2026.08.19;11:50:00;172510;172540;172265;172480;58807;215777;5
2026.08.19;11:55:00;172475;172805;172390;172575;58184;229339;5
2026.08.19;12:00:00;172580;172620;172340;172495;43023;169425;5
2026.08.19;12:05:00;172500;172515;172310;172405;22595;87801;5
2026.08.19;12:10:00;172400;172410;172045;172080;41596;160295;5
2026.08.19;12:15:00;172085;172125;171845;171860;37759;135111;5
2026.08.19;12:20:00;171860;171885;171700;171775;40318;153586;5
2026.08.19;12:25:00;171770;171805;171595;171640;31065;119759;5
2026.08.19;12:30:00;171645;171750;171495;171530;36304;136029;5
2026.08.19;12:35:00;171525;171655;171480;171515;26693;101243;5
2026.08.19;12:40:00;171515;171575;171440;171505;26520;99977;5
2026.08.19;12:45:00;171505;171515;171320;171340;33088;130430;5
2026.08.19;12:50:00;171345;171445;171235;171315;30799;114150;5
2026.08.19;12:55:00;171310;171360;171130;171225;30358;119489;5
2026.08.19;13:00:00;171220;171265;171070;171095;31815;125948;5
2026.08.19;13:05:00;171100;171320;171030;171260;34069;130977;5
2026.08.19;13:10:00;171260;171370;171195;171265;27889;118131;5
2026.08.19;13:15:00;171270;171325;171090;171110;24389;98674;5
2026.08.19;13:20:00;171115;171220;171060;171130;20367;80770;5
2026.08.19;13:25:00;171125;171135;170940;171000;28384;107537;5
2026.08.19;13:30:00;170995;171015;170850;170880;28065;104620;5
2026.08.19;13:35:00;170880;170945;170820;170845;24661;90767;5
2026.08.19;13:40:00;170850;170960;170785;170930;25948;92543;5
2026.08.19;13:45:00;170935;170970;170825;170915;24200;93261;5
2026.08.19;13:50:00;170915;170945;170845;170890;14313;54793;5
2026.08.19;13:55:00;170885;171170;170855;171035;41250;163371;5
2026.08.19;14:00:00;171035;171230;171000;171120;35336;133606;5
2026.08.19;14:05:00;171120;171155;170865;170880;37188;137435;5
2026.08.19;14:10:00;170880;170975;170865;170920;21857;82921;5
2026.08.19;14:15:00;170925;171000;170810;171000;27719;102779;5
2026.08.19;14:20:00;171000;171045;170885;170915;19521;70981;5
2026.08.19;14:25:00;170920;170925;170825;170870;13765;49435;5
2026.08.19;14:30:00;170875;170895;170710;170775;29156;112771;5
2026.08.19;14:35:00;170775;170860;170765;170790;18632;74220;5
2026.08.19;14:40:00;170785;171020;170750;170995;28689;110590;5
2026.08.19;14:45:00;171000;171075;170900;170905;24119;92163;5
2026.08.19;14:50:00;170905;170985;170850;170865;19608;75935;5
2026.08.19;14:55:00;170865;170980;170805;170875;18797;72529;5
2026.08.19;15:00:00;170870;170965;170820;170920;22636;90398;5
2026.08.19;15:05:00;170920;171030;170900;170935;22374;82692;5
2026.08.19;15:10:00;170930;171015;170900;170985;14505;52520;5
2026.08.19;15:15:00;170980;171035;170855;170870;19965;74389;5
2026.08.19;15:20:00;170870;170895;170765;170810;20151;75691;5
2026.08.19;15:25:00;170810;170860;170600;170665;31916;126379;5
2026.08.19;15:30:00;170665;170875;170650;170830;34236;137324;5
2026.08.19;15:35:00;170825;170855;170705;170825;20728;78911;5
2026.08.19;15:40:00;170820;171150;170810;171060;42607;172194;5
2026.08.19;15:45:00;171050;171095;170935;170975;23430;93224;5
2026.08.19;15:50:00;170975;171010;170875;170890;18618;70632;5
2026.08.19;15:55:00;170890;170895;170700;170700;29309;111621;5
2026.08.19;16:00:00;170700;170725;170570;170655;29939;110549;5
2026.08.19;16:05:00;170655;170695;170585;170635;15885;57960;5
2026.08.19;16:10:00;170635;170680;170460;170550;29351;110954;5
2026.08.19;16:15:00;170550;170760;170540;170745;27965;102524;5
2026.08.19;16:20:00;170745;170815;170680;170775;27785;108403;5
2026.08.19;16:25:00;170775;170910;170735;170905;26888;106314;5
2026.08.19;16:30:00;170900;170915;170750;170870;24069;87818;5
2026.08.19;16:35:00;170865;170900;170765;170810;20796;72418;5
2026.08.19;16:40:00;170805;170865;170790;170800;12373;43140;5
2026.08.19;16:45:00;170795;170825;170720;170800;21310;79582;5
2026.08.19;16:50:00;170800;170870;170740;170870;15641;56583;5
2026.08.19;16:55:00;170870;170945;170795;170845;26428;96517;5
2026.08.19;17:00:00;170840;170920;170800;170870;15193;54539;5
2026.08.19;17:05:00;170870;170945;170850;170905;10626;37418;5
2026.08.19;17:10:00;170905;171020;170905;170980;15267;54896;5
2026.08.19;17:15:00;170980;170985;170765;170820;20960;79862;5
2026.08.19;17:20:00;170820;170850;170805;170845;5135;17927;5
2026.08.19;17:25:00;170840;170910;170825;170900;9121;32519;5
2026.08.19;17:30:00;170895;171000;170880;170965;11431;40062;5
2026.08.19;17:35:00;170970;170975;170855;170875;10683;39039;5
2026.08.19;17:40:00;170875;170980;170865;170910;12609;40193;5
2026.08.19;17:45:00;170915;170970;170885;170960;9967;34791;5
2026.08.19;17:50:00;170960;170980;170895;170920;6766;19896;5
2026.08.19;17:55:00;170915;170975;170855;170920;9745;31896;5
2026.08.19;18:00:00;170925;171090;170905;171055;14268;45923;5
2026.08.19;18:05:00;171055;171090;170960;171030;12588;34710;5
2026.08.19;18:10:00;171025;171030;170950;170970;7950;19014;5
2026.08.19;18:15:00;170980;171100;170970;171065;9236;26060;5
2026.08.19;18:20:00;171070;171165;171035;171035;5529;37448;5
2026.08.20;09:00:00;170650;170650;169475;169605;224427;550234;5
2026.08.20;09:05:00;169610;169740;169420;169590;107384;257084;5
2026.08.20;09:10:00;169595;169645;169375;169530;77370;203717;5
2026.08.20;09:15:00;169535;169790;169455;169735;78523;208428;5
2026.08.20;09:20:00;169735;169800;169505;169735;77171;207832;5
2026.08.20;09:25:00;169735;169850;169640;169770;66876;182737;5
2026.08.20;09:30:00;169760;169830;169420;169550;86434;245857;5
2026.08.20;09:35:00;169550;169560;169330;169470;68240;192513;5
2026.08.20;09:40:00;169470;169620;169310;169560;61734;189119;5
2026.08.20;09:45:00;169555;169850;169520;169825;50507;147389;5
2026.08.20;09:50:00;169825;169965;169765;169855;69839;214984;5
2026.08.20;09:55:00;169860;170095;169845;170065;57856;180988;5
2026.08.20;10:00:00;170070;170220;169715;170060;145153;436020;5
2026.08.20;10:05:00;170060;170315;170015;170205;90865;292339;5
2026.08.20;10:10:00;170210;170260;169795;169880;127112;386182;5
2026.08.20;10:15:00;169875;170160;169780;169920;107741;344068;5
2026.08.20;10:20:00;169920;170225;169840;170170;80074;256155;5
2026.08.20;10:25:00;170165;170425;170155;170410;79079;261430;5
2026.08.20;10:30:00;170415;170800;170230;170720;167325;562068;5
2026.08.20;10:35:00;170725;171240;170695;171080;147373;490431;5
2026.08.20;10:40:00;171080;171285;170880;171185;105034;338741;5
2026.08.20;10:45:00;171185;171265;170720;170760;102412;345051;5
2026.08.20;10:50:00;170760;170995;170660;170835;84547;290572;5
2026.08.20;10:55:00;170830;171050;170695;170805;94699;318667;5
2026.08.20;11:00:00;170810;171315;170740;171015;96223;316358;5
2026.08.20;11:05:00;171015;171065;170855;170860;55293;175851;5
2026.08.20;11:10:00;170860;171210;170850;170995;69538;231556;5
2026.08.20;11:15:00;170995;171225;170905;170930;61789;202518;5
2026.08.20;11:20:00;170930;171210;170830;171155;64230;213162;5
2026.08.20;11:25:00;171155;171405;171085;171145;73239;243346;5
2026.08.20;11:30:00;171140;171380;170975;171305;67202;223411;5
2026.08.20;11:35:00;171310;171470;171235;171405;47764;162027;5
2026.08.20;11:40:00;171405;171970;171370;171865;86851;300717;5
2026.08.20;11:45:00;171865;171950;171560;171815;72773;248372;5
2026.08.20;11:50:00;171815;172195;171800;172065;67136;235504;5
2026.08.20;11:55:00;172065;172295;172065;172230;45448;170529;5
2026.08.20;12:00:00;172225;172770;172115;172620;93295;359127;5
2026.08.20;12:05:00;172615;172680;172165;172270;63077;240041;5
2026.08.20;12:10:00;172270;172470;172240;172310;47492;167999;5
2026.08.20;12:15:00;172315;172470;172180;172255;48820;173938;5
2026.08.20;12:20:00;172255;172305;171890;171980;59709;204781;5
2026.08.20;12:25:00;171975;172190;171965;172030;33322;115518;5
2026.08.20;12:30:00;172035;172085;171860;171945;37118;117276;5
2026.08.20;12:35:00;171940;171955;171480;171505;54683;184066;5
2026.08.20;12:40:00;171510;171570;171320;171400;48354;153863;5
2026.08.20;12:45:00;171400;171555;171270;171425;44141;144061;5
2026.08.20;12:50:00;171425;171460;171285;171345;25275;84694;5
2026.08.20;12:55:00;171340;171375;171230;171360;29167;98365;5
2026.08.20;13:00:00;171360;171555;171335;171395;39393;143650;5
2026.08.20;13:05:00;171395;171410;171285;171340;24359;84467;5
2026.08.20;13:10:00;171340;171340;171180;171235;27854;98420;5
2026.08.20;13:15:00;171230;171260;171155;171175;19501;69542;5
2026.08.20;13:20:00;171180;171200;171090;171155;22612;82621;5
2026.08.20;13:25:00;171155;171155;170990;171015;28534;97546;5
2026.08.20;13:30:00;171010;171050;170860;171040;37068;135352;5
2026.08.20;13:35:00;171035;171150;170985;171025;32980;116775;5
2026.08.20;13:40:00;171025;171165;170975;171060;26958;94276;5
2026.08.20;13:45:00;171055;171065;170875;170920;26037;95349;5
2026.08.20;13:50:00;170920;170940;170730;170780;30848;110181;5
2026.08.20;13:55:00;170775;170780;170455;170485;52326;197799;5
2026.08.20;14:00:00;170485;170600;170430;170515;32148;106044;5
2026.08.20;14:05:00;170515;170595;170485;170560;20420;67189;5
2026.08.20;14:10:00;170565;170575;170385;170415;26270;83360;5
2026.08.20;14:15:00;170410;170470;170230;170290;39480;133543;5
2026.08.20;14:20:00;170295;170330;170240;170310;21613;73994;5
2026.08.20;14:25:00;170305;170400;170255;170340;22106;72963;5
2026.08.20;14:30:00;170340;170480;170335;170360;28461;102662;5
2026.08.20;14:35:00;170360;170405;170245;170395;28857;99431;5
2026.08.20;14:40:00;170395;170460;170355;170450;21883;74094;5
2026.08.20;14:45:00;170455;170565;170410;170530;36101;139811;5
2026.08.20;14:50:00;170525;170585;170460;170545;22313;79800;5
2026.08.20;14:55:00;170545;170565;170465;170510;20597;79765;5
2026.08.20;15:00:00;170515;170575;170390;170435;35650;125246;5
2026.08.20;15:05:00;170435;170510;170415;170480;21660;79274;5
2026.08.20;15:10:00;170485;170510;170395;170480;19215;70015;5
2026.08.20;15:15:00;170480;170675;170460;170650;33163;120400;5
2026.08.20;15:20:00;170645;170725;170620;170710;27335;99480;5
2026.08.20;15:25:00;170715;170730;170630;170655;18730;68471;5
2026.08.20;15:30:00;170655;170720;170580;170710;28973;105655;5
2026.08.20;15:35:00;170715;170780;170680;170740;24520;86379;5
2026.08.20;15:40:00;170740;170765;170690;170740;12674;46299;5
2026.08.20;15:45:00;170735;170765;170625;170735;19485;67507;5
2026.08.20;15:50:00;170740;170800;170640;170670;23064;84036;5
2026.08.20;15:55:00;170670;170725;170505;170520;24413;89240;5
2026.08.20;16:00:00;170525;170540;170425;170520;32332;120864;5
2026.08.20;16:05:00;170520;170535;170385;170495;23528;91457;5
2026.08.20;16:10:00;170490;170560;170480;170560;14027;47845;5
2026.08.20;16:15:00;170555;170625;170475;170600;23385;86542;5
2026.08.20;16:20:00;170600;170715;170550;170695;24774;93251;5
2026.08.20;16:25:00;170700;170890;170695;170825;32603;128870;5
2026.08.20;16:30:00;170825;170935;170705;170745;32306;123575;5
2026.08.20;16:35:00;170740;170840;170725;170795;16747;58814;5
2026.08.20;16:40:00;170795;170835;170710;170740;17890;66226;5
2026.08.20;16:45:00;170740;170825;170690;170805;17070;61275;5
2026.08.20;16:50:00;170805;170820;170715;170735;14947;53518;5
2026.08.20;16:55:00;170740;170785;170650;170745;22996;83107;5
2026.08.20;17:00:00;170745;170885;170735;170875;18588;70023;5
2026.08.20;17:05:00;170880;170920;170810;170830;12460;48963;5
2026.08.20;17:10:00;170830;170925;170810;170890;11158;43877;5
2026.08.20;17:15:00;170890;170910;170725;170775;15371;64385;5
2026.08.20;17:20:00;170770;170775;170605;170645;14188;59218;5
2026.08.20;17:25:00;170645;170695;170615;170680;9124;34065;5
2026.08.20;17:30:00;170675;170800;170670;170765;12178;46236;5
2026.08.20;17:35:00;170770;170855;170760;170805;7692;26645;5
2026.08.20;17:40:00;170810;170860;170755;170795;11165;38613;5
2026.08.20;17:45:00;170795;170820;170770;170780;4650;15858;5
2026.08.20;17:50:00;170780;170785;170660;170735;12528;38575;5
2026.08.20;17:55:00;170730;170800;170675;170770;9612;27699;5
2026.08.20;18:00:00;170770;170855;170710;170815;16056;37059;5
2026.08.20;18:05:00;170815;170920;170790;170885;14824;36221;5
2026.08.20;18:10:00;170885;170915;170820;170885;9756;21453;5
2026.08.20;18:15:00;170885;170970;170860;170960;10488;23234;5
2026.08.20;18:20:00;170960;171020;170940;170990;5366;29501;5
2026.08.21;09:00:00;172250;172500;171380;171620;233998;548797;5
2026.08.21;09:05:00;171620;171865;171540;171580;80436;209936;5
2026.08.21;09:10:00;171575;171615;171075;171115;86778;259195;5
2026.08.21;09:15:00;171120;171250;171030;171070;61693;194079;5
2026.08.21;09:20:00;171070;171435;171025;171265;77319;236204;5
2026.08.21;09:25:00;171265;171540;171205;171385;62528;196997;5
2026.08.21;09:30:00;171390;171790;171320;171765;74845;235278;5
2026.08.21;09:35:00;171760;171825;171465;171530;70800;223829;5
2026.08.21;09:40:00;171530;171915;171485;171855;65996;200432;5
2026.08.21;09:45:00;171855;171860;171645;171700;39669;124448;5
2026.08.21;09:50:00;171705;171870;171655;171800;34940;116598;5
2026.08.21;09:55:00;171805;172070;171735;172025;46484;145050;5
2026.08.21;10:00:00;172025;172030;171690;171820;110393;333259;5
2026.08.21;10:05:00;171815;171855;171305;171390;108560;327217;5
2026.08.21;10:10:00;171385;171820;171370;171635;92928;291100;5
2026.08.21;10:15:00;171635;171940;171370;171455;104580;341321;5
2026.08.21;10:20:00;171455;171820;171380;171805;78436;251865;5
2026.08.21;10:25:00;171800;171965;171500;171940;95143;323787;5
2026.08.21;10:30:00;171945;172390;171935;172290;132062;440108;5
2026.08.21;10:35:00;172285;173345;172265;173225;161035;541579;5
2026.08.21;10:40:00;173225;173720;173105;173580;133674;454010;5
2026.08.21;10:45:00;173580;173600;172860;173235;130024;428213;5
2026.08.21;10:50:00;173235;173610;172940;173395;117086;369672;5
2026.08.21;10:55:00;173395;173730;173370;173600;66763;212298;5
2026.08.21;11:00:00;173600;173640;173130;173230;89200;299916;5
2026.08.21;11:05:00;173245;173430;173160;173350;46051;174533;5
2026.08.21;11:10:00;173345;173730;173345;173520;65359;247441;5
2026.08.21;11:15:00;173520;173945;173505;173895;63085;241849;5
2026.08.21;11:20:00;173890;174180;173805;173905;80957;307048;5
2026.08.21;11:25:00;173910;174365;173905;174160;75597;276709;5
2026.08.21;11:30:00;174160;174440;174090;174115;72088;262837;5
2026.08.21;11:35:00;174115;174180;173805;173875;79297;302265;5
2026.08.21;11:40:00;173865;174080;173855;174060;34741;134333;5
2026.08.21;11:45:00;174065;174255;173900;174105;55567;212106;5
2026.08.21;11:50:00;174105;174275;173880;173975;52348;190180;5
2026.08.21;11:55:00;173975;174040;173760;173775;37006;144481;5
2026.08.21;12:00:00;173780;174130;173730;174045;57074;219475;5
2026.08.21;12:05:00;174050;174170;173900;173925;36726;135296;5
2026.08.21;12:10:00;173925;174045;173800;173830;27386;103430;5
2026.08.21;12:15:00;173830;173920;173790;173860;22396;85721;5
2026.08.21;12:20:00;173870;174160;173805;174125;36354;131044;5
2026.08.21;12:25:00;174130;174390;174130;174335;38092;133647;5
2026.08.21;12:30:00;174335;174560;174310;174365;55850;215769;5
2026.08.21;12:35:00;174370;175010;174365;174810;72184;302050;5
2026.08.21;12:40:00;174805;174980;174755;174935;32855;129547;5
2026.08.21;12:45:00;174925;174965;174755;174790;28630;107589;5
2026.08.21;12:50:00;174785;174825;174520;174590;41029;162701;5
2026.08.21;12:55:00;174590;174620;174415;174495;28327;112002;5
2026.08.21;13:00:00;174490;174655;174410;174575;31831;125596;5
2026.08.21;13:05:00;174580;174615;174410;174500;27256;109074;5
2026.08.21;13:10:00;174500;174550;174375;174375;22300;81112;5
2026.08.21;13:15:00;174375;174405;174190;174215;37669;142576;5
2026.08.21;13:20:00;174210;174425;174035;174045;48126;177776;5
2026.08.21;13:25:00;174050;174085;173810;173885;36293;134812;5
2026.08.21;13:30:00;173885;173980;173825;173885;20896;82811;5
2026.08.21;13:35:00;173885;174220;173880;174155;36083;145725;5
2026.08.21;13:40:00;174155;174345;174045;174100;39324;150174;5
2026.08.21;13:45:00;174095;174270;174035;174150;26547;96660;5
2026.08.21;13:50:00;174150;174290;174105;174115;21019;74633;5
2026.08.21;13:55:00;174120;174155;174025;174045;19238;67198;5
2026.08.21;14:00:00;174045;174100;173965;174030;21483;76917;5
2026.08.21;14:05:00;174030;174065;173950;174050;16454;63263;5
2026.08.21;14:10:00;174050;174055;173800;173920;31102;110094;5
2026.08.21;14:15:00;173915;173965;173780;173840;25809;91440;5
2026.08.21;14:20:00;173835;173905;173740;173825;20800;70230;5
2026.08.21;14:25:00;173820;173935;173785;173795;20066;69109;5
2026.08.21;14:30:00;173795;173905;173750;173820;18020;61458;5
2026.08.21;14:35:00;173825;174025;173800;173865;27951;97641;5
2026.08.21;14:40:00;173860;173910;173800;173850;16267;64754;5
2026.08.21;14:45:00;173845;173890;173800;173820;12051;51646;5
2026.08.21;14:50:00;173820;173835;173680;173735;26526;93995;5
2026.08.21;14:55:00;173735;173875;173700;173830;22203;83880;5
2026.08.21;15:00:00;173830;174225;173825;174075;46211;167418;5
2026.08.21;15:05:00;174070;174125;174010;174080;21545;83056;5
2026.08.21;15:10:00;174080;174350;174060;174270;39675;145478;5
2026.08.21;15:15:00;174270;174320;174220;174285;15518;53731;5
2026.08.21;15:20:00;174285;174320;174190;174255;19543;66889;5
2026.08.21;15:25:00;174250;174420;174250;174305;26261;91596;5
2026.08.21;15:30:00;174305;174400;174220;174270;28025;99433;5
2026.08.21;15:35:00;174270;174315;173910;173940;37936;135132;5
2026.08.21;15:40:00;173945;174100;173925;174040;21386;76762;5
2026.08.21;15:45:00;174040;174095;173940;173970;17760;63613;5
2026.08.21;15:50:00;173970;174015;173875;174000;21900;74719;5
2026.08.21;15:55:00;174000;174025;173915;174000;16561;58150;5
2026.08.21;16:00:00;174000;174150;173990;174005;27396;100017;5
2026.08.21;16:05:00;174005;174040;173925;174020;17395;64439;5
2026.08.21;16:10:00;174020;174090;174000;174025;14350;54200;5
2026.08.21;16:15:00;174030;174065;173930;174040;17238;65605;5
2026.08.21;16:20:00;174040;174040;173930;173960;11446;43923;5
2026.08.21;16:25:00;173960;173980;173755;173835;27567;102965;5
2026.08.21;16:30:00;173840;173840;173625;173730;29132;118533;5
2026.08.21;16:35:00;173730;173925;173715;173855;22905;90695;5
2026.08.21;16:40:00;173855;173925;173825;173885;14725;63205;5
2026.08.21;16:45:00;173885;174035;173875;173970;22082;89529;5
2026.08.21;16:50:00;173965;174035;173765;173790;27081;103820;5
2026.08.21;16:55:00;173790;173900;173655;173865;28894;123033;5
2026.08.21;17:00:00;173870;173995;173775;173930;25180;98405;5
2026.08.21;17:05:00;173935;173990;173895;173955;11691;42940;5
2026.08.21;17:10:00;173960;173965;173855;173930;14906;46842;5
2026.08.21;17:15:00;173930;174220;173895;174085;27902;102446;5
2026.08.21;17:20:00;174085;174170;174065;174160;10104;36487;5
2026.08.21;17:25:00;174165;174200;174100;174165;9969;33397;5
2026.08.21;17:30:00;174165;174270;174125;174235;11313;35127;5
2026.08.21;17:35:00;174235;174320;174225;174290;8730;26609;5
2026.08.21;17:40:00;174285;174285;174060;174130;20974;66708;5
2026.08.21;17:45:00;174130;174165;174040;174145;11660;35216;5
2026.08.21;17:50:00;174150;174230;174095;174195;12200;35296;5
2026.08.21;17:55:00;174190;174210;174065;174090;9914;28265;5
2026.08.21;18:00:00;174090;174180;174070;174125;8369;19415;5
2026.08.21;18:05:00;174130;174215;174110;174145;6794;15774;5
2026.08.21;18:10:00;174140;174245;174120;174215;8642;23172;5
2026.08.21;18:15:00;174205;174225;174070;174095;7666;24463;5
2026.08.21;18:20:00;174105;174110;174035;174035;4879;30997;5
2026.08.24;09:00:00;173480;173595;172750;172910;208250;543305;5
2026.08.24;09:05:00;172915;173050;172415;172500;93775;264203;5
2026.08.24;09:10:00;172495;172745;172355;172400;90993;262340;5
2026.08.24;09:15:00;172400;172425;172215;172400;70618;217120;5
2026.08.24;09:20:00;172400;172475;172250;172435;60133;174529;5
2026.08.24;09:25:00;172430;172800;172420;172665;86267;258586;5
2026.08.24;09:30:00;172665;172690;172270;172540;106811;306760;5
2026.08.24;09:35:00;172540;172610;172415;172500;39942;119494;5
2026.08.24;09:40:00;172505;172515;172285;172370;49994;146953;5
2026.08.24;09:45:00;172370;172425;172305;172320;28145;81237;5
2026.08.24;09:50:00;172320;172550;172220;172425;61863;182021;5
2026.08.24;09:55:00;172425;172495;172350;172425;29104;86721;5
2026.08.24;10:00:00;172420;172635;172065;172385;154537;476529;5
2026.08.24;10:05:00;172380;172600;172260;172420;81813;238105;5
2026.08.24;10:10:00;172415;172540;172180;172255;85639;262305;5
2026.08.24;10:15:00;172260;172675;172250;172440;110511;353820;5
2026.08.24;10:20:00;172440;172525;172245;172290;83407;269393;5
2026.08.24;10:25:00;172290;172430;172000;172085;93447;305971;5
2026.08.24;10:30:00;172080;173285;172075;173125;239297;793646;5
2026.08.24;10:35:00;173125;173635;173000;173565;142941;429733;5
2026.08.24;10:40:00;173560;173875;173280;173525;160562;488594;5
2026.08.24;10:45:00;173525;173885;173060;173520;155094;483566;5
2026.08.24;10:50:00;173520;174515;173410;174350;137566;447862;5
2026.08.24;10:55:00;174355;174985;174355;174820;127360;417648;5
2026.08.24;11:00:00;174820;175110;174210;174270;154707;485727;5
2026.08.24;11:05:00;174270;174395;174145;174250;77197;222729;5
2026.08.24;11:10:00;174250;174480;174180;174325;69661;217502;5
2026.08.24;11:15:00;174325;174440;174030;174150;65765;212247;5
2026.08.24;11:20:00;174155;174425;174000;174400;71102;242431;5
2026.08.24;11:25:00;174405;174575;174300;174380;64911;217913;5
2026.08.24;11:30:00;174375;174820;174255;174730;82969;271172;5
2026.08.24;11:35:00;174730;174945;174650;174835;61797;193384;5
2026.08.24;11:40:00;174830;175000;174635;174840;72009;234272;5
2026.08.24;11:45:00;174840;175040;174770;174930;51156;162049;5
2026.08.24;11:50:00;174930;175325;174790;175290;64407;215348;5
2026.08.24;11:55:00;175290;175435;175165;175190;51398;178272;5
2026.08.24;12:00:00;175195;175280;175020;175065;52309;182543;5
2026.08.24;12:05:00;175065;175260;175055;175130;38485;135928;5
2026.08.24;12:10:00;175130;175540;175055;175490;50413;178522;5
2026.08.24;12:15:00;175485;175675;175415;175655;57450;208706;5
2026.08.24;12:20:00;175655;175850;175500;175845;49312;173215;5
2026.08.24;12:25:00;175845;176065;175830;175985;60216;223262;5
2026.08.24;12:30:00;175985;176015;175590;175620;49878;168841;5
2026.08.24;12:35:00;175620;175660;175380;175425;40318;140522;5
2026.08.24;12:40:00;175425;175485;175355;175395;27067;95905;5
2026.08.24;12:45:00;175400;175740;175375;175680;45360;154887;5
2026.08.24;12:50:00;175680;175730;175505;175530;32411;116040;5
2026.08.24;12:55:00;175530;175695;175485;175625;30431;111842;5
2026.08.24;13:00:00;175620;175725;175535;175595;28008;101005;5
2026.08.24;13:05:00;175595;175635;175500;175570;17886;61633;5
2026.08.24;13:10:00;175570;175590;175430;175585;24830;90653;5
2026.08.24;13:15:00;175590;175600;175455;175495;21792;79755;5
2026.08.24;13:20:00;175490;175535;175320;175375;29412;110311;5
2026.08.24;13:25:00;175370;175490;175335;175430;20784;80404;5
2026.08.24;13:30:00;175435;175660;175400;175435;36556;129187;5
2026.08.24;13:35:00;175440;175510;175355;175365;18263;70888;5
2026.08.24;13:40:00;175365;175390;175200;175230;30782;114990;5
2026.08.24;13:45:00;175230;175235;175005;175045;34867;132830;5
2026.08.24;13:50:00;175045;175080;174955;174990;17936;67991;5
2026.08.24;13:55:00;174985;175025;174900;174940;23731;89364;5
2026.08.24;14:00:00;174940;174980;174870;174920;18691;70153;5
2026.08.24;14:05:00;174920;175165;174800;175045;54832;208252;5
2026.08.24;14:10:00;175050;175275;175010;175230;31807;118063;5
2026.08.24;14:15:00;175225;175285;175130;175150;30982;112704;5
2026.08.24;14:20:00;175150;175165;174875;174960;42193;155663;5
2026.08.24;14:25:00;174955;175065;174890;174930;26142;91199;5
2026.08.24;14:30:00;174930;175030;174815;174865;29603;105965;5
2026.08.24;14:35:00;174860;174965;174845;174905;21534;78962;5
2026.08.24;14:40:00;174900;175030;174880;174930;21129;73544;5
2026.08.24;14:45:00;174930;174950;174675;174725;31822;112372;5
2026.08.24;14:50:00;174725;174925;174675;174870;28093;99836;5
2026.08.24;14:55:00;174870;174985;174820;174940;22321;74351;5
2026.08.24;15:00:00;174945;175020;174880;174995;25567;90006;5
2026.08.24;15:05:00;174990;175125;174890;174995;37875;132695;5
2026.08.24;15:10:00;174990;175025;174930;174985;14605;49948;5
2026.08.24;15:15:00;174990;175360;174985;175145;56872;205234;5
2026.08.24;15:20:00;175145;175170;174875;174905;30711;108501;5
2026.08.24;15:25:00;174905;175080;174870;175030;24414;89133;5
2026.08.24;15:30:00;175030;175090;174665;174700;46966;173391;5
2026.08.24;15:35:00;174705;174860;174700;174820;25549;96575;5
2026.08.24;15:40:00;174815;174920;174750;174900;22567;81099;5
2026.08.24;15:45:00;174895;174915;174800;174865;20668;79657;5
2026.08.24;15:50:00;174865;174940;174795;174905;20713;79113;5
2026.08.24;15:55:00;174900;174960;174865;174920;18588;74548;5
2026.08.24;16:00:00;174915;175075;174910;174990;24550;100973;5
2026.08.24;16:05:00;174985;175050;174950;174985;13945;55577;5
2026.08.24;16:10:00;174985;175070;174885;175040;24815;103285;5
2026.08.24;16:15:00;175040;175125;174980;175015;19747;76480;5
2026.08.24;16:20:00;175020;175035;174920;175020;20061;84562;5
2026.08.24;16:25:00;175020;175050;174920;174970;15429;58383;5
2026.08.24;16:30:00;174965;174975;174825;174870;20558;75920;5
2026.08.24;16:35:00;174865;174900;174770;174785;16123;56259;5
2026.08.24;16:40:00;174785;174955;174775;174875;24713;98894;5
2026.08.24;16:45:00;174875;174930;174740;174800;19327;75546;5
2026.08.24;16:50:00;174795;174805;174705;174775;17878;69409;5
2026.08.24;16:55:00;174775;174835;174605;174645;29614;115100;5
2026.08.24;17:00:00;174650;174830;174615;174800;24048;88338;5
2026.08.24;17:05:00;174800;174830;174715;174750;13781;51338;5
2026.08.24;17:10:00;174755;174770;174675;174755;12085;40227;5
2026.08.24;17:15:00;174755;174785;174655;174675;10721;40415;5
2026.08.24;17:20:00;174680;174740;174675;174725;9373;34464;5
2026.08.24;17:25:00;174725;174750;174675;174740;7671;25627;5
2026.08.24;17:30:00;174740;174750;174690;174715;5630;19815;5
2026.08.24;17:35:00;174715;174895;174715;174855;15466;55265;5
2026.08.24;17:40:00;174850;174890;174820;174865;8550;27099;5
2026.08.24;17:45:00;174855;174875;174805;174825;5556;16399;5
2026.08.24;17:50:00;174820;174825;174725;174735;10242;32154;5
2026.08.24;17:55:00;174730;174895;174730;174860;10803;31897;5
2026.08.24;18:00:00;174860;174880;174760;174860;10295;24408;5
2026.08.24;18:05:00;174860;174865;174785;174830;5783;13557;5
2026.08.24;18:10:00;174825;174830;174740;174800;8115;21503;5
2026.08.24;18:15:00;174800;174835;174675;174720;8294;25827;5
2026.08.24;18:20:00;174720;174720;174625;174715;5107;33729;5
2026.08.25;09:00:00;174565;175380;174275;174805;187112;473685;5
2026.08.25;09:05:00;174805;175065;174455;174840;121185;304032;5
2026.08.25;09:10:00;174845;174885;174550;174770;74661;199938;5
2026.08.25;09:15:00;174770;174845;174645;174765;42068;121316;5
2026.08.25;09:20:00;174765;174775;174465;174495;62908;183070;5
2026.08.25;09:25:00;174495;174545;174370;174435;60116;181112;5
2026.08.25;09:30:00;174435;174845;174325;174565;102347;300106;5
2026.08.25;09:35:00;174565;174570;174325;174390;60758;184813;5
2026.08.25;09:40:00;174385;174710;174360;174615;76299;226497;5
2026.08.25;09:45:00;174615;174735;174335;174385;74130;218463;5
2026.08.25;09:50:00;174390;174460;174210;174235;67909;202317;5
2026.08.25;09:55:00;174235;174360;174170;174260;62917;190267;5
2026.08.25;10:00:00;174260;174685;174200;174625;140332;411741;5
2026.08.25;10:05:00;174625;174880;174420;174725;141728;423002;5
2026.08.25;10:10:00;174725;174950;174550;174710;114532;364248;5
2026.08.25;10:15:00;174705;174795;174285;174705;113218;342450;5
2026.08.25;10:20:00;174700;175025;174605;174790;115847;372408;5
2026.08.25;10:25:00;174785;175290;174745;175040;117099;384442;5
2026.08.25;10:30:00;175040;175095;174115;174400;183038;602612;5
2026.08.25;10:35:00;174400;174630;174235;174255;114127;361125;5
2026.08.25;10:40:00;174255;174295;173880;173985;126787;408622;5
2026.08.25;10:45:00;173985;174385;173875;174075;117298;373557;5
2026.08.25;10:50:00;174075;174150;173920;173965;70262;241434;5
2026.08.25;10:55:00;173970;174260;173930;174195;53184;183112;5
2026.08.25;11:00:00;174195;174510;174060;174370;84571;274221;5
2026.08.25;11:05:00;174370;174825;174350;174605;90309;302928;5
2026.08.25;11:10:00;174605;174695;174445;174595;52887;176617;5
2026.08.25;11:15:00;174595;174775;174485;174530;57858;198878;5
2026.08.25;11:20:00;174530;174795;174500;174570;47827;163125;5
2026.08.25;11:25:00;174565;174725;174545;174580;38501;133108;5
2026.08.25;11:30:00;174580;174645;174365;174505;75450;256755;5
2026.08.25;11:35:00;174510;174680;174415;174605;47893;159107;5
2026.08.25;11:40:00;174605;174715;174295;174635;72885;255338;5
2026.08.25;11:45:00;174635;174775;174490;174545;52944;186254;5
2026.08.25;11:50:00;174545;174600;174310;174420;46827;162048;5
2026.08.25;11:55:00;174425;174515;174360;174470;27036;93418;5
2026.08.25;12:00:00;174470;174890;174430;174820;70097;244628;5
2026.08.25;12:05:00;174820;174875;174670;174765;41908;148785;5
2026.08.25;12:10:00;174760;175020;174745;174890;50484;176971;5
2026.08.25;12:15:00;174890;175050;174800;175020;38306;130061;5
2026.08.25;12:20:00;175020;175430;175000;175195;74117;260093;5
2026.08.25;12:25:00;175200;175500;175150;175330;56105;199609;5
2026.08.25;12:30:00;175325;175535;175325;175440;41984;146931;5
2026.08.25;12:35:00;175440;175750;175400;175700;52311;193245;5
2026.08.25;12:40:00;175700;175780;175580;175650;44333;167554;5
2026.08.25;12:45:00;175650;175740;175625;175685;22788;86673;5
2026.08.25;12:50:00;175690;176020;175675;175965;56853;221651;5
2026.08.25;12:55:00;175965;176360;175960;176220;72634;286525;5
2026.08.25;13:00:00;176220;176395;175950;176010;57851;220348;5
2026.08.25;13:05:00;176010;176040;175805;175880;38336;146739;5
2026.08.25;13:10:00;175875;176140;175835;176055;39687;148011;5
2026.08.25;13:15:00;176055;176160;176015;176095;20151;71904;5
2026.08.25;13:20:00;176090;176220;176015;176170;25556;89886;5
2026.08.25;13:25:00;176175;176245;176115;176200;26342;92345;5
2026.08.25;13:30:00;176195;176330;176170;176280;28363;108055;5
2026.08.25;13:35:00;176285;176365;176240;176260;23077;83833;5
2026.08.25;13:40:00;176260;176360;176210;176255;23371;87135;5
2026.08.25;13:45:00;176260;176380;176175;176220;33965;130850;5
2026.08.25;13:50:00;176220;176305;176180;176210;19689;76791;5
2026.08.25;13:55:00;176205;176325;176180;176285;21230;78694;5
2026.08.25;14:00:00;176280;176340;176200;176230;22416;86575;5
2026.08.25;14:05:00;176230;176230;176040;176125;42089;161706;5
2026.08.25;14:10:00;176130;176150;176015;176030;19313;72509;5
2026.08.25;14:15:00;176030;176080;175985;176030;20154;78671;5
2026.08.25;14:20:00;176030;176130;175970;176095;27779;102060;5
2026.08.25;14:25:00;176095;176100;176030;176060;12907;47771;5
2026.08.25;14:30:00;176065;176320;176045;176280;46682;195813;5
2026.08.25;14:35:00;176285;176420;176245;176365;31284;117616;5
2026.08.25;14:40:00;176370;176555;176325;176510;40603;158061;5
2026.08.25;14:45:00;176515;176650;176425;176435;46272;179199;5
2026.08.25;14:50:00;176440;176680;176415;176640;38174;152100;5
2026.08.25;14:55:00;176640;176760;176600;176640;32708;134150;5
2026.08.25;15:00:00;176640;176780;176435;176520;49587;183368;5
2026.08.25;15:05:00;176520;176680;176490;176535;32715;126232;5
2026.08.25;15:10:00;176540;176610;176465;176545;25479;96170;5
2026.08.25;15:15:00;176550;176570;176375;176410;32683;123047;5
2026.08.25;15:20:00;176410;176435;176320;176410;26369;103636;5
2026.08.25;15:25:00;176410;176565;176350;176415;39231;149286;5
2026.08.25;15:30:00;176415;176435;176270;176315;28245;102926;5
2026.08.25;15:35:00;176310;176390;176170;176205;32084;122635;5
2026.08.25;15:40:00;176210;176325;176145;176295;27799;109519;5
2026.08.25;15:45:00;176290;176560;176290;176495;50977;197539;5
2026.08.25;15:50:00;176495;176645;176435;176610;29237;110339;5
2026.08.25;15:55:00;176610;176700;176515;176600;33559;129945;5
2026.08.25;16:00:00;176600;176705;176575;176675;25591;98839;5
2026.08.25;16:05:00;176675;176800;176660;176755;29171;109186;5
2026.08.25;16:10:00;176760;177135;176735;177080;53499;203906;5
2026.08.25;16:15:00;177080;177190;177065;177155;28913;106045;5
2026.08.25;16:20:00;177155;177245;177020;177205;45287;163755;5
2026.08.25;16:25:00;177200;177460;177185;177385;40094;151465;5
2026.08.25;16:30:00;177390;177485;177205;177305;42686;169578;5
2026.08.25;16:35:00;177305;177450;177300;177420;28845;113605;5
2026.08.25;16:40:00;177425;177450;177355;177395;17901;65606;5
2026.08.25;16:45:00;177395;177480;177275;177430;32360;124002;5
2026.08.25;16:50:00;177430;177770;177420;177685;46774;180590;5
2026.08.25;16:55:00;177680;177700;177580;177635;25156;99300;5
2026.08.25;17:00:00;177635;177715;177380;177450;35955;135741;5
2026.08.25;17:05:00;177450;177640;177430;177555;21170;82668;5
2026.08.25;17:10:00;177550;177580;177310;177350;24023;93504;5
2026.08.25;17:15:00;177350;177425;177325;177420;14132;54064;5
2026.08.25;17:20:00;177420;177435;177370;177395;8191;35100;5
2026.08.25;17:25:00;177390;177465;177330;177390;15980;57456;5
2026.08.25;17:30:00;177390;177585;177385;177530;17634;61344;5
2026.08.25;17:35:00;177535;177725;177525;177650;16687;56801;5
2026.08.25;17:40:00;177650;177715;177620;177660;11991;36239;5
2026.08.25;17:45:00;177655;177690;177545;177585;16744;52327;5
2026.08.25;17:50:00;177585;177690;177570;177620;10078;28844;5
2026.08.25;17:55:00;177625;177650;177555;177575;8424;25638;5
2026.08.25;18:00:00;177575;177690;177560;177635;13468;32150;5
2026.08.25;18:05:00;177640;177760;177610;177715;12642;31260;5
2026.08.25;18:10:00;177715;177775;177600;177665;17253;42760;5
2026.08.25;18:15:00;177660;177695;177530;177625;13606;39600;5
2026.08.25;18:20:00;177625;177625;177465;177465;5729;39083;5
2026.08.26;09:00:00;178005;178630;177565;178605;122655;358217;5
2026.08.26;09:05:00;178605;179050;178570;178790;123834;334853;5
2026.08.26;09:10:00;178790;178900;178660;178770;68212;193675;5
2026.08.26;09:15:00;178765;178800;178360;178550;95159;286888;5
2026.08.26;09:20:00;178545;178720;178410;178550;73913;227792;5
2026.08.26;09:25:00;178555;178600;178230;178330;51430;155573;5
2026.08.26;09:30:00;178335;178410;177695;177845;123307;361507;5
2026.08.26;09:35:00;177845;177935;177575;177685;84385;250484;5
2026.08.26;09:40:00;177680;177710;177240;177465;97482;301231;5
2026.08.26;09:45:00;177465;177790;177405;177765;75865;228223;5
2026.08.26;09:50:00;177765;177850;177600;177750;77272;231149;5
2026.08.26;09:55:00;177750;177765;177410;177430;59419;187737;5
2026.08.26;10:00:00;177430;177730;177190;177520;150756;470181;5
2026.08.26;10:05:00;177520;177715;177440;177640;70123;219916;5
2026.08.26;10:10:00;177640;178425;177635;178415;128530;410859;5
2026.08.26;10:15:00;178410;178665;178180;178545;143502;462649;5
2026.08.26;10:20:00;178550;179030;178480;179000;110743;375164;5
2026.08.26;10:25:00;179005;179135;178750;178870;129438;429599;5
2026.08.26;10:30:00;178865;179025;178050;178115;163834;545162;5
2026.08.26;10:35:00;178110;178405;177840;178360;109991;372400;5
2026.08.26;10:40:00;178355;178475;178045;178210;104128;341058;5
2026.08.26;10:45:00;178205;178775;178185;178760;88168;291588;5
2026.08.26;10:50:00;178760;178970;178665;178880;75759;262679;5
2026.08.26;10:55:00;178875;178990;178570;178670;67204;239297;5
2026.08.26;11:00:00;178670;179065;178645;178935;85458;297865;5
2026.08.26;11:05:00;178935;179080;178515;178820;86702;307747;5
2026.08.26;11:10:00;178815;178975;178645;178755;65733;228080;5
2026.08.26;11:15:00;178750;178775;178430;178495;57227;193548;5
2026.08.26;11:20:00;178495;178510;177960;178110;82659;301474;5
2026.08.26;11:25:00;178115;178115;177710;177780;59952;202274;5
2026.08.26;11:30:00;177775;178280;177765;178250;68584;247783;5
2026.08.26;11:35:00;178250;178350;178070;178165;60444;211834;5
2026.08.26;11:40:00;178160;178195;177945;177975;46847;172194;5
2026.08.26;11:45:00;177975;178010;177825;177835;44028;157175;5
2026.08.26;11:50:00;177835;178090;177810;177945;49287;173896;5
2026.08.26;11:55:00;177945;178065;177900;177980;37110;127510;5
2026.08.26;12:00:00;177985;178135;177930;178050;30700;108104;5
2026.08.26;12:05:00;178050;178095;177890;177995;32290;108934;5
2026.08.26;12:10:00;178000;178005;177915;177985;21943;79200;5
2026.08.26;12:15:00;177980;178030;177890;178025;22217;82950;5
2026.08.26;12:20:00;178020;178085;177930;178005;23495;88146;5
2026.08.26;12:25:00;178005;178085;177865;177880;27932;104285;5
2026.08.26;12:30:00;177880;177940;177820;177900;24556;88373;5
2026.08.26;12:35:00;177905;177995;177805;177965;25875;96115;5
2026.08.26;12:40:00;177965;178100;177930;178010;31414;113536;5
2026.08.26;12:45:00;178015;178015;177860;177865;21084;78168;5
2026.08.26;12:50:00;177870;177870;177550;177645;53988;216084;5
2026.08.26;12:55:00;177650;177850;177625;177810;35260;127042;5
2026.08.26;13:00:00;177810;177835;177710;177765;20500;76349;5
2026.08.26;13:05:00;177765;177895;177740;177870;21983;77499;5
2026.08.26;13:10:00;177865;177910;177770;177850;19765;73441;5
2026.08.26;13:15:00;177850;177895;177745;177840;21606;78730;5
2026.08.26;13:20:00;177835;178095;177830;178030;46312;170284;5
2026.08.26;13:25:00;178030;178160;178025;178045;28018;103036;5
2026.08.26;13:30:00;178045;178100;177905;177960;29869;111754;5
2026.08.26;13:35:00;177955;178060;177875;177980;26509;97357;5
2026.08.26;13:40:00;177980;178000;177665;177730;40018;153323;5
2026.08.26;13:45:00;177730;177735;177435;177580;52371;182312;5
2026.08.26;13:50:00;177585;177620;177490;177500;24184;87160;5
2026.08.26;13:55:00;177500;177705;177490;177685;28532;96818;5
2026.08.26;14:00:00;177690;177975;177670;177940;40698;140936;5
2026.08.26;14:05:00;177935;177955;177805;177825;26620;98168;5
2026.08.26;14:10:00;177830;177895;177745;177820;28028;101321;5
2026.08.26;14:15:00;177825;177905;177810;177835;15571;61586;5
2026.08.26;14:20:00;177840;178040;177795;177900;33413;125471;5
2026.08.26;14:25:00;177905;177935;177865;177905;13687;48295;5
2026.08.26;14:30:00;177905;177920;177680;177765;36212;129207;5
2026.08.26;14:35:00;177765;177815;177670;177785;22218;79336;5
2026.08.26;14:40:00;177785;177850;177680;177735;24648;87904;5
2026.08.26;14:45:00;177730;177770;177650;177735;19265;64853;5
2026.08.26;14:50:00;177740;177765;177700;177735;11727;42474;5
2026.08.26;14:55:00;177735;177785;177650;177760;21891;85267;5
2026.08.26;15:00:00;177760;177835;177695;177825;22167;82860;5
2026.08.26;15:05:00;177825;177835;177595;177645;29362;106681;5
2026.08.26;15:10:00;177645;177650;177535;177580;20345;69730;5
2026.08.26;15:15:00;177575;177600;177490;177500;19708;70597;5
2026.08.26;15:20:00;177500;177595;177355;177430;39801;148545;5
2026.08.26;15:25:00;177425;177430;177285;177355;25922;95419;5
2026.08.26;15:30:00;177350;177355;176910;177025;64477;253892;5
2026.08.26;15:35:00;177030;177150;177020;177135;27602;108515;5
2026.08.26;15:40:00;177130;177320;177125;177280;32480;125133;5
2026.08.26;15:45:00;177280;177410;177215;177370;29317;106985;5
2026.08.26;15:50:00;177370;177460;177310;177395;25249;93652;5
2026.08.26;15:55:00;177390;177410;177230;177400;29936;121003;5
2026.08.26;16:00:00;177395;177645;177390;177545;43125;171925;5
2026.08.26;16:05:00;177550;177690;177530;177630;23201;87763;5
2026.08.26;16:10:00;177630;177685;177565;177630;19717;73114;5
2026.08.26;16:15:00;177630;177630;177465;177535;26694;97542;5
2026.08.26;16:20:00;177530;177575;177470;177565;16799;66094;5
2026.08.26;16:25:00;177565;177625;177500;177525;18336;68780;5
2026.08.26;16:30:00;177520;177600;177470;177500;17779;62183;5
2026.08.26;16:35:00;177495;177525;177420;177460;21422;78782;5
2026.08.26;16:40:00;177460;177495;177360;177395;18020;66377;5
2026.08.26;16:45:00;177395;177465;177375;177425;14422;55190;5
2026.08.26;16:50:00;177425;177430;177165;177235;33195;130424;5
2026.08.26;16:55:00;177235;177340;177215;177310;21828;83492;5
2026.08.26;17:00:00;177310;177430;177295;177365;24276;87834;5
2026.08.26;17:05:00;177370;177660;177360;177570;28866;110746;5
2026.08.26;17:10:00;177575;177585;177525;177530;8926;32913;5
2026.08.26;17:15:00;177535;177590;177425;177570;19337;76477;5
2026.08.26;17:20:00;177575;177625;177530;177590;12436;46062;5
2026.08.26;17:25:00;177590;177655;177580;177630;9437;32701;5
2026.08.26;17:30:00;177630;177645;177505;177560;11887;41198;5
2026.08.26;17:35:00;177555;177750;177550;177720;15917;57749;5
2026.08.26;17:40:00;177720;177810;177660;177715;16403;53314;5
2026.08.26;17:45:00;177710;177735;177650;177690;8944;28583;5
2026.08.26;17:50:00;177685;177720;177645;177695;6664;20979;5
2026.08.26;17:55:00;177700;177800;177685;177780;8103;26305;5
2026.08.26;18:00:00;177780;177875;177680;177835;17545;41801;5
2026.08.26;18:05:00;177830;177865;177760;177795;9896;23191;5
2026.08.26;18:10:00;177795;177925;177785;177860;13666;33580;5
2026.08.26;18:15:00;177865;177945;177835;177900;8089;22325;5
2026.08.26;18:20:00;177905;177945;177845;177900;4159;30875;5
2026.08.27;09:00:00;177670;177925;177270;177355;110357;323883;5
2026.08.27;09:05:00;177355;177460;176690;177215;151774;440720;5
2026.08.27;09:10:00;177215;177570;177105;177445;79657;240786;5
2026.08.27;09:15:00;177445;177505;177065;177295;91362;272204;5
2026.08.27;09:20:00;177295;177345;177030;177215;67468;200331;5
2026.08.27;09:25:00;177220;177265;176745;176910;74335;213696;5
2026.08.27;09:30:00;176915;177240;176880;177075;86714;248097;5
2026.08.27;09:35:00;177075;177260;177045;177160;55731;167554;5
2026.08.27;09:40:00;177160;177240;177030;177050;42550;122031;5
2026.08.27;09:45:00;177045;177120;176940;176995;51339;149885;5
2026.08.27;09:50:00;176995;177005;176655;176765;62695;183156;5
2026.08.27;09:55:00;176765;176900;176625;176845;57309;170856;5
2026.08.27;10:00:00;176845;176855;176105;176260;144849;437204;5
2026.08.27;10:05:00;176260;176570;176190;176525;89549;267093;5
2026.08.27;10:10:00;176525;176990;176490;176825;116926;366817;5
2026.08.27;10:15:00;176820;177075;176620;176655;112320;349302;5
2026.08.27;10:20:00;176655;177000;176600;176820;97292;308117;5
2026.08.27;10:25:00;176825;177135;176660;176845;104095;340989;5
2026.08.27;10:30:00;176845;177110;176470;176960;155263;510202;5
2026.08.27;10:35:00;176955;177305;176760;176810;137048;453270;5
2026.08.27;10:40:00;176815;176845;176505;176565;86295;291018;5
2026.08.27;10:45:00;176565;176900;176500;176655;105777;341766;5
2026.08.27;10:50:00;176655;176850;176410;176755;77502;256118;5
2026.08.27;10:55:00;176750;176820;176365;176430;59729;196975;5
2026.08.27;11:00:00;176430;176995;176390;176905;78496;257527;5
2026.08.27;11:05:00;176905;177140;176600;176950;94497;312012;5
2026.08.27;11:10:00;176945;177060;176625;176740;67660;230147;5
2026.08.27;11:15:00;176740;176890;176650;176790;49054;169318;5
2026.08.27;11:20:00;176790;176900;176610;176665;47334;157590;5
2026.08.27;11:25:00;176660;176665;176220;176520;76758;270231;5
2026.08.27;11:30:00;176515;176730;176395;176575;66592;221975;5
2026.08.27;11:35:00;176575;176930;176540;176865;60236;208393;5
2026.08.27;11:40:00;176870;177210;176860;177095;55627;186613;5
2026.08.27;11:45:00;177100;177535;177090;177395;78834;269973;5
2026.08.27;11:50:00;177395;177575;177260;177415;68077;231124;5
2026.08.27;11:55:00;177420;177440;176910;176950;69308;241988;5
2026.08.27;12:00:00;176950;177135;176785;176870;65716;220983;5
2026.08.27;12:05:00;176875;176980;176690;176920;49701;164378;5
2026.08.27;12:10:00;176920;177115;176905;177025;43907;143378;5
2026.08.27;12:15:00;177025;177230;177015;177100;39836;128719;5
2026.08.27;12:20:00;177100;177240;177050;177240;30628;104850;5
2026.08.27;12:25:00;177240;177315;177205;177240;27225;93869;5
2026.08.27;12:30:00;177240;177415;177235;177400;32440;112522;5
2026.08.27;12:35:00;177400;177585;177345;177485;35380;118994;5
2026.08.27;12:40:00;177485;177685;177465;177585;38153;128920;5
2026.08.27;12:45:00;177585;177585;177330;177445;49532;179688;5
2026.08.27;12:50:00;177445;177570;177415;177460;28799;98043;5
2026.08.27;12:55:00;177460;177595;177445;177545;25092;81467;5
2026.08.27;13:00:00;177540;177625;177480;177520;26449;90813;5
2026.08.27;13:05:00;177520;177570;177450;177480;18779;66570;5
2026.08.27;13:10:00;177480;177700;177450;177655;31492;113380;5
2026.08.27;13:15:00;177655;177745;177630;177690;23563;83946;5
2026.08.27;13:20:00;177690;177775;177610;177680;27319;93898;5
2026.08.27;13:25:00;177675;177705;177575;177620;17840;64822;5
2026.08.27;13:30:00;177620;177735;177595;177660;24100;82085;5
2026.08.27;13:35:00;177660;177825;177635;177780;24606;86002;5
2026.08.27;13:40:00;177785;177890;177745;177850;28797;105134;5
2026.08.27;13:45:00;177850;177880;177665;177705;33753;120291;5
2026.08.27;13:50:00;177700;177900;177665;177810;25901;89140;5
2026.08.27;13:55:00;177815;177880;177755;177815;18763;67661;5
2026.08.27;14:00:00;177815;177965;177780;177865;38505;138194;5
2026.08.27;14:05:00;177865;178055;177845;178025;34024;126705;5
2026.08.27;14:10:00;178030;178235;177990;178165;40151;149974;5
2026.08.27;14:15:00;178165;178195;177985;178055;34088;126923;5
2026.08.27;14:20:00;178060;178110;177870;178015;36426;130283;5
2026.08.27;14:25:00;178015;178105;177935;177965;28169;107560;5
2026.08.27;14:30:00;177965;178185;177965;178115;31520;119501;5
2026.08.27;14:35:00;178115;178120;177995;178035;21011;75890;5
2026.08.27;14:40:00;178040;178080;177955;177985;20616;74424;5
2026.08.27;14:45:00;177985;178070;177910;178060;24998;91682;5
2026.08.27;14:50:00;178060;178140;177880;177940;36089;134349;5
2026.08.27;14:55:00;177940;178040;177910;177970;20138;72403;5
2026.08.27;15:00:00;177975;177985;177710;177900;45337;169870;5
2026.08.27;15:05:00;177905;178205;177895;178145;43281;148484;5
2026.08.27;15:10:00;178145;178175;178020;178085;24127;87900;5
2026.08.27;15:15:00;178085;178260;178070;178160;34694;125526;5
2026.08.27;15:20:00;178160;178220;178130;178170;14635;54396;5
2026.08.27;15:25:00;178170;178180;178050;178110;22320;80393;5
2026.08.27;15:30:00;178110;178190;178085;178140;19094;75345;5
2026.08.27;15:35:00;178140;178245;178120;178145;23819;84520;5
2026.08.27;15:40:00;178145;178180;178030;178095;23816;82849;5
2026.08.27;15:45:00;178095;178120;177965;177970;26349;100776;5
2026.08.27;15:50:00;177975;178005;177860;177895;25961;96399;5
2026.08.27;15:55:00;177890;178100;177880;178035;29126;109625;5
2026.08.27;16:00:00;178035;178150;177995;178015;25967;94576;5
2026.08.27;16:05:00;178015;178145;177995;178095;17656;66574;5
2026.08.27;16:10:00;178095;178195;178040;178045;18097;62948;5
2026.08.27;16:15:00;178050;178080;177930;177975;20685;80150;5
2026.08.27;16:20:00;177970;178020;177910;177970;18044;70968;5
2026.08.27;16:25:00;177970;178050;177890;178035;19225;70230;5
2026.08.27;16:30:00;178035;178220;178030;178165;23941;88766;5
2026.08.27;16:35:00;178170;178280;178135;178185;24520;86486;5
2026.08.27;16:40:00;178190;178210;178025;178040;21080;75629;5
2026.08.27;16:45:00;178045;178100;177975;177990;16715;57498;5
2026.08.27;16:50:00;177995;178090;177910;178035;25553;97538;5
2026.08.27;16:55:00;178035;178095;177965;178005;18591;67670;5
2026.08.27;17:00:00;178000;178025;177825;177880;25622;92286;5
2026.08.27;17:05:00;177880;177955;177775;177830;22164;79768;5
2026.08.27;17:10:00;177830;177835;177635;177710;25313;90646;5
2026.08.27;17:15:00;177710;177790;177665;177785;12487;43546;5
2026.08.27;17:20:00;177785;177840;177740;177755;10324;35718;5
2026.08.27;17:25:00;177760;177790;177680;177765;11850;42836;5
2026.08.27;17:30:00;177765;177770;177700;177755;6177;21209;5
2026.08.27;17:35:00;177755;177785;177725;177750;4628;17032;5
2026.08.27;17:40:00;177755;177780;177740;177770;3339;11088;5
2026.08.27;17:45:00;177770;177780;177715;177735;5132;17055;5
2026.08.27;17:50:00;177730;177825;177690;177815;9021;29546;5
2026.08.27;17:55:00;177810;177895;177780;177865;12211;38283;5
2026.08.27;18:00:00;177860;177870;177715;177740;12417;30212;5
2026.08.27;18:05:00;177740;177860;177680;177830;12818;30349;5
2026.08.27;18:10:00;177830;177850;177710;177735;9597;22720;5
2026.08.27;18:15:00;177735;177795;177705;177755;7850;21100;5
2026.08.27;18:20:00;177755;177790;177705;177725;4541;31394;5
2026.08.28;09:00:00;177645;178245;177400;178050;107375;298963;5
2026.08.28;09:05:00;178050;179060;177965;178910;153042;408101;5
2026.08.28;09:10:00;178910;178930;178470;178605;96999;273880;5
2026.08.28;09:15:00;178605;178965;178535;178895;75092;202880;5
2026.08.28;09:20:00;178890;179220;178870;179180;83958;253289;5
2026.08.28;09:25:00;179175;179210;178955;178995;70826;208241;5
2026.08.28;09:30:00;178995;179150;178935;178990;46292;138366;5
2026.08.28;09:35:00;178995;179010;178385;178480;89873;272136;5
2026.08.28;09:40:00;178480;178560;178340;178475;63734;203943;5
2026.08.28;09:45:00;178470;178500;178320;178440;44152;145488;5
2026.08.28;09:50:00;178445;178515;177910;178045;102760;315135;5
2026.08.28;09:55:00;178045;178240;177970;178125;54997;170618;5
2026.08.28;10:00:00;178125;178635;178045;178515;124263;387308;5
2026.08.28;10:05:00;178510;178780;178415;178490;115355;374863;5
2026.08.28;10:10:00;178490;179115;178430;179115;128176;408824;5
2026.08.28;10:15:00;179110;179115;178375;178585;124185;387679;5
2026.08.28;10:20:00;178590;178700;178295;178390;92423;290678;5
2026.08.28;10:25:00;178390;178395;178160;178165;60757;209633;5
2026.08.28;10:30:00;178165;178410;177875;178080;130116;440963;5
2026.08.28;10:35:00;178085;178300;177855;177955;84488;292240;5
2026.08.28;10:40:00;177960;178025;177680;177780;71689;242689;5
2026.08.28;10:45:00;177775;177940;177735;177850;53142;184750;5
2026.08.28;10:50:00;177850;178070;177685;177805;74866;261228;5
2026.08.28;10:55:00;177810;178265;177590;177665;65221;216625;5
2026.08.28;11:00:00;177675;178175;177450;177855;98668;310644;5
2026.08.28;11:05:00;177850;177935;177585;177745;70956;228891;5
2026.08.28;11:10:00;177745;177855;177450;177535;65905;221777;5
2026.08.28;11:15:00;177535;177770;177145;177165;109112;361604;5
2026.08.28;11:20:00;177165;177525;177130;177370;97849;311158;5
2026.08.28;11:25:00;177365;177565;177130;177405;73858;235658;5
2026.08.28;11:30:00;177400;177640;177330;177610;61987;204895;5
2026.08.28;11:35:00;177605;177635;177310;177340;46303;154464;5
2026.08.28;11:40:00;177340;177575;177320;177475;39162;127219;5
2026.08.28;11:45:00;177470;177490;177150;177210;44328;149825;5
2026.08.28;11:50:00;177210;177280;177025;177135;38062;137630;5
2026.08.28;11:55:00;177135;177290;177110;177195;43983;158828;5
2026.08.28;12:00:00;177190;177270;177070;177125;33452;112374;5
2026.08.28;12:05:00;177125;177140;176945;177000;38316;131312;5
2026.08.28;12:10:00;176995;177060;176905;176955;30453;103536;5
2026.08.28;12:15:00;176950;177250;176905;177025;50675;183125;5
2026.08.28;12:20:00;177020;177130;177005;177080;21678;72067;5
2026.08.28;12:25:00;177080;177205;177050;177170;30586;107506;5
2026.08.28;12:30:00;177175;177185;176900;176995;39481;140178;5
2026.08.28;12:35:00;176995;177080;176710;176740;40043;147023;5
2026.08.28;12:40:00;176740;176740;176535;176635;42054;144862;5
2026.08.28;12:45:00;176640;176740;176580;176660;26440;93910;5
2026.08.28;12:50:00;176660;176835;176620;176745;32400;116356;5
2026.08.28;12:55:00;176745;176800;176650;176690;21749;78486;5
2026.08.28;13:00:00;176690;176745;176450;176495;38332;142051;5
2026.08.28;13:05:00;176495;176575;176425;176535;24889;90539;5
2026.08.28;13:10:00;176535;176570;176425;176500;21967;78903;5
2026.08.28;13:15:00;176495;176595;176460;176555;24404;83190;5
2026.08.28;13:20:00;176555;176640;176455;176585;25509;88651;5
2026.08.28;13:25:00;176585;176765;176565;176755;30130;107907;5
2026.08.28;13:30:00;176755;177120;176745;176985;57087;214294;5
2026.08.28;13:35:00;176985;177295;176970;177185;47018;174727;5
2026.08.28;13:40:00;177185;177240;176870;176935;34773;126589;5
2026.08.28;13:45:00;176930;177250;176895;177175;38626;150889;5
2026.08.28;13:50:00;177175;177270;177090;177220;22713;85846;5
2026.08.28;13:55:00;177220;177230;177095;177135;18706;71928;5
2026.08.28;14:00:00;177135;177200;177010;177125;27246;99888;5
2026.08.28;14:05:00;177125;177195;177070;177095;19275;76178;5
2026.08.28;14:10:00;177095;177240;177060;177210;17801;65199;5
2026.08.28;14:15:00;177210;177340;177145;177205;32049;118294;5
2026.08.28;14:20:00;177200;177270;177130;177180;17813;64472;5
2026.08.28;14:25:00;177180;177320;177150;177220;20580;72223;5
2026.08.28;14:30:00;177220;177255;177110;177205;21794;81351;5
2026.08.28;14:35:00;177200;177320;177160;177180;20467;74767;5
2026.08.28;14:40:00;177175;177295;177155;177220;16975;61719;5
2026.08.28;14:45:00;177220;177370;177185;177330;22648;82670;5
2026.08.28;14:50:00;177330;177365;177245;177260;15872;57134;5
2026.08.28;14:55:00;177265;177385;177225;177325;19555;70180;5
2026.08.28;15:00:00;177325;177515;177295;177415;28188;107811;5
2026.08.28;15:05:00;177415;177500;177355;177445;21315;80458;5
2026.08.28;15:10:00;177440;177475;177335;177375;19412;69749;5
2026.08.28;15:15:00;177370;177490;177365;177470;16379;57211;5
2026.08.28;15:20:00;177470;177510;177230;177315;28714;106781;5
2026.08.28;15:25:00;177320;177340;177265;177305;16602;63300;5
2026.08.28;15:30:00;177300;177450;177150;177380;36723;133447;5
2026.08.28;15:35:00;177385;177510;177380;177440;19845;70703;5
2026.08.28;15:40:00;177435;177480;177405;177465;14588;51834;5
2026.08.28;15:45:00;177465;177535;177425;177490;18940;64927;5
2026.08.28;15:50:00;177485;177650;177460;177585;27873;104025;5
2026.08.28;15:55:00;177585;177635;177550;177560;17437;61390;5
2026.08.28;16:00:00;177560;177985;177560;177875;56883;219012;5
2026.08.28;16:05:00;177875;177940;177820;177915;17533;60540;5
2026.08.28;16:10:00;177920;177985;177840;177890;20240;71959;5
2026.08.28;16:15:00;177885;177970;177865;177945;12234;44397;5
2026.08.28;16:20:00;177945;177970;177850;177935;14544;52525;5
2026.08.28;16:25:00;177935;178060;177920;177985;24692;88841;5
2026.08.28;16:30:00;177980;178245;177940;178235;36521;136161;5
2026.08.28;16:35:00;178235;178360;178140;178350;31640;118122;5
2026.08.28;16:40:00;178345;178415;178250;178300;32292;118107;5
2026.08.28;16:45:00;178300;178355;178240;178290;20335;72925;5
2026.08.28;16:50:00;178285;178305;178125;178175;25968;100852;5
2026.08.28;16:55:00;178170;178340;178155;178305;25402;97946;5
2026.08.28;17:00:00;178305;178350;178220;178270;16089;61130;5
2026.08.28;17:05:00;178270;178290;178175;178280;14921;58279;5
2026.08.28;17:10:00;178280;178290;178200;178235;9594;33842;5
2026.08.28;17:15:00;178240;178300;178220;178260;6495;24214;5
2026.08.28;17:20:00;178265;178300;178235;178245;6650;25170;5
2026.08.28;17:25:00;178250;178285;178215;178260;5103;17773;5
2026.08.28;17:30:00;178260;178300;178240;178285;5542;21292;5
2026.08.28;17:35:00;178285;178400;178065;178110;21367;84737;5
2026.08.28;17:40:00;178105;178145;177615;177870;29992;108766;5
2026.08.28;17:45:00;177865;177935;177825;177850;10935;33687;5
2026.08.28;17:50:00;177855;177870;177755;177805;13628;39201;5
2026.08.28;17:55:00;177800;177855;177765;177785;8512;22924;5
2026.08.28;18:00:00;177785;177845;177740;177765;9660;21093;5
2026.08.28;18:05:00;177770;177870;177625;177840;17084;48795;5
2026.08.28;18:10:00;177840;177875;177670;177710;8946;27513;5
2026.08.28;18:15:00;177710;177795;177680;177740;5509;17278;5
2026.08.28;18:20:00;177740;177815;177640;177640;3199;27402;5
2026.08.31;09:00:00;178625;180240;178610;180170;169920;452695;5
2026.08.31;09:05:00;180170;180530;179925;180285;161036;393766;5
2026.08.31;09:10:00;180290;180630;180115;180125;110506;296811;5
2026.08.31;09:15:00;180120;180155;179415;179560;149651;434040;5
2026.08.31;09:20:00;179560;179795;179435;179790;84353;234642;5
2026.08.31;09:25:00;179790;180010;179715;179835;85039;233567;5
2026.08.31;09:30:00;179835;179970;179610;179800;78059;220444;5
2026.08.31;09:35:00;179795;179875;179585;179690;64670;185459;5
2026.08.31;09:40:00;179680;179740;179505;179700;43001;126450;5
2026.08.31;09:45:00;179700;180060;179685;179925;66788;194452;5
2026.08.31;09:50:00;179925;179975;179735;179865;64169;188710;5
2026.08.31;09:55:00;179865;179950;179710;179850;52508;154771;5
2026.08.31;10:00:00;179850;180250;179535;180190;152470;451603;5
2026.08.31;10:05:00;180185;180855;180170;180785;143737;426141;5
2026.08.31;10:10:00;180785;181190;180780;181055;113449;337608;5
2026.08.31;10:15:00;181065;181095;180405;180650;122039;377688;5
2026.08.31;10:20:00;180645;180840;180445;180725;87849;260393;5
2026.08.31;10:25:00;180730;181050;180630;180975;83336;252992;5
2026.08.31;10:30:00;180975;181230;180665;180985;145748;457911;5
2026.08.31;10:35:00;180985;181200;180705;181110;97637;318344;5
2026.08.31;10:40:00;181110;181185;180770;180785;84018;281575;5
2026.08.31;10:45:00;180780;180895;180480;180570;98405;324163;5
2026.08.31;10:50:00;180570;180580;180105;180230;95984;315230;5
2026.08.31;10:55:00;180235;180355;180055;180155;67355;212749;5
2026.08.31;11:00:00;180160;180275;179935;180100;75946;249989;5
2026.08.31;11:05:00;180100;180275;180015;180080;54883;184694;5
2026.08.31;11:10:00;180080;180090;179775;179905;65946;227457;5
2026.08.31;11:15:00;179900;179910;179605;179830;60178;201463;5
2026.08.31;11:20:00;179830;179940;179735;179900;41175;146929;5
2026.08.31;11:25:00;179900;179930;179600;179740;52287;178516;5
2026.08.31;11:30:00;179735;179760;179405;179705;69975;242672;5
2026.08.31;11:35:00;179710;179790;179600;179665;44652;148336;5
2026.08.31;11:40:00;179660;179820;179565;179800;52590;180065;5
2026.08.31;11:45:00;179800;179860;179610;179685;43152;142038;5
2026.08.31;11:50:00;179685;179735;179405;179415;40438;134936;5
2026.08.31;11:55:00;179410;179855;179405;179730;58770;214594;5
2026.08.31;12:00:00;179730;179885;179490;179590;52745;181247;5
2026.08.31;12:05:00;179595;179685;179530;179650;29176;102667;5
2026.08.31;12:10:00;179650;179835;179520;179780;32274;111712;5
2026.08.31;12:15:00;179780;180045;179760;179820;52987;200178;5
2026.08.31;12:20:00;179820;179935;179715;179800;32080;107656;5
2026.08.31;12:25:00;179800;180085;179775;180070;39665;127492;5
2026.08.31;12:30:00;180070;180140;179990;180095;38834;126376;5
2026.08.31;12:35:00;180100;180155;180005;180030;27434;89712;5
2026.08.31;12:40:00;180025;180195;180015;180130;29555;94981;5
2026.08.31;12:45:00;180130;180200;180025;180035;23896;75646;5
2026.08.31;12:50:00;180040;180110;180015;180045;18438;59669;5
2026.08.31;12:55:00;180045;180070;179840;179950;36768;121275;5
2026.08.31;13:00:00;179950;180180;179885;180045;43072;142329;5
2026.08.31;13:05:00;180045;180125;180020;180030;19804;64102;5
2026.08.31;13:10:00;180030;180150;180015;180130;17965;61548;5
2026.08.31;13:15:00;180130;180190;180090;180160;17692;56672;5
2026.08.31;13:20:00;180165;180230;180020;180035;30436;100699;5
2026.08.31;13:25:00;180035;180095;179960;180090;28468;99480;5
2026.08.31;13:30:00;180095;180255;180080;180170;36421;121202;5
2026.08.31;13:35:00;180175;180215;180010;180035;24195;84001;5
2026.08.31;13:40:00;180035;180160;179975;180150;25361;89618;5
2026.08.31;13:45:00;180150;180300;180100;180235;27256;94025;5
2026.08.31;13:50:00;180235;180380;180225;180285;29638;100031;5
2026.08.31;13:55:00;180280;180340;180260;180325;15711;55871;5
2026.08.31;14:00:00;180320;180420;180200;180270;32310;108937;5
2026.08.31;14:05:00;180270;180310;180035;180200;41809;148346;5
2026.08.31;14:10:00;180200;180210;180065;180090;20462;70490;5
2026.08.31;14:15:00;180090;180095;179935;180030;31889;110065;5
2026.08.31;14:20:00;180030;180045;179935;179975;19665;67639;5
2026.08.31;14:25:00;179980;179995;179845;179870;25790;88130;5
2026.08.31;14:30:00;179870;179970;179720;179950;50357;176382;5
2026.08.31;14:35:00;179950;180130;179950;180115;38813;140809;5
2026.08.31;14:40:00;180110;180230;179995;180215;37529;145560;5
2026.08.31;14:45:00;180215;180330;180145;180250;35190;131231;5
2026.08.31;14:50:00;180250;180355;180245;180270;26749;94154;5
2026.08.31;14:55:00;180265;180370;180190;180270;36461;124142;5
2026.08.31;15:00:00;180275;180400;180200;180265;37621;129983;5
2026.08.31;15:05:00;180260;180265;180055;180155;36886;126049;5
2026.08.31;15:10:00;180150;180200;180090;180160;20498;71228;5
2026.08.31;15:15:00;180155;180220;180010;180065;27477;89298;5
2026.08.31;15:20:00;180070;180080;180005;180005;14401;49045;5
2026.08.31;15:25:00;180010;180035;179910;179955;24482;84350;5
2026.08.31;15:30:00;179955;180095;179955;180080;22042;71419;5
2026.08.31;15:35:00;180080;180130;180010;180025;21558;74521;5
2026.08.31;15:40:00;180025;180185;180015;180125;27067;95524;5
2026.08.31;15:45:00;180125;180135;180020;180095;19556;68356;5
2026.08.31;15:50:00;180090;180205;180090;180135;19752;69851;5
2026.08.31;15:55:00;180135;180185;180065;180090;19827;71274;5
2026.08.31;16:00:00;180095;180165;180050;180080;18690;71054;5
2026.08.31;16:05:00;180085;180305;180080;180205;34451;120371;5
2026.08.31;16:10:00;180205;180255;180180;180220;13968;49621;5
2026.08.31;16:15:00;180225;180325;180220;180260;16558;56014;5
2026.08.31;16:20:00;180255;180445;180255;180430;24901;84067;5
2026.08.31;16:25:00;180430;180510;180395;180475;29093;98709;5
2026.08.31;16:30:00;180480;180545;180400;180450;25209;84496;5
2026.08.31;16:35:00;180450;180450;180240;180245;29277;105247;5
2026.08.31;16:40:00;180245;180285;180060;180080;33141;116211;5
2026.08.31;16:45:00;180080;180125;180020;180105;22168;75812;5
2026.08.31;16:50:00;180100;180330;180100;180195;40156;141334;5
2026.08.31;16:55:00;180200;180290;180170;180265;22702;82567;5
2026.08.31;17:00:00;180270;180380;180040;180085;36664;133345;5
2026.08.31;17:05:00;180085;180125;180005;180115;23496;78434;5
2026.08.31;17:10:00;180110;180115;180000;180075;15748;51259;5
2026.08.31;17:15:00;180070;180095;180015;180030;9484;31157;5
2026.08.31;17:20:00;180025;180120;180015;180050;10368;34497;5
2026.08.31;17:25:00;180055;180075;180020;180020;4660;16086;5
2026.08.31;17:30:00;180025;180055;179940;180020;13761;43843;5
2026.08.31;17:35:00;180015;180095;180005;180070;9033;29196;5
2026.08.31;17:40:00;180070;180075;179980;180000;9104;27363;5
2026.08.31;17:45:00;180005;180055;179970;180010;8335;24151;5
2026.08.31;17:50:00;180010;180020;179970;180005;5751;16217;5
2026.08.31;17:55:00;180000;180015;179955;179985;6869;20171;5
2026.08.31;18:00:00;179985;180140;179975;180100;12276;31625;5
2026.08.31;18:05:00;180100;180255;180100;180190;14792;40124;5
2026.08.31;18:10:00;180190;180225;180135;180185;11290;25321;5
2026.08.31;18:15:00;180185;180275;180075;180105;12806;32454;5
2026.08.31;18:20:00;180110;180140;180045;180075;6012;30476;5
2026.09.01;09:00:00;179390;180145;179000;179975;143787;393468;5
2026.09.01;09:05:00;179975;180485;179920;180235;172001;445125;5
2026.09.01;09:10:00;180235;180365;179830;180330;128104;349433;5
2026.09.01;09:15:00;180335;180715;180265;180415;115996;331577;5
2026.09.01;09:20:00;180415;180445;180100;180395;107145;291403;5
2026.09.01;09:25:00;180400;180535;180235;180480;70602;200825;5
2026.09.01;09:30:00;180475;180490;180120;180300;80203;224866;5
2026.09.01;09:35:00;180300;180415;180240;180275;46982;138601;5
2026.09.01;09:40:00;180270;180590;180155;180565;78269;232297;5
2026.09.01;09:45:00;180565;180935;180545;180700;93690;287651;5
2026.09.01;09:50:00;180695;181185;180635;181145;102386;312919;5
2026.09.01;09:55:00;181140;181290;181035;181200;75200;225300;5
2026.09.01;10:00:00;181195;181555;180945;181005;156705;466138;5
2026.09.01;10:05:00;181000;181235;180665;180820;127173;376440;5
2026.09.01;10:10:00;180820;181000;180465;180540;117558;362149;5
2026.09.01;10:15:00;180545;180740;180190;180220;117201;418340;5
2026.09.01;10:20:00;180220;180220;179720;179955;123549;418822;5
2026.09.01;10:25:00;179955;180340;179915;180270;77213;249762;5
2026.09.01;10:30:00;180270;181280;180215;181175;157145;522933;5
2026.09.01;10:35:00;181170;181650;181155;181615;116382;391538;5
2026.09.01;10:40:00;181615;181720;181195;181265;105389;338424;5
2026.09.01;10:45:00;181265;181490;181045;181275;95928;308528;5
2026.09.01;10:50:00;181275;181970;181265;181810;135455;449887;5
2026.09.01;10:55:00;181810;182385;181780;182365;94760;318417;5
2026.09.01;11:00:00;182370;182985;182145;182905;128585;436253;5
2026.09.01;11:05:00;182910;183225;182880;183085;94254;327511;5
2026.09.01;11:10:00;183090;183345;182985;183215;89543;297129;5
2026.09.01;11:15:00;183215;183250;182860;182990;88360;280515;5
2026.09.01;11:20:00;182995;183480;182860;183395;84922;291569;5
2026.09.01;11:25:00;183395;183575;183355;183450;59024;208873;5
2026.09.01;11:30:00;183445;183480;183190;183415;64061;210598;5
2026.09.01;11:35:00;183410;183670;183390;183505;59113;213684;5
2026.09.01;11:40:00;183505;183560;183345;183385;47856;168963;5
2026.09.01;11:45:00;183380;183535;183250;183260;58165;201186;5
2026.09.01;11:50:00;183260;183460;183255;183345;45639;157982;5
2026.09.01;11:55:00;183350;183545;183225;183490;44128;156214;5
2026.09.01;12:00:00;183495;183595;183070;183125;69778;251833;5
2026.09.01;12:05:00;183120;183180;182965;183020;42984;159841;5
2026.09.01;12:10:00;183015;183125;182955;183075;30765;108817;5
2026.09.01;12:15:00;183070;183260;182940;183160;42477;147878;5
2026.09.01;12:20:00;183160;183165;182940;182950;29837;97213;5
2026.09.01;12:25:00;182950;182965;182635;182750;55198;187872;5
2026.09.01;12:30:00;182750;182820;182660;182705;31988;107550;5
2026.09.01;12:35:00;182705;182720;182465;182540;43467;159126;5
2026.09.01;12:40:00;182540;182795;182540;182790;43646;153357;5
2026.09.01;12:45:00;182785;182965;182750;182880;41040;145057;5
2026.09.01;12:50:00;182880;182915;182730;182750;25137;85329;5
2026.09.01;12:55:00;182750;182940;182705;182890;33104;119701;5
2026.09.01;13:00:00;182895;183135;182875;183075;40411;143271;5
2026.09.01;13:05:00;183080;183395;183065;183300;44525;153638;5
2026.09.01;13:10:00;183300;183475;183255;183365;36372;135792;5
2026.09.01;13:15:00;183365;183440;183030;183055;48957;174456;5
2026.09.01;13:20:00;183050;183065;182855;182975;45941;165645;5
2026.09.01;13:25:00;182975;183150;182925;183015;40258;145162;5
2026.09.01;13:30:00;183015;183035;182855;182885;33687;117042;5
2026.09.01;13:35:00;182890;183145;182780;183105;49807;181308;5
2026.09.01;13:40:00;183105;183140;182855;183030;46549;171320;5
2026.09.01;13:45:00;183040;183235;182960;183120;36503;127008;5
2026.09.01;13:50:00;183120;183205;183035;183095;25975;91104;5
2026.09.01;13:55:00;183095;183150;183050;183055;15264;52086;5
2026.09.01;14:00:00;183060;183220;183025;183090;27420;98552;5
2026.09.01;14:05:00;183090;183185;182965;183080;35667;123145;5
2026.09.01;14:10:00;183080;183275;183065;183250;26414;95608;5
2026.09.01;14:15:00;183250;183390;183210;183215;39383;150654;5
2026.09.01;14:20:00;183220;183220;183050;183140;33913;116121;5
2026.09.01;14:25:00;183140;183250;183055;183210;30209;110462;5
2026.09.01;14:30:00;183215;183440;183205;183395;40141;160054;5
2026.09.01;14:35:00;183395;183545;183325;183430;49146;186327;5
2026.09.01;14:40:00;183425;183470;183365;183375;18929;71590;5
2026.09.01;14:45:00;183370;183465;183305;183310;25382;92001;5
2026.09.01;14:50:00;183310;183325;183170;183265;28825;110759;5
2026.09.01;14:55:00;183270;183345;183185;183235;23524;86705;5
2026.09.01;15:00:00;183230;183350;183215;183250;30939;110176;5
2026.09.01;15:05:00;183245;183320;183155;183205;29790;105206;5
2026.09.01;15:10:00;183205;183285;183165;183185;16007;57045;5
2026.09.01;15:15:00;183190;183335;183175;183295;20513;70933;5
2026.09.01;15:20:00;183290;183295;183080;183085;29496;102417;5
2026.09.01;15:25:00;183085;183160;182970;183030;34879;131063;5
2026.09.01;15:30:00;183035;183090;182960;182995;29618;110993;5
2026.09.01;15:35:00;182995;183070;182870;182870;33911;121820;5
2026.09.01;15:40:00;182875;183000;182865;182990;23223;81409;5
2026.09.01;15:45:00;182995;183025;182745;182785;39508;144315;5
2026.09.01;15:50:00;182785;182855;182725;182770;27226;97579;5
2026.09.01;15:55:00;182765;182925;182725;182890;25346;96712;5
2026.09.01;16:00:00;182885;183100;182885;183060;37244;137477;5
2026.09.01;16:05:00;183065;183145;182865;182905;33502;127238;5
2026.09.01;16:10:00;182910;182965;182855;182905;20634;71522;5
2026.09.01;16:15:00;182900;182925;182735;182735;26417;89886;5
2026.09.01;16:20:00;182740;182765;182615;182635;36655;133320;5
2026.09.01;16:25:00;182635;182735;182575;182610;24507;88968;5
2026.09.01;16:30:00;182615;182630;182135;182200;52459;197807;5
2026.09.01;16:35:00;182200;182350;182110;182185;37289;136992;5
2026.09.01;16:40:00;182185;182350;182175;182275;23312;83528;5
2026.09.01;16:45:00;182275;182380;182230;182320;25739;89323;5
2026.09.01;16:50:00;182320;182380;182275;182355;19073;65368;5
2026.09.01;16:55:00;182360;182455;182320;182385;25806;91345;5
2026.09.01;17:00:00;182380;182400;182200;182225;22385;74297;5
2026.09.01;17:05:00;182230;182300;182140;182165;21996;79539;5
2026.09.01;17:10:00;182165;182320;182125;182295;19109;69748;5
2026.09.01;17:15:00;182295;182430;182290;182405;16196;59962;5
2026.09.01;17:20:00;182400;182580;182395;182535;18151;67013;5
2026.09.01;17:25:00;182540;182615;182500;182535;13994;51087;5
2026.09.01;17:30:00;182530;182535;182430;182490;12701;43561;5
2026.09.01;17:35:00;182485;182560;182230;182255;19806;68084;5
2026.09.01;17:40:00;182260;182320;182130;182275;21785;71058;5
2026.09.01;17:45:00;182270;182335;182215;182320;11175;32667;5
2026.09.01;17:50:00;182315;182330;182270;182295;4954;13233;5
2026.09.01;17:55:00;182295;182315;182175;182200;10763;29290;5
2026.09.01;18:00:00;182195;182370;182175;182350;13110;29874;5
2026.09.01;18:05:00;182345;182365;182255;182290;10844;27381;5
2026.09.01;18:10:00;182290;182350;182200;182320;11015;27341;5
2026.09.01;18:15:00;182320;182375;182220;182315;9643;27568;5
2026.09.01;18:20:00;182315;182390;182260;182390;5200;33476;5
2026.09.02;09:00:00;182050;183235;181970;182970;143466;403359;5
2026.09.02;09:05:00;182970;183285;182670;182790;176477;456914;5
2026.09.02;09:10:00;182790;182970;182620;182710;106251;274206;5
2026.09.02;09:15:00;182710;182865;182535;182790;84232;222855;5
2026.09.02;09:20:00;182790;183110;182750;182965;100441;265088;5
2026.09.02;09:25:00;182965;183045;182725;182870;64010;184015;5
2026.09.02;09:30:00;182875;183410;182850;183175;109761;329124;5
2026.09.02;09:35:00;183175;183275;183040;183090;60951;183321;5
2026.09.02;09:40:00;183090;183105;182780;182835;75587;219899;5
2026.09.02;09:45:00;182835;183310;182750;183200;88401;258816;5
2026.09.02;09:50:00;183200;183280;183085;183125;52065;166675;5
2026.09.02;09:55:00;183125;183170;183005;183015;37263;114076;5
2026.09.02;10:00:00;183015;183630;183015;183410;160763;477953;5
2026.09.02;10:05:00;183410;183585;183120;183135;110137;336296;5
2026.09.02;10:10:00;183130;183240;182750;182760;122117;377962;5
2026.09.02;10:15:00;182765;183325;182665;183030;152939;504874;5
2026.09.02;10:20:00;183025;183770;182780;183750;154522;516915;5
2026.09.02;10:25:00;183750;184710;183745;184565;181250;608072;5
2026.09.02;10:30:00;184560;185140;184325;184960;200187;688105;5
2026.09.02;10:35:00;184960;185275;184735;185125;153943;520747;5
2026.09.02;10:40:00;185120;185730;185005;185680;117977;391706;5
2026.09.02;10:45:00;185675;185720;185370;185465;91485;299877;5
2026.09.02;10:50:00;185465;186110;185410;185740;127972;435985;5
2026.09.02;10:55:00;185740;186540;185640;186355;115079;374307;5
2026.09.02;11:00:00;186355;186795;186225;186710;109764;344363;5
2026.09.02;11:05:00;186715;186850;186500;186600;79760;266768;5
2026.09.02;11:10:00;186595;187035;186535;187025;77214;265889;5
2026.09.02;11:15:00;187020;187455;187015;187185;116122;432217;5
2026.09.02;11:20:00;187185;187585;187125;187550;88341;300107;5
2026.09.02;11:25:00;187550;187680;187365;187530;81918;290344;5
2026.09.02;11:30:00;187525;187730;187455;187635;72817;250680;5
2026.09.02;11:35:00;187635;187945;187565;187815;72428;263926;5
2026.09.02;11:40:00;187815;187865;187470;187585;71031;249046;5
2026.09.02;11:45:00;187590;187825;187490;187775;54791;194197;5
2026.09.02;11:50:00;187770;187795;187315;187625;72608;261649;5
2026.09.02;11:55:00;187620;187625;187320;187575;56668;216231;5
2026.09.02;12:00:00;187575;188930;187475;188315;144345;516977;5
2026.09.02;12:05:00;188320;188690;188250;188440;67097;215161;5
2026.09.02;12:10:00;188445;188645;188290;188485;53614;183174;5
2026.09.02;12:15:00;188490;188585;187840;187875;63319;224077;5
2026.09.02;12:20:00;187875;187920;187720;187850;37215;128081;5
2026.09.02;12:25:00;187850;188135;187815;188050;44026;150564;5
2026.09.02;12:30:00;188050;188235;187955;188085;39014;131606;5
2026.09.02;12:35:00;188080;188275;188075;188180;28630;97277;5
2026.09.02;12:40:00;188175;188350;188060;188060;36414;121757;5
2026.09.02;12:45:00;188060;188210;187945;188020;46719;166782;5
2026.09.02;12:50:00;188020;188045;187705;187720;41586;154481;5
2026.09.02;12:55:00;187720;187765;187510;187530;40974;153496;5
2026.09.02;13:00:00;187530;187560;187185;187240;47014;165641;5
2026.09.02;13:05:00;187235;187245;186980;187115;51446;185823;5
2026.09.02;13:10:00;187120;187150;186935;187020;34251;123200;5
2026.09.02;13:15:00;187020;187320;186805;187145;64059;226345;5
2026.09.02;13:20:00;187145;187390;187130;187230;34587;117855;5
2026.09.02;13:25:00;187235;187335;187145;187155;28557;99280;5
2026.09.02;13:30:00;187150;187450;187140;187410;39850;137732;5
2026.09.02;13:35:00;187410;187585;187375;187495;32838;115541;5
2026.09.02;13:40:00;187490;187540;187375;187485;27494;93688;5
2026.09.02;13:45:00;187485;187665;187320;187395;48251;172048;5
2026.09.02;13:50:00;187395;187560;187370;187510;27544;98509;5
2026.09.02;13:55:00;187515;187580;187455;187470;17016;56435;5
2026.09.02;14:00:00;187470;187630;187350;187460;41366;159812;5
2026.09.02;14:05:00;187460;187505;187230;187255;31533;103091;5
2026.09.02;14:10:00;187250;187265;187085;187100;31029;108883;5
2026.09.02;14:15:00;187100;187105;186865;186890;36103;153828;5
2026.09.02;14:20:00;186885;187260;186845;187140;43039;161039;5
2026.09.02;14:25:00;187135;187285;187120;187230;25182;87931;5
2026.09.02;14:30:00;187225;187265;187170;187235;18329;66369;5
2026.09.02;14:35:00;187235;187375;187180;187205;27537;98244;5
2026.09.02;14:40:00;187210;187340;187140;187255;34856;126336;5
2026.09.02;14:45:00;187255;187335;187120;187145;29157;115016;5
2026.09.02;14:50:00;187145;187250;187000;187200;36811;134823;5
2026.09.02;14:55:00;187205;187465;187175;187355;39217;152009;5
2026.09.02;15:00:00;187350;187600;187305;187530;36774;131476;5
2026.09.02;15:05:00;187530;187630;187425;187430;30782;106333;5
2026.09.02;15:10:00;187430;187540;187410;187455;20402;84725;5
2026.09.02;15:15:00;187455;187880;187430;187640;63730;245685;5
2026.09.02;15:20:00;187640;187800;187360;187395;42457;156333;5
2026.09.02;15:25:00;187400;187595;187370;187520;30389;115578;5
2026.09.02;15:30:00;187515;187765;187505;187610;38549;145374;5
2026.09.02;15:35:00;187615;187665;187490;187570;28347;103408;5
2026.09.02;15:40:00;187570;187705;187490;187500;29162;100101;5
2026.09.02;15:45:00;187505;187650;187495;187585;20327;73348;5
2026.09.02;15:50:00;187585;187700;187565;187610;17853;62630;5
2026.09.02;15:55:00;187615;187705;187605;187685;12369;43172;5
2026.09.02;16:00:00;187685;187745;187580;187675;25902;90171;5
2026.09.02;16:05:00;187675;187795;187665;187725;22115;77651;5
2026.09.02;16:10:00;187725;187945;187720;187905;34185;142202;5
2026.09.02;16:15:00;187905;187980;187890;187955;21215;83181;5
2026.09.02;16:20:00;187950;187965;187680;187760;35668;143967;5
2026.09.02;16:25:00;187760;187805;187625;187800;25931;89396;5
2026.09.02;16:30:00;187800;187830;187695;187785;22815;78129;5
2026.09.02;16:35:00;187790;187885;187735;187765;23462;83664;5
2026.09.02;16:40:00;187760;187835;187680;187760;19800;91568;5
2026.09.02;16:45:00;187760;187810;187650;187740;20212;75987;5
2026.09.02;16:50:00;187735;187765;187575;187740;30458;109263;5
2026.09.02;16:55:00;187740;187870;187705;187795;34849;129608;5
2026.09.02;17:00:00;187800;187850;187725;187790;20240;74985;5
2026.09.02;17:05:00;187785;188150;187770;187945;36901;144010;5
2026.09.02;17:10:00;187945;188095;187945;188060;19448;74301;5
2026.09.02;17:15:00;188060;188065;187835;187920;23006;85445;5
2026.09.02;17:20:00;187920;187980;187865;187970;12895;47146;5
2026.09.02;17:25:00;187965;188065;187890;187935;16074;59369;5
2026.09.02;17:30:00;187930;188000;187890;187905;10683;40013;5
2026.09.02;17:35:00;187905;187990;187900;187960;9255;31467;5
2026.09.02;17:40:00;187955;188030;187890;187910;11217;42804;5
2026.09.02;17:45:00;187910;187980;187900;187950;8020;27516;5
2026.09.02;17:50:00;187945;187980;187900;187960;5923;19740;5
2026.09.02;17:55:00;187955;187980;187915;187940;5546;19587;5
2026.09.02;18:00:00;187935;188045;187925;187980;8762;24306;5
2026.09.02;18:05:00;187980;187985;187860;187925;10240;29310;5
2026.09.02;18:10:00;187925;187955;187895;187945;8198;20278;5
2026.09.02;18:15:00;187950;188035;187820;187870;16697;44706;5
2026.09.02;18:20:00;187865;187950;187855;187900;6616;32831;5
2026.09.03;09:00:00;189480;190360;189420;189765;147118;425691;5
2026.09.03;09:05:00;189770;190115;189470;189995;160516;413886;5
2026.09.03;09:10:00;189995;190020;189320;189515;141638;383756;5
2026.09.03;09:15:00;189520;189975;189505;189785;114774;309607;5
2026.09.03;09:20:00;189790;190035;189680;189990;86348;243338;5
2026.09.03;09:25:00;189990;190300;189880;190280;94753;271504;5
2026.09.03;09:30:00;190275;190585;190085;190240;161267;451550;5
2026.09.03;09:35:00;190240;190735;190140;190590;103530;302040;5
2026.09.03;09:40:00;190590;190605;190200;190255;77552;232416;5
2026.09.03;09:45:00;190260;190445;190150;190255;72240;219123;5
2026.09.03;09:50:00;190255;190415;190115;190310;67001;205493;5
2026.09.03;09:55:00;190305;190840;190260;190565;100045;296110;5
2026.09.03;10:00:00;190560;191175;190480;190785;163543;492609;5
2026.09.03;10:05:00;190785;190880;190200;190415;147855;443891;5
2026.09.03;10:10:00;190420;190555;190060;190410;127577;380018;5
2026.09.03;10:15:00;190405;190520;190015;190380;126519;382855;5
2026.09.03;10:20:00;190385;191220;190335;191165;142418;438857;5
2026.09.03;10:25:00;191165;191480;190970;191315;131917;424751;5
2026.09.03;10:30:00;191310;191410;190370;190780;186494;591567;5
2026.09.03;10:35:00;190780;191390;190605;190695;160696;497181;5
2026.09.03;10:40:00;190690;190735;190240;190580;106438;313751;5
2026.09.03;10:45:00;190585;190620;190060;190200;93715;273453;5
2026.09.03;10:50:00;190200;190640;190155;190345;100073;292376;5
2026.09.03;10:55:00;190350;190560;190225;190365;56322;168138;5
2026.09.03;11:00:00;190360;190720;190225;190390;87329;273003;5
2026.09.03;11:05:00;190385;190400;189555;189690;115532;371274;5
2026.09.03;11:10:00;189690;189755;189295;189465;88363;289637;5
2026.09.03;11:15:00;189460;189845;189360;189565;92319;294713;5
2026.09.03;11:20:00;189565;189635;189280;189310;64070;204301;5
2026.09.03;11:25:00;189315;189430;189090;189165;79375;278120;5
2026.09.03;11:30:00;189165;189235;188790;188865;86196;305117;5
2026.09.03;11:35:00;188860;189140;188820;188855;65813;214256;5
2026.09.03;11:40:00;188855;189085;188765;188915;61771;201218;5
2026.09.03;11:45:00;188915;189050;188845;188915;50733;171014;5
2026.09.03;11:50:00;188915;189180;188900;188925;58679;196082;5
2026.09.03;11:55:00;188925;188945;188575;188675;66414;224064;5
2026.09.03;12:00:00;188680;189055;188650;188745;70985;241879;5
2026.09.03;12:05:00;188740;188770;188555;188575;36634;125997;5
2026.09.03;12:10:00;188580;188635;188445;188500;45490;163225;5
2026.09.03;12:15:00;188500;188565;188360;188440;48802;171765;5
2026.09.03;12:20:00;188440;188465;188175;188180;48498;169015;5
2026.09.03;12:25:00;188180;188455;188105;188420;47794;161755;5
2026.09.03;12:30:00;188425;188620;188375;188545;58279;205736;5
2026.09.03;12:35:00;188545;188595;188340;188415;35953;126402;5
2026.09.03;12:40:00;188415;188450;188250;188305;29332;101354;5
2026.09.03;12:45:00;188305;188550;188275;188410;36165;123869;5
2026.09.03;12:50:00;188405;188470;188305;188375;22565;79111;5
2026.09.03;12:55:00;188370;188380;188155;188225;26909;89801;5
2026.09.03;13:00:00;188225;188340;188000;188110;48109;160082;5
2026.09.03;13:05:00;188110;188160;187970;188040;29849;107641;5
2026.09.03;13:10:00;188045;188065;187820;187880;42468;150344;5
2026.09.03;13:15:00;187875;187925;187775;187840;33550;113240;5
2026.09.03;13:20:00;187835;187850;187690;187725;29694;96450;5
2026.09.03;13:25:00;187720;187795;187635;187660;31569;105853;5
2026.09.03;13:30:00;187655;187680;187255;187420;61556;232667;5
2026.09.03;13:35:00;187425;187460;187335;187390;28930;103876;5
2026.09.03;13:40:00;187385;187570;187350;187505;27676;92769;5
2026.09.03;13:45:00;187505;187620;187465;187585;28749;103770;5
2026.09.03;13:50:00;187590;187620;187320;187365;37356;127523;5
2026.09.03;13:55:00;187365;187450;187270;187325;31824;114211;5
2026.09.03;14:00:00;187330;187505;187215;187385;43055;151705;5
2026.09.03;14:05:00;187385;187525;187340;187470;24508;89553;5
2026.09.03;14:10:00;187470;187560;187460;187535;26690;94452;5
2026.09.03;14:15:00;187540;187575;187435;187500;22847;83854;5
2026.09.03;14:20:00;187500;187570;187455;187465;16580;58415;5
2026.09.03;14:25:00;187465;187525;187385;187430;21602;75056;5
2026.09.03;14:30:00;187430;187525;187415;187505;18149;90910;5
2026.09.03;14:35:00;187500;187545;187415;187465;16942;56210;5
2026.09.03;14:40:00;187465;187490;187350;187480;20947;69157;5
2026.09.03;14:45:00;187480;187595;187375;187380;33459;119209;5
2026.09.03;14:50:00;187380;187430;187320;187420;23405;82775;5
2026.09.03;14:55:00;187425;187480;187330;187460;20336;74737;5
2026.09.03;15:00:00;187455;187485;187305;187365;22449;77620;5
2026.09.03;15:05:00;187365;187450;187305;187335;18625;66049;5
2026.09.03;15:10:00;187335;187555;187315;187540;27510;100156;5
2026.09.03;15:15:00;187540;187590;187480;187530;19447;72550;5
2026.09.03;15:20:00;187530;187710;187485;187550;40556;145724;5
2026.09.03;15:25:00;187550;187600;187450;187475;20820;73845;5
2026.09.03;15:30:00;187475;187495;187300;187355;34725;127627;5
2026.09.03;15:35:00;187355;187485;187300;187425;24105;89632;5
2026.09.03;15:40:00;187425;187520;187390;187490;16842;61301;5
2026.09.03;15:45:00;187490;187525;187435;187485;15551;59481;5
2026.09.03;15:50:00;187480;187575;187470;187545;19482;73916;5
2026.09.03;15:55:00;187540;187600;187365;187455;26654;94864;5
2026.09.03;16:00:00;187450;187470;187345;187400;19443;74144;5
2026.09.03;16:05:00;187400;187495;187330;187480;21863;81265;5
2026.09.03;16:10:00;187485;187565;187430;187545;18967;70089;5
2026.09.03;16:15:00;187545;187625;187520;187585;21129;75319;5
2026.09.03;16:20:00;187590;187735;187575;187630;28084;107423;5
2026.09.03;16:25:00;187635;187775;187555;187745;29605;108403;5
2026.09.03;16:30:00;187745;187925;187710;187885;35070;135656;5
2026.09.03;16:35:00;187885;187915;187725;187780;25094;96244;5
2026.09.03;16:40:00;187780;187830;187725;187785;15604;57035;5
2026.09.03;16:45:00;187785;188045;187730;188005;34196;121803;5
2026.09.03;16:50:00;188005;188040;187735;187755;32588;122720;5
2026.09.03;16:55:00;187750;187870;187670;187865;27462;107681;5
2026.09.03;17:00:00;187865;187880;187675;187705;18488;65803;5
2026.09.03;17:05:00;187710;187735;187575;187695;23245;86295;5
2026.09.03;17:10:00;187695;187765;187620;187690;15538;55959;5
2026.09.03;17:15:00;187690;187765;187670;187705;11103;42459;5
2026.09.03;17:20:00;187705;187915;187700;187890;13516;52093;5
2026.09.03;17:25:00;187890;187995;187885;187955;13374;48525;5
2026.09.03;17:30:00;187955;187995;187800;187825;17200;62791;5
2026.09.03;17:35:00;187825;187880;187790;187870;8148;29506;5
2026.09.03;17:40:00;187865;187970;187845;187955;12727;45553;5
2026.09.03;17:45:00;187955;187965;187885;187915;8139;27104;5
2026.09.03;17:50:00;187910;187940;187855;187885;7384;21789;5
2026.09.03;17:55:00;187885;187900;187715;187775;15267;46935;5
2026.09.03;18:00:00;187775;187800;187720;187740;9246;22285;5
2026.09.03;18:05:00;187740;187865;187710;187820;14102;32674;5
2026.09.03;18:10:00;187820;187880;187775;187855;11396;27427;5
2026.09.03;18:15:00;187850;187900;187790;187815;7830;20553;5
2026.09.03;18:20:00;187815;187870;187695;187695;4432;27914;5
2026.09.04;09:00:00;187870;188340;187135;188010;42509;371955;0
2026.09.04;09:05:00;188010;188125;187620;187940;39374;339436;0
2026.09.04;09:10:00;187940;187960;187400;187720;29950;265759;0
2026.09.04;09:15:00;187715;187825;187580;187735;19731;176777;0
2026.09.04;09:20:00;187730;187915;187530;187770;18147;163143;0
2026.09.04;09:25:00;187770;187820;187155;187390;23619;206299;0
